
[1;34m▶ 检查前置条件[0m

[1;34m▶ 本次发布版本：v1.0.8（内部构建号 9）[0m

[1;34m▶ 生成 Xcode 工程并做 Release 构建[0m
Command line invocation:
    /Applications/Xcode.app/Contents/Developer/usr/bin/xcodebuild -project NeatPaste.xcodeproj -scheme NeatPaste -configuration Release -destination platform=macOS -derivedDataPath build/DerivedData -allowProvisioningUpdates build

Resolve Package Graph


Resolved source packages:
  MacKit: https://github.com/x0c/mac-kit-swift @ 0.1.4
  Sparkle: https://github.com/sparkle-project/Sparkle @ 2.9.6

--- xcodebuild: WARNING: Using the first of multiple matching destinations:
{ platform:macOS, arch:arm64, id:00006000-001868123AFA401E, name:My Mac }
{ platform:macOS, arch:x86_64, id:00006000-001868123AFA401E, name:My Mac }
ComputePackagePrebuildTargetDependencyGraph

Prepare packages

CreateBuildRequest

SendProjectDescription

CreateBuildOperation

ComputeTargetDependencyGraph
note: Building targets in dependency order
note: Target dependency graph (12 targets)
    Target 'NeatPaste' in project 'NeatPaste'
        ➜ Explicit dependency on target 'Sparkle' in project 'Sparkle'
        ➜ Explicit dependency on target 'MacKitCore' in project 'MacKit'
        ➜ Explicit dependency on target 'MacKitLaunchAtLogin' in project 'MacKit'
        ➜ Explicit dependency on target 'MacKitLifecycle' in project 'MacKit'
        ➜ Explicit dependency on target 'MacKitOverlay' in project 'MacKit'
        ➜ Explicit dependency on target 'MacKitUpdater' in project 'MacKit'
    Target 'MacKitUpdater' in project 'MacKit'
        ➜ Explicit dependency on target 'MacKitUpdater' in project 'MacKit'
        ➜ Explicit dependency on target 'MacKitCore' in project 'MacKit'
        ➜ Explicit dependency on target 'Sparkle' in project 'Sparkle'
    Target 'MacKitUpdater' in project 'MacKit'
        ➜ Explicit dependency on target 'MacKitCore' in project 'MacKit'
        ➜ Explicit dependency on target 'Sparkle' in project 'Sparkle'
    Target 'MacKitOverlay' in project 'MacKit'
        ➜ Explicit dependency on target 'MacKitOverlay' in project 'MacKit'
        ➜ Explicit dependency on target 'MacKitCore' in project 'MacKit'
    Target 'MacKitOverlay' in project 'MacKit'
        ➜ Explicit dependency on target 'MacKitCore' in project 'MacKit'
    Target 'MacKitLifecycle' in project 'MacKit'
        ➜ Explicit dependency on target 'MacKitLifecycle' in project 'MacKit'
    Target 'MacKitLifecycle' in project 'MacKit' (no dependencies)
    Target 'MacKitLaunchAtLogin' in project 'MacKit'
        ➜ Explicit dependency on target 'MacKitLaunchAtLogin' in project 'MacKit'
        ➜ Explicit dependency on target 'MacKitCore' in project 'MacKit'
    Target 'MacKitLaunchAtLogin' in project 'MacKit'
        ➜ Explicit dependency on target 'MacKitCore' in project 'MacKit'
    Target 'MacKitCore' in project 'MacKit'
        ➜ Explicit dependency on target 'MacKitCore' in project 'MacKit'
    Target 'MacKitCore' in project 'MacKit' (no dependencies)
    Target 'Sparkle' in project 'Sparkle' (no dependencies)

GatherProvisioningInputs

CreateBuildDescription

ExecuteExternalTool /Applications/Xcode.app/Contents/Developer/Toolchains/XcodeDefault.xctoolchain/usr/bin/swiftc --version

ExecuteExternalTool /Applications/Xcode.app/Contents/Developer/Toolchains/XcodeDefault.xctoolchain/usr/bin/clang -v -E -dM -isysroot /Applications/Xcode.app/Contents/Developer/Platforms/MacOSX.platform/Developer/SDKs/MacOSX26.2.sdk -x c -c /dev/null

ExecuteExternalTool /Applications/Xcode.app/Contents/Developer/usr/bin/xcstringstool compile --dry-run --output-directory /Users/geraltgraham/Codes/NeatPaste/app-macos/build/DerivedData/Build/Intermediates.noindex/NeatPaste.build/Release/NeatPaste.build /Users/geraltgraham/Codes/NeatPaste/app-macos/NeatPaste/Localizable.xcstrings

ExecuteExternalTool /Applications/Xcode.app/Contents/Developer/usr/bin/actool --version --output-format xml1

ExecuteExternalTool /Applications/Xcode.app/Contents/Developer/Toolchains/XcodeDefault.xctoolchain/usr/bin/ld -version_details

Build description signature: 082a7073696b7b4c66d4cc212326e582
Build description path: /Users/geraltgraham/Codes/NeatPaste/app-macos/build/DerivedData/Build/Intermediates.noindex/XCBuildData/082a7073696b7b4c66d4cc212326e582.xcbuilddata
ClangStatCache /Applications/Xcode.app/Contents/Developer/Toolchains/XcodeDefault.xctoolchain/usr/bin/clang-stat-cache /Applications/Xcode.app/Contents/Developer/Platforms/MacOSX.platform/Developer/SDKs/MacOSX26.2.sdk /Users/geraltgraham/Codes/NeatPaste/app-macos/build/DerivedData/SDKStatCaches.noindex/macosx26.2-25C58-e8867d0c40613ffc63e0238af232dc5000fa09913b459cbbc988d1f6730289ae.sdkstatcache
    cd /Users/geraltgraham/Codes/NeatPaste/app-macos/NeatPaste.xcodeproj
    /Applications/Xcode.app/Contents/Developer/Toolchains/XcodeDefault.xctoolchain/usr/bin/clang-stat-cache /Applications/Xcode.app/Contents/Developer/Platforms/MacOSX.platform/Developer/SDKs/MacOSX26.2.sdk -o /Users/geraltgraham/Codes/NeatPaste/app-macos/build/DerivedData/SDKStatCaches.noindex/macosx26.2-25C58-e8867d0c40613ffc63e0238af232dc5000fa09913b459cbbc988d1f6730289ae.sdkstatcache

WriteAuxiliaryFile /Users/geraltgraham/Codes/NeatPaste/app-macos/build/DerivedData/Build/Intermediates.noindex/MacKit.build/Release/MacKitUpdater.build/Objects-normal/x86_64/MacKitUpdater-OutputFileMap.json (in target 'MacKitUpdater' from project 'MacKit')
    cd /Users/geraltgraham/Codes/NeatPaste/app-macos/build/DerivedData/SourcePackages/checkouts/mac-kit-swift
    write-file /Users/geraltgraham/Codes/NeatPaste/app-macos/build/DerivedData/Build/Intermediates.noindex/MacKit.build/Release/MacKitUpdater.build/Objects-normal/x86_64/MacKitUpdater-OutputFileMap.json

WriteAuxiliaryFile /Users/geraltgraham/Codes/NeatPaste/app-macos/build/DerivedData/Build/Intermediates.noindex/MacKit.build/Release/MacKitUpdater.build/Objects-normal/x86_64/MacKitUpdater.SwiftFileList (in target 'MacKitUpdater' from project 'MacKit')
    cd /Users/geraltgraham/Codes/NeatPaste/app-macos/build/DerivedData/SourcePackages/checkouts/mac-kit-swift
    write-file /Users/geraltgraham/Codes/NeatPaste/app-macos/build/DerivedData/Build/Intermediates.noindex/MacKit.build/Release/MacKitUpdater.build/Objects-normal/x86_64/MacKitUpdater.SwiftFileList

WriteAuxiliaryFile /Users/geraltgraham/Codes/NeatPaste/app-macos/build/DerivedData/Build/Intermediates.noindex/MacKit.build/Release/MacKitUpdater.build/Objects-normal/x86_64/MacKitUpdater.LinkFileList (in target 'MacKitUpdater' from project 'MacKit')
    cd /Users/geraltgraham/Codes/NeatPaste/app-macos/build/DerivedData/SourcePackages/checkouts/mac-kit-swift
    write-file /Users/geraltgraham/Codes/NeatPaste/app-macos/build/DerivedData/Build/Intermediates.noindex/MacKit.build/Release/MacKitUpdater.build/Objects-normal/x86_64/MacKitUpdater.LinkFileList

WriteAuxiliaryFile /Users/geraltgraham/Codes/NeatPaste/app-macos/build/DerivedData/Build/Intermediates.noindex/MacKit.build/Release/MacKitUpdater.build/Objects-normal/x86_64/MacKitUpdater_const_extract_protocols.json (in target 'MacKitUpdater' from project 'MacKit')
    cd /Users/geraltgraham/Codes/NeatPaste/app-macos/build/DerivedData/SourcePackages/checkouts/mac-kit-swift
    write-file /Users/geraltgraham/Codes/NeatPaste/app-macos/build/DerivedData/Build/Intermediates.noindex/MacKit.build/Release/MacKitUpdater.build/Objects-normal/x86_64/MacKitUpdater_const_extract_protocols.json

WriteAuxiliaryFile /Users/geraltgraham/Codes/NeatPaste/app-macos/build/DerivedData/Build/Intermediates.noindex/MacKit.build/Release/MacKitUpdater.build/Objects-normal/arm64/MacKitUpdater_const_extract_protocols.json (in target 'MacKitUpdater' from project 'MacKit')
    cd /Users/geraltgraham/Codes/NeatPaste/app-macos/build/DerivedData/SourcePackages/checkouts/mac-kit-swift
    write-file /Users/geraltgraham/Codes/NeatPaste/app-macos/build/DerivedData/Build/Intermediates.noindex/MacKit.build/Release/MacKitUpdater.build/Objects-normal/arm64/MacKitUpdater_const_extract_protocols.json

WriteAuxiliaryFile /Users/geraltgraham/Codes/NeatPaste/app-macos/build/DerivedData/Build/Intermediates.noindex/MacKit.build/Release/MacKitUpdater.build/Objects-normal/x86_64/MacKitUpdater.SwiftConstValuesFileList (in target 'MacKitUpdater' from project 'MacKit')
    cd /Users/geraltgraham/Codes/NeatPaste/app-macos/build/DerivedData/SourcePackages/checkouts/mac-kit-swift
    write-file /Users/geraltgraham/Codes/NeatPaste/app-macos/build/DerivedData/Build/Intermediates.noindex/MacKit.build/Release/MacKitUpdater.build/Objects-normal/x86_64/MacKitUpdater.SwiftConstValuesFileList

WriteAuxiliaryFile /Users/geraltgraham/Codes/NeatPaste/app-macos/build/DerivedData/Build/Intermediates.noindex/MacKit.build/Release/MacKitUpdater.build/Objects-normal/arm64/MacKitUpdater.SwiftFileList (in target 'MacKitUpdater' from project 'MacKit')
    cd /Users/geraltgraham/Codes/NeatPaste/app-macos/build/DerivedData/SourcePackages/checkouts/mac-kit-swift
    write-file /Users/geraltgraham/Codes/NeatPaste/app-macos/build/DerivedData/Build/Intermediates.noindex/MacKit.build/Release/MacKitUpdater.build/Objects-normal/arm64/MacKitUpdater.SwiftFileList

WriteAuxiliaryFile /Users/geraltgraham/Codes/NeatPaste/app-macos/build/DerivedData/Build/Intermediates.noindex/MacKit.build/Release/MacKitUpdater.build/Objects-normal/arm64/MacKitUpdater.SwiftConstValuesFileList (in target 'MacKitUpdater' from project 'MacKit')
    cd /Users/geraltgraham/Codes/NeatPaste/app-macos/build/DerivedData/SourcePackages/checkouts/mac-kit-swift
    write-file /Users/geraltgraham/Codes/NeatPaste/app-macos/build/DerivedData/Build/Intermediates.noindex/MacKit.build/Release/MacKitUpdater.build/Objects-normal/arm64/MacKitUpdater.SwiftConstValuesFileList

WriteAuxiliaryFile /Users/geraltgraham/Codes/NeatPaste/app-macos/build/DerivedData/Build/Intermediates.noindex/MacKit.build/Release/MacKitUpdater.build/Objects-normal/arm64/MacKitUpdater.LinkFileList (in target 'MacKitUpdater' from project 'MacKit')
    cd /Users/geraltgraham/Codes/NeatPaste/app-macos/build/DerivedData/SourcePackages/checkouts/mac-kit-swift
    write-file /Users/geraltgraham/Codes/NeatPaste/app-macos/build/DerivedData/Build/Intermediates.noindex/MacKit.build/Release/MacKitUpdater.build/Objects-normal/arm64/MacKitUpdater.LinkFileList

WriteAuxiliaryFile /Users/geraltgraham/Codes/NeatPaste/app-macos/build/DerivedData/Build/Intermediates.noindex/MacKit.build/Release/MacKitUpdater.build/Objects-normal/arm64/MacKitUpdater-OutputFileMap.json (in target 'MacKitUpdater' from project 'MacKit')
    cd /Users/geraltgraham/Codes/NeatPaste/app-macos/build/DerivedData/SourcePackages/checkouts/mac-kit-swift
    write-file /Users/geraltgraham/Codes/NeatPaste/app-macos/build/DerivedData/Build/Intermediates.noindex/MacKit.build/Release/MacKitUpdater.build/Objects-normal/arm64/MacKitUpdater-OutputFileMap.json

WriteAuxiliaryFile /Users/geraltgraham/Codes/NeatPaste/app-macos/build/DerivedData/Build/Intermediates.noindex/MacKit.build/Release/MacKitUpdater.build/MacKitUpdater.modulemap (in target 'MacKitUpdater' from project 'MacKit')
    cd /Users/geraltgraham/Codes/NeatPaste/app-macos/build/DerivedData/SourcePackages/checkouts/mac-kit-swift
    write-file /Users/geraltgraham/Codes/NeatPaste/app-macos/build/DerivedData/Build/Intermediates.noindex/MacKit.build/Release/MacKitUpdater.build/MacKitUpdater.modulemap

WriteAuxiliaryFile /Users/geraltgraham/Codes/NeatPaste/app-macos/build/DerivedData/Build/Intermediates.noindex/MacKit.build/Release/MacKitUpdater.build/MacKitUpdater.DependencyStaticMetadataFileList (in target 'MacKitUpdater' from project 'MacKit')
    cd /Users/geraltgraham/Codes/NeatPaste/app-macos/build/DerivedData/SourcePackages/checkouts/mac-kit-swift
    write-file /Users/geraltgraham/Codes/NeatPaste/app-macos/build/DerivedData/Build/Intermediates.noindex/MacKit.build/Release/MacKitUpdater.build/MacKitUpdater.DependencyStaticMetadataFileList

WriteAuxiliaryFile /Users/geraltgraham/Codes/NeatPaste/app-macos/build/DerivedData/Build/Intermediates.noindex/MacKit.build/Release/MacKitUpdater.build/MacKitUpdater.DependencyMetadataFileList (in target 'MacKitUpdater' from project 'MacKit')
    cd /Users/geraltgraham/Codes/NeatPaste/app-macos/build/DerivedData/SourcePackages/checkouts/mac-kit-swift
    write-file /Users/geraltgraham/Codes/NeatPaste/app-macos/build/DerivedData/Build/Intermediates.noindex/MacKit.build/Release/MacKitUpdater.build/MacKitUpdater.DependencyMetadataFileList

WriteAuxiliaryFile /Users/geraltgraham/Codes/NeatPaste/app-macos/build/DerivedData/Build/Intermediates.noindex/MacKit.build/Release/MacKitOverlay.build/Objects-normal/x86_64/MacKitOverlay_const_extract_protocols.json (in target 'MacKitOverlay' from project 'MacKit')
    cd /Users/geraltgraham/Codes/NeatPaste/app-macos/build/DerivedData/SourcePackages/checkouts/mac-kit-swift
    write-file /Users/geraltgraham/Codes/NeatPaste/app-macos/build/DerivedData/Build/Intermediates.noindex/MacKit.build/Release/MacKitOverlay.build/Objects-normal/x86_64/MacKitOverlay_const_extract_protocols.json

WriteAuxiliaryFile /Users/geraltgraham/Codes/NeatPaste/app-macos/build/DerivedData/Build/Intermediates.noindex/MacKit.build/Release/MacKitOverlay.build/Objects-normal/x86_64/MacKitOverlay.SwiftFileList (in target 'MacKitOverlay' from project 'MacKit')
    cd /Users/geraltgraham/Codes/NeatPaste/app-macos/build/DerivedData/SourcePackages/checkouts/mac-kit-swift
    write-file /Users/geraltgraham/Codes/NeatPaste/app-macos/build/DerivedData/Build/Intermediates.noindex/MacKit.build/Release/MacKitOverlay.build/Objects-normal/x86_64/MacKitOverlay.SwiftFileList

WriteAuxiliaryFile /Users/geraltgraham/Codes/NeatPaste/app-macos/build/DerivedData/Build/Intermediates.noindex/MacKit.build/Release/MacKitOverlay.build/Objects-normal/x86_64/MacKitOverlay.SwiftConstValuesFileList (in target 'MacKitOverlay' from project 'MacKit')
    cd /Users/geraltgraham/Codes/NeatPaste/app-macos/build/DerivedData/SourcePackages/checkouts/mac-kit-swift
    write-file /Users/geraltgraham/Codes/NeatPaste/app-macos/build/DerivedData/Build/Intermediates.noindex/MacKit.build/Release/MacKitOverlay.build/Objects-normal/x86_64/MacKitOverlay.SwiftConstValuesFileList

WriteAuxiliaryFile /Users/geraltgraham/Codes/NeatPaste/app-macos/build/DerivedData/Build/Intermediates.noindex/MacKit.build/Release/MacKitOverlay.build/Objects-normal/x86_64/MacKitOverlay.LinkFileList (in target 'MacKitOverlay' from project 'MacKit')
    cd /Users/geraltgraham/Codes/NeatPaste/app-macos/build/DerivedData/SourcePackages/checkouts/mac-kit-swift
    write-file /Users/geraltgraham/Codes/NeatPaste/app-macos/build/DerivedData/Build/Intermediates.noindex/MacKit.build/Release/MacKitOverlay.build/Objects-normal/x86_64/MacKitOverlay.LinkFileList

WriteAuxiliaryFile /Users/geraltgraham/Codes/NeatPaste/app-macos/build/DerivedData/Build/Intermediates.noindex/MacKit.build/Release/MacKitOverlay.build/Objects-normal/x86_64/MacKitOverlay-OutputFileMap.json (in target 'MacKitOverlay' from project 'MacKit')
    cd /Users/geraltgraham/Codes/NeatPaste/app-macos/build/DerivedData/SourcePackages/checkouts/mac-kit-swift
    write-file /Users/geraltgraham/Codes/NeatPaste/app-macos/build/DerivedData/Build/Intermediates.noindex/MacKit.build/Release/MacKitOverlay.build/Objects-normal/x86_64/MacKitOverlay-OutputFileMap.json

WriteAuxiliaryFile /Users/geraltgraham/Codes/NeatPaste/app-macos/build/DerivedData/Build/Intermediates.noindex/MacKit.build/Release/MacKitOverlay.build/Objects-normal/arm64/MacKitOverlay_const_extract_protocols.json (in target 'MacKitOverlay' from project 'MacKit')
    cd /Users/geraltgraham/Codes/NeatPaste/app-macos/build/DerivedData/SourcePackages/checkouts/mac-kit-swift
    write-file /Users/geraltgraham/Codes/NeatPaste/app-macos/build/DerivedData/Build/Intermediates.noindex/MacKit.build/Release/MacKitOverlay.build/Objects-normal/arm64/MacKitOverlay_const_extract_protocols.json

WriteAuxiliaryFile /Users/geraltgraham/Codes/NeatPaste/app-macos/build/DerivedData/Build/Intermediates.noindex/MacKit.build/Release/MacKitOverlay.build/Objects-normal/arm64/MacKitOverlay.SwiftFileList (in target 'MacKitOverlay' from project 'MacKit')
    cd /Users/geraltgraham/Codes/NeatPaste/app-macos/build/DerivedData/SourcePackages/checkouts/mac-kit-swift
    write-file /Users/geraltgraham/Codes/NeatPaste/app-macos/build/DerivedData/Build/Intermediates.noindex/MacKit.build/Release/MacKitOverlay.build/Objects-normal/arm64/MacKitOverlay.SwiftFileList

Copy /Users/geraltgraham/Codes/NeatPaste/app-macos/build/DerivedData/Build/Intermediates.noindex/GeneratedModuleMaps/MacKitUpdater.modulemap /Users/geraltgraham/Codes/NeatPaste/app-macos/build/DerivedData/Build/Intermediates.noindex/MacKit.build/Release/MacKitUpdater.build/MacKitUpdater.modulemap (in target 'MacKitUpdater' from project 'MacKit')
    cd /Users/geraltgraham/Codes/NeatPaste/app-macos/build/DerivedData/SourcePackages/checkouts/mac-kit-swift
    builtin-copy -exclude .DS_Store -exclude CVS -exclude .svn -exclude .git -exclude .hg -strip-unsigned-binaries -strip-deterministic -strip-tool /Applications/Xcode.app/Contents/Developer/Toolchains/XcodeDefault.xctoolchain/usr/bin/strip -resolve-src-symlinks /Users/geraltgraham/Codes/NeatPaste/app-macos/build/DerivedData/Build/Intermediates.noindex/MacKit.build/Release/MacKitUpdater.build/MacKitUpdater.modulemap /Users/geraltgraham/Codes/NeatPaste/app-macos/build/DerivedData/Build/Intermediates.noindex/GeneratedModuleMaps

WriteAuxiliaryFile /Users/geraltgraham/Codes/NeatPaste/app-macos/build/DerivedData/Build/Intermediates.noindex/MacKit.build/Release/MacKitOverlay.build/Objects-normal/arm64/MacKitOverlay.SwiftConstValuesFileList (in target 'MacKitOverlay' from project 'MacKit')
    cd /Users/geraltgraham/Codes/NeatPaste/app-macos/build/DerivedData/SourcePackages/checkouts/mac-kit-swift
    write-file /Users/geraltgraham/Codes/NeatPaste/app-macos/build/DerivedData/Build/Intermediates.noindex/MacKit.build/Release/MacKitOverlay.build/Objects-normal/arm64/MacKitOverlay.SwiftConstValuesFileList

WriteAuxiliaryFile /Users/geraltgraham/Codes/NeatPaste/app-macos/build/DerivedData/Build/Intermediates.noindex/MacKit.build/Release/MacKitOverlay.build/Objects-normal/arm64/MacKitOverlay.LinkFileList (in target 'MacKitOverlay' from project 'MacKit')
    cd /Users/geraltgraham/Codes/NeatPaste/app-macos/build/DerivedData/SourcePackages/checkouts/mac-kit-swift
    write-file /Users/geraltgraham/Codes/NeatPaste/app-macos/build/DerivedData/Build/Intermediates.noindex/MacKit.build/Release/MacKitOverlay.build/Objects-normal/arm64/MacKitOverlay.LinkFileList

WriteAuxiliaryFile /Users/geraltgraham/Codes/NeatPaste/app-macos/build/DerivedData/Build/Intermediates.noindex/MacKit.build/Release/MacKitOverlay.build/Objects-normal/arm64/MacKitOverlay-OutputFileMap.json (in target 'MacKitOverlay' from project 'MacKit')
    cd /Users/geraltgraham/Codes/NeatPaste/app-macos/build/DerivedData/SourcePackages/checkouts/mac-kit-swift
    write-file /Users/geraltgraham/Codes/NeatPaste/app-macos/build/DerivedData/Build/Intermediates.noindex/MacKit.build/Release/MacKitOverlay.build/Objects-normal/arm64/MacKitOverlay-OutputFileMap.json

WriteAuxiliaryFile /Users/geraltgraham/Codes/NeatPaste/app-macos/build/DerivedData/Build/Intermediates.noindex/MacKit.build/Release/MacKitOverlay.build/MacKitOverlay.modulemap (in target 'MacKitOverlay' from project 'MacKit')
    cd /Users/geraltgraham/Codes/NeatPaste/app-macos/build/DerivedData/SourcePackages/checkouts/mac-kit-swift
    write-file /Users/geraltgraham/Codes/NeatPaste/app-macos/build/DerivedData/Build/Intermediates.noindex/MacKit.build/Release/MacKitOverlay.build/MacKitOverlay.modulemap

WriteAuxiliaryFile /Users/geraltgraham/Codes/NeatPaste/app-macos/build/DerivedData/Build/Intermediates.noindex/MacKit.build/Release/MacKitOverlay.build/MacKitOverlay.DependencyStaticMetadataFileList (in target 'MacKitOverlay' from project 'MacKit')
    cd /Users/geraltgraham/Codes/NeatPaste/app-macos/build/DerivedData/SourcePackages/checkouts/mac-kit-swift
    write-file /Users/geraltgraham/Codes/NeatPaste/app-macos/build/DerivedData/Build/Intermediates.noindex/MacKit.build/Release/MacKitOverlay.build/MacKitOverlay.DependencyStaticMetadataFileList

WriteAuxiliaryFile /Users/geraltgraham/Codes/NeatPaste/app-macos/build/DerivedData/Build/Intermediates.noindex/MacKit.build/Release/MacKitOverlay.build/MacKitOverlay.DependencyMetadataFileList (in target 'MacKitOverlay' from project 'MacKit')
    cd /Users/geraltgraham/Codes/NeatPaste/app-macos/build/DerivedData/SourcePackages/checkouts/mac-kit-swift
    write-file /Users/geraltgraham/Codes/NeatPaste/app-macos/build/DerivedData/Build/Intermediates.noindex/MacKit.build/Release/MacKitOverlay.build/MacKitOverlay.DependencyMetadataFileList

Copy /Users/geraltgraham/Codes/NeatPaste/app-macos/build/DerivedData/Build/Intermediates.noindex/GeneratedModuleMaps/MacKitLifecycle.modulemap /Users/geraltgraham/Codes/NeatPaste/app-macos/build/DerivedData/Build/Intermediates.noindex/MacKit.build/Release/MacKitLifecycle.build/MacKitLifecycle.modulemap (in target 'MacKitLifecycle' from project 'MacKit')
    cd /Users/geraltgraham/Codes/NeatPaste/app-macos/build/DerivedData/SourcePackages/checkouts/mac-kit-swift
    builtin-copy -exclude .DS_Store -exclude CVS -exclude .svn -exclude .git -exclude .hg -strip-unsigned-binaries -strip-deterministic -strip-tool /Applications/Xcode.app/Contents/Developer/Toolchains/XcodeDefault.xctoolchain/usr/bin/strip -resolve-src-symlinks /Users/geraltgraham/Codes/NeatPaste/app-macos/build/DerivedData/Build/Intermediates.noindex/MacKit.build/Release/MacKitLifecycle.build/MacKitLifecycle.modulemap /Users/geraltgraham/Codes/NeatPaste/app-macos/build/DerivedData/Build/Intermediates.noindex/GeneratedModuleMaps

Copy /Users/geraltgraham/Codes/NeatPaste/app-macos/build/DerivedData/Build/Intermediates.noindex/GeneratedModuleMaps/MacKitLaunchAtLogin.modulemap /Users/geraltgraham/Codes/NeatPaste/app-macos/build/DerivedData/Build/Intermediates.noindex/MacKit.build/Release/MacKitLaunchAtLogin.build/MacKitLaunchAtLogin.modulemap (in target 'MacKitLaunchAtLogin' from project 'MacKit')
    cd /Users/geraltgraham/Codes/NeatPaste/app-macos/build/DerivedData/SourcePackages/checkouts/mac-kit-swift
    builtin-copy -exclude .DS_Store -exclude CVS -exclude .svn -exclude .git -exclude .hg -strip-unsigned-binaries -strip-deterministic -strip-tool /Applications/Xcode.app/Contents/Developer/Toolchains/XcodeDefault.xctoolchain/usr/bin/strip -resolve-src-symlinks /Users/geraltgraham/Codes/NeatPaste/app-macos/build/DerivedData/Build/Intermediates.noindex/MacKit.build/Release/MacKitLaunchAtLogin.build/MacKitLaunchAtLogin.modulemap /Users/geraltgraham/Codes/NeatPaste/app-macos/build/DerivedData/Build/Intermediates.noindex/GeneratedModuleMaps

Copy /Users/geraltgraham/Codes/NeatPaste/app-macos/build/DerivedData/Build/Intermediates.noindex/GeneratedModuleMaps/MacKitCore.modulemap /Users/geraltgraham/Codes/NeatPaste/app-macos/build/DerivedData/Build/Intermediates.noindex/MacKit.build/Release/MacKitCore.build/MacKitCore.modulemap (in target 'MacKitCore' from project 'MacKit')
    cd /Users/geraltgraham/Codes/NeatPaste/app-macos/build/DerivedData/SourcePackages/checkouts/mac-kit-swift
    builtin-copy -exclude .DS_Store -exclude CVS -exclude .svn -exclude .git -exclude .hg -strip-unsigned-binaries -strip-deterministic -strip-tool /Applications/Xcode.app/Contents/Developer/Toolchains/XcodeDefault.xctoolchain/usr/bin/strip -resolve-src-symlinks /Users/geraltgraham/Codes/NeatPaste/app-macos/build/DerivedData/Build/Intermediates.noindex/MacKit.build/Release/MacKitCore.build/MacKitCore.modulemap /Users/geraltgraham/Codes/NeatPaste/app-macos/build/DerivedData/Build/Intermediates.noindex/GeneratedModuleMaps

Copy /Users/geraltgraham/Codes/NeatPaste/app-macos/build/DerivedData/Build/Intermediates.noindex/GeneratedModuleMaps/MacKitOverlay.modulemap /Users/geraltgraham/Codes/NeatPaste/app-macos/build/DerivedData/Build/Intermediates.noindex/MacKit.build/Release/MacKitOverlay.build/MacKitOverlay.modulemap (in target 'MacKitOverlay' from project 'MacKit')
    cd /Users/geraltgraham/Codes/NeatPaste/app-macos/build/DerivedData/SourcePackages/checkouts/mac-kit-swift
    builtin-copy -exclude .DS_Store -exclude CVS -exclude .svn -exclude .git -exclude .hg -strip-unsigned-binaries -strip-deterministic -strip-tool /Applications/Xcode.app/Contents/Developer/Toolchains/XcodeDefault.xctoolchain/usr/bin/strip -resolve-src-symlinks /Users/geraltgraham/Codes/NeatPaste/app-macos/build/DerivedData/Build/Intermediates.noindex/MacKit.build/Release/MacKitOverlay.build/MacKitOverlay.modulemap /Users/geraltgraham/Codes/NeatPaste/app-macos/build/DerivedData/Build/Intermediates.noindex/GeneratedModuleMaps

WriteAuxiliaryFile /Users/geraltgraham/Codes/NeatPaste/app-macos/build/DerivedData/Build/Intermediates.noindex/NeatPaste.build/Release/NeatPaste.build/Objects-normal/x86_64/NeatPaste.SwiftFileList (in target 'NeatPaste' from project 'NeatPaste')
    cd /Users/geraltgraham/Codes/NeatPaste/app-macos
    write-file /Users/geraltgraham/Codes/NeatPaste/app-macos/build/DerivedData/Build/Intermediates.noindex/NeatPaste.build/Release/NeatPaste.build/Objects-normal/x86_64/NeatPaste.SwiftFileList

WriteAuxiliaryFile /Users/geraltgraham/Codes/NeatPaste/app-macos/build/DerivedData/Build/Intermediates.noindex/NeatPaste.build/Release/NeatPaste.build/Objects-normal/x86_64/NeatPaste.LinkFileList (in target 'NeatPaste' from project 'NeatPaste')
    cd /Users/geraltgraham/Codes/NeatPaste/app-macos
    write-file /Users/geraltgraham/Codes/NeatPaste/app-macos/build/DerivedData/Build/Intermediates.noindex/NeatPaste.build/Release/NeatPaste.build/Objects-normal/x86_64/NeatPaste.LinkFileList

WriteAuxiliaryFile /Users/geraltgraham/Codes/NeatPaste/app-macos/build/DerivedData/Build/Intermediates.noindex/NeatPaste.build/Release/NeatPaste.build/Objects-normal/x86_64/NeatPaste-OutputFileMap.json (in target 'NeatPaste' from project 'NeatPaste')
    cd /Users/geraltgraham/Codes/NeatPaste/app-macos
    write-file /Users/geraltgraham/Codes/NeatPaste/app-macos/build/DerivedData/Build/Intermediates.noindex/NeatPaste.build/Release/NeatPaste.build/Objects-normal/x86_64/NeatPaste-OutputFileMap.json

WriteAuxiliaryFile /Users/geraltgraham/Codes/NeatPaste/app-macos/build/DerivedData/Build/Intermediates.noindex/NeatPaste.build/Release/NeatPaste.build/Objects-normal/arm64/NeatPaste.SwiftFileList (in target 'NeatPaste' from project 'NeatPaste')
    cd /Users/geraltgraham/Codes/NeatPaste/app-macos
    write-file /Users/geraltgraham/Codes/NeatPaste/app-macos/build/DerivedData/Build/Intermediates.noindex/NeatPaste.build/Release/NeatPaste.build/Objects-normal/arm64/NeatPaste.SwiftFileList

WriteAuxiliaryFile /Users/geraltgraham/Codes/NeatPaste/app-macos/build/DerivedData/Build/Intermediates.noindex/NeatPaste.build/Release/NeatPaste.build/Objects-normal/arm64/NeatPaste.LinkFileList (in target 'NeatPaste' from project 'NeatPaste')
    cd /Users/geraltgraham/Codes/NeatPaste/app-macos
    write-file /Users/geraltgraham/Codes/NeatPaste/app-macos/build/DerivedData/Build/Intermediates.noindex/NeatPaste.build/Release/NeatPaste.build/Objects-normal/arm64/NeatPaste.LinkFileList

WriteAuxiliaryFile /Users/geraltgraham/Codes/NeatPaste/app-macos/build/DerivedData/Build/Intermediates.noindex/NeatPaste.build/Release/NeatPaste.build/Objects-normal/arm64/NeatPaste-OutputFileMap.json (in target 'NeatPaste' from project 'NeatPaste')
    cd /Users/geraltgraham/Codes/NeatPaste/app-macos
    write-file /Users/geraltgraham/Codes/NeatPaste/app-macos/build/DerivedData/Build/Intermediates.noindex/NeatPaste.build/Release/NeatPaste.build/Objects-normal/arm64/NeatPaste-OutputFileMap.json

WriteAuxiliaryFile /Users/geraltgraham/Codes/NeatPaste/app-macos/build/DerivedData/Build/Intermediates.noindex/NeatPaste.build/Release/NeatPaste.build/NeatPaste.DependencyStaticMetadataFileList (in target 'NeatPaste' from project 'NeatPaste')
    cd /Users/geraltgraham/Codes/NeatPaste/app-macos
    write-file /Users/geraltgraham/Codes/NeatPaste/app-macos/build/DerivedData/Build/Intermediates.noindex/NeatPaste.build/Release/NeatPaste.build/NeatPaste.DependencyStaticMetadataFileList

SwiftDriver MacKitLifecycle normal arm64 com.apple.xcode.tools.swift.compiler (in target 'MacKitLifecycle' from project 'MacKit')
    cd /Users/geraltgraham/Codes/NeatPaste/app-macos/NeatPaste.xcodeproj
    builtin-SwiftDriver -- /Applications/Xcode.app/Contents/Developer/Toolchains/XcodeDefault.xctoolchain/usr/bin/swiftc -module-name MacKitLifecycle -O -whole-module-optimization -enforce-exclusivity\=checked @/Users/geraltgraham/Codes/NeatPaste/app-macos/build/DerivedData/Build/Intermediates.noindex/MacKit.build/Release/MacKitLifecycle.build/Objects-normal/arm64/MacKitLifecycle.SwiftFileList -DSWIFT_PACKAGE -DSWIFT_MODULE_RESOURCE_BUNDLE_UNAVAILABLE -DXcode -plugin-path /Applications/Xcode.app/Contents/Developer/Toolchains/XcodeDefault.xctoolchain/usr/lib/swift/host/plugins/testing -enable-experimental-feature DebugDescriptionMacro -sdk /Applications/Xcode.app/Contents/Developer/Platforms/MacOSX.platform/Developer/SDKs/MacOSX26.2.sdk -target arm64-apple-macos14.0 -g -module-cache-path /Users/geraltgraham/Codes/NeatPaste/app-macos/build/DerivedData/ModuleCache.noindex -Xfrontend -serialize-debugging-options -suppress-warnings -swift-version 6 -I /Users/geraltgraham/Codes/NeatPaste/app-macos/build/DerivedData/Build/Products/Release -Isystem /Applications/Xcode.app/Contents/Developer/Platforms/MacOSX.platform/Developer/usr/lib -F /Users/geraltgraham/Codes/NeatPaste/app-macos/build/DerivedData/Build/Products/Release -F /Applications/Xcode.app/Contents/Developer/Platforms/MacOSX.platform/Developer/Library/Frameworks -c -num-threads 8 -Xcc -ivfsstatcache -Xcc /Users/geraltgraham/Codes/NeatPaste/app-macos/build/DerivedData/SDKStatCaches.noindex/macosx26.2-25C58-e8867d0c40613ffc63e0238af232dc5000fa09913b459cbbc988d1f6730289ae.sdkstatcache -output-file-map /Users/geraltgraham/Codes/NeatPaste/app-macos/build/DerivedData/Build/Intermediates.noindex/MacKit.build/Release/MacKitLifecycle.build/Objects-normal/arm64/MacKitLifecycle-OutputFileMap.json -use-frontend-parseable-output -save-temps -no-color-diagnostics -explicit-module-build -module-cache-path /Users/geraltgraham/Codes/NeatPaste/app-macos/build/DerivedData/Build/Intermediates.noindex/SwiftExplicitPrecompiledModules -clang-scanner-module-cache-path /Users/geraltgraham/Codes/NeatPaste/app-macos/build/DerivedData/ModuleCache.noindex -sdk-module-cache-path /Users/geraltgraham/Codes/NeatPaste/app-macos/build/DerivedData/ModuleCache.noindex -serialize-diagnostics -emit-dependencies -emit-module -emit-module-path /Users/geraltgraham/Codes/NeatPaste/app-macos/build/DerivedData/Build/Intermediates.noindex/MacKit.build/Release/MacKitLifecycle.build/Objects-normal/arm64/MacKitLifecycle.swiftmodule -user-module-version 0.1.4 -validate-clang-modules-once -clang-build-session-file /Users/geraltgraham/Codes/NeatPaste/app-macos/build/DerivedData/ModuleCache.noindex/Session.modulevalidation -package-name mac_kit_swift -Xcc -I/Users/geraltgraham/Codes/NeatPaste/app-macos/build/DerivedData/Build/Intermediates.noindex/MacKit.build/Release/MacKitLifecycle.build/swift-overrides.hmap -emit-const-values -Xfrontend -const-gather-protocols-file -Xfrontend /Users/geraltgraham/Codes/NeatPaste/app-macos/build/DerivedData/Build/Intermediates.noindex/MacKit.build/Release/MacKitLifecycle.build/Objects-normal/arm64/MacKitLifecycle_const_extract_protocols.json -Xcc -I/Users/geraltgraham/Codes/NeatPaste/app-macos/build/DerivedData/Build/Products/Release/include -Xcc -I/Users/geraltgraham/Codes/NeatPaste/app-macos/build/DerivedData/Build/Intermediates.noindex/MacKit.build/Release/MacKitLifecycle.build/DerivedSources-normal/arm64 -Xcc -I/Users/geraltgraham/Codes/NeatPaste/app-macos/build/DerivedData/Build/Intermediates.noindex/MacKit.build/Release/MacKitLifecycle.build/DerivedSources/arm64 -Xcc -I/Users/geraltgraham/Codes/NeatPaste/app-macos/build/DerivedData/Build/Intermediates.noindex/MacKit.build/Release/MacKitLifecycle.build/DerivedSources -Xcc -DSWIFT_PACKAGE -emit-objc-header -emit-objc-header-path /Users/geraltgraham/Codes/NeatPaste/app-macos/build/DerivedData/Build/Intermediates.noindex/MacKit.build/Release/MacKitLifecycle.build/Objects-normal/arm64/MacKitLifecycle-Swift.h -working-directory /Users/geraltgraham/Codes/NeatPaste/app-macos/NeatPaste.xcodeproj -no-emit-module-separately-wmo

SwiftDriver MacKitLifecycle normal x86_64 com.apple.xcode.tools.swift.compiler (in target 'MacKitLifecycle' from project 'MacKit')
    cd /Users/geraltgraham/Codes/NeatPaste/app-macos/NeatPaste.xcodeproj
    builtin-SwiftDriver -- /Applications/Xcode.app/Contents/Developer/Toolchains/XcodeDefault.xctoolchain/usr/bin/swiftc -module-name MacKitLifecycle -O -whole-module-optimization -enforce-exclusivity\=checked @/Users/geraltgraham/Codes/NeatPaste/app-macos/build/DerivedData/Build/Intermediates.noindex/MacKit.build/Release/MacKitLifecycle.build/Objects-normal/x86_64/MacKitLifecycle.SwiftFileList -DSWIFT_PACKAGE -DSWIFT_MODULE_RESOURCE_BUNDLE_UNAVAILABLE -DXcode -plugin-path /Applications/Xcode.app/Contents/Developer/Toolchains/XcodeDefault.xctoolchain/usr/lib/swift/host/plugins/testing -enable-experimental-feature DebugDescriptionMacro -sdk /Applications/Xcode.app/Contents/Developer/Platforms/MacOSX.platform/Developer/SDKs/MacOSX26.2.sdk -target x86_64-apple-macos14.0 -g -module-cache-path /Users/geraltgraham/Codes/NeatPaste/app-macos/build/DerivedData/ModuleCache.noindex -Xfrontend -serialize-debugging-options -suppress-warnings -swift-version 6 -I /Users/geraltgraham/Codes/NeatPaste/app-macos/build/DerivedData/Build/Products/Release -Isystem /Applications/Xcode.app/Contents/Developer/Platforms/MacOSX.platform/Developer/usr/lib -F /Users/geraltgraham/Codes/NeatPaste/app-macos/build/DerivedData/Build/Products/Release -F /Applications/Xcode.app/Contents/Developer/Platforms/MacOSX.platform/Developer/Library/Frameworks -c -num-threads 8 -Xcc -ivfsstatcache -Xcc /Users/geraltgraham/Codes/NeatPaste/app-macos/build/DerivedData/SDKStatCaches.noindex/macosx26.2-25C58-e8867d0c40613ffc63e0238af232dc5000fa09913b459cbbc988d1f6730289ae.sdkstatcache -output-file-map /Users/geraltgraham/Codes/NeatPaste/app-macos/build/DerivedData/Build/Intermediates.noindex/MacKit.build/Release/MacKitLifecycle.build/Objects-normal/x86_64/MacKitLifecycle-OutputFileMap.json -use-frontend-parseable-output -save-temps -no-color-diagnostics -explicit-module-build -module-cache-path /Users/geraltgraham/Codes/NeatPaste/app-macos/build/DerivedData/Build/Intermediates.noindex/SwiftExplicitPrecompiledModules -clang-scanner-module-cache-path /Users/geraltgraham/Codes/NeatPaste/app-macos/build/DerivedData/ModuleCache.noindex -sdk-module-cache-path /Users/geraltgraham/Codes/NeatPaste/app-macos/build/DerivedData/ModuleCache.noindex -serialize-diagnostics -emit-dependencies -emit-module -emit-module-path /Users/geraltgraham/Codes/NeatPaste/app-macos/build/DerivedData/Build/Intermediates.noindex/MacKit.build/Release/MacKitLifecycle.build/Objects-normal/x86_64/MacKitLifecycle.swiftmodule -user-module-version 0.1.4 -validate-clang-modules-once -clang-build-session-file /Users/geraltgraham/Codes/NeatPaste/app-macos/build/DerivedData/ModuleCache.noindex/Session.modulevalidation -package-name mac_kit_swift -Xcc -I/Users/geraltgraham/Codes/NeatPaste/app-macos/build/DerivedData/Build/Intermediates.noindex/MacKit.build/Release/MacKitLifecycle.build/swift-overrides.hmap -emit-const-values -Xfrontend -const-gather-protocols-file -Xfrontend /Users/geraltgraham/Codes/NeatPaste/app-macos/build/DerivedData/Build/Intermediates.noindex/MacKit.build/Release/MacKitLifecycle.build/Objects-normal/x86_64/MacKitLifecycle_const_extract_protocols.json -Xcc -I/Users/geraltgraham/Codes/NeatPaste/app-macos/build/DerivedData/Build/Products/Release/include -Xcc -I/Users/geraltgraham/Codes/NeatPaste/app-macos/build/DerivedData/Build/Intermediates.noindex/MacKit.build/Release/MacKitLifecycle.build/DerivedSources-normal/x86_64 -Xcc -I/Users/geraltgraham/Codes/NeatPaste/app-macos/build/DerivedData/Build/Intermediates.noindex/MacKit.build/Release/MacKitLifecycle.build/DerivedSources/x86_64 -Xcc -I/Users/geraltgraham/Codes/NeatPaste/app-macos/build/DerivedData/Build/Intermediates.noindex/MacKit.build/Release/MacKitLifecycle.build/DerivedSources -Xcc -DSWIFT_PACKAGE -emit-objc-header -emit-objc-header-path /Users/geraltgraham/Codes/NeatPaste/app-macos/build/DerivedData/Build/Intermediates.noindex/MacKit.build/Release/MacKitLifecycle.build/Objects-normal/x86_64/MacKitLifecycle-Swift.h -working-directory /Users/geraltgraham/Codes/NeatPaste/app-macos/NeatPaste.xcodeproj -no-emit-module-separately-wmo

SwiftDriver MacKitCore normal arm64 com.apple.xcode.tools.swift.compiler (in target 'MacKitCore' from project 'MacKit')
    cd /Users/geraltgraham/Codes/NeatPaste/app-macos/NeatPaste.xcodeproj
    builtin-SwiftDriver -- /Applications/Xcode.app/Contents/Developer/Toolchains/XcodeDefault.xctoolchain/usr/bin/swiftc -module-name MacKitCore -O -whole-module-optimization -enforce-exclusivity\=checked @/Users/geraltgraham/Codes/NeatPaste/app-macos/build/DerivedData/Build/Intermediates.noindex/MacKit.build/Release/MacKitCore.build/Objects-normal/arm64/MacKitCore.SwiftFileList -DSWIFT_PACKAGE -DSWIFT_MODULE_RESOURCE_BUNDLE_UNAVAILABLE -DXcode -plugin-path /Applications/Xcode.app/Contents/Developer/Toolchains/XcodeDefault.xctoolchain/usr/lib/swift/host/plugins/testing -enable-experimental-feature DebugDescriptionMacro -sdk /Applications/Xcode.app/Contents/Developer/Platforms/MacOSX.platform/Developer/SDKs/MacOSX26.2.sdk -target arm64-apple-macos14.0 -g -module-cache-path /Users/geraltgraham/Codes/NeatPaste/app-macos/build/DerivedData/ModuleCache.noindex -Xfrontend -serialize-debugging-options -suppress-warnings -swift-version 6 -I /Users/geraltgraham/Codes/NeatPaste/app-macos/build/DerivedData/Build/Products/Release -Isystem /Applications/Xcode.app/Contents/Developer/Platforms/MacOSX.platform/Developer/usr/lib -F /Users/geraltgraham/Codes/NeatPaste/app-macos/build/DerivedData/Build/Products/Release -F /Applications/Xcode.app/Contents/Developer/Platforms/MacOSX.platform/Developer/Library/Frameworks -c -num-threads 8 -Xcc -ivfsstatcache -Xcc /Users/geraltgraham/Codes/NeatPaste/app-macos/build/DerivedData/SDKStatCaches.noindex/macosx26.2-25C58-e8867d0c40613ffc63e0238af232dc5000fa09913b459cbbc988d1f6730289ae.sdkstatcache -output-file-map /Users/geraltgraham/Codes/NeatPaste/app-macos/build/DerivedData/Build/Intermediates.noindex/MacKit.build/Release/MacKitCore.build/Objects-normal/arm64/MacKitCore-OutputFileMap.json -use-frontend-parseable-output -save-temps -no-color-diagnostics -explicit-module-build -module-cache-path /Users/geraltgraham/Codes/NeatPaste/app-macos/build/DerivedData/Build/Intermediates.noindex/SwiftExplicitPrecompiledModules -clang-scanner-module-cache-path /Users/geraltgraham/Codes/NeatPaste/app-macos/build/DerivedData/ModuleCache.noindex -sdk-module-cache-path /Users/geraltgraham/Codes/NeatPaste/app-macos/build/DerivedData/ModuleCache.noindex -serialize-diagnostics -emit-dependencies -emit-module -emit-module-path /Users/geraltgraham/Codes/NeatPaste/app-macos/build/DerivedData/Build/Intermediates.noindex/MacKit.build/Release/MacKitCore.build/Objects-normal/arm64/MacKitCore.swiftmodule -user-module-version 0.1.4 -validate-clang-modules-once -clang-build-session-file /Users/geraltgraham/Codes/NeatPaste/app-macos/build/DerivedData/ModuleCache.noindex/Session.modulevalidation -package-name mac_kit_swift -Xcc -I/Users/geraltgraham/Codes/NeatPaste/app-macos/build/DerivedData/Build/Intermediates.noindex/MacKit.build/Release/MacKitCore.build/swift-overrides.hmap -emit-const-values -Xfrontend -const-gather-protocols-file -Xfrontend /Users/geraltgraham/Codes/NeatPaste/app-macos/build/DerivedData/Build/Intermediates.noindex/MacKit.build/Release/MacKitCore.build/Objects-normal/arm64/MacKitCore_const_extract_protocols.json -Xcc -I/Users/geraltgraham/Codes/NeatPaste/app-macos/build/DerivedData/Build/Products/Release/include -Xcc -I/Users/geraltgraham/Codes/NeatPaste/app-macos/build/DerivedData/Build/Intermediates.noindex/MacKit.build/Release/MacKitCore.build/DerivedSources-normal/arm64 -Xcc -I/Users/geraltgraham/Codes/NeatPaste/app-macos/build/DerivedData/Build/Intermediates.noindex/MacKit.build/Release/MacKitCore.build/DerivedSources/arm64 -Xcc -I/Users/geraltgraham/Codes/NeatPaste/app-macos/build/DerivedData/Build/Intermediates.noindex/MacKit.build/Release/MacKitCore.build/DerivedSources -Xcc -DSWIFT_PACKAGE -emit-objc-header -emit-objc-header-path /Users/geraltgraham/Codes/NeatPaste/app-macos/build/DerivedData/Build/Intermediates.noindex/MacKit.build/Release/MacKitCore.build/Objects-normal/arm64/MacKitCore-Swift.h -working-directory /Users/geraltgraham/Codes/NeatPaste/app-macos/NeatPaste.xcodeproj -no-emit-module-separately-wmo

SwiftDriver MacKitCore normal x86_64 com.apple.xcode.tools.swift.compiler (in target 'MacKitCore' from project 'MacKit')
    cd /Users/geraltgraham/Codes/NeatPaste/app-macos/NeatPaste.xcodeproj
    builtin-SwiftDriver -- /Applications/Xcode.app/Contents/Developer/Toolchains/XcodeDefault.xctoolchain/usr/bin/swiftc -module-name MacKitCore -O -whole-module-optimization -enforce-exclusivity\=checked @/Users/geraltgraham/Codes/NeatPaste/app-macos/build/DerivedData/Build/Intermediates.noindex/MacKit.build/Release/MacKitCore.build/Objects-normal/x86_64/MacKitCore.SwiftFileList -DSWIFT_PACKAGE -DSWIFT_MODULE_RESOURCE_BUNDLE_UNAVAILABLE -DXcode -plugin-path /Applications/Xcode.app/Contents/Developer/Toolchains/XcodeDefault.xctoolchain/usr/lib/swift/host/plugins/testing -enable-experimental-feature DebugDescriptionMacro -sdk /Applications/Xcode.app/Contents/Developer/Platforms/MacOSX.platform/Developer/SDKs/MacOSX26.2.sdk -target x86_64-apple-macos14.0 -g -module-cache-path /Users/geraltgraham/Codes/NeatPaste/app-macos/build/DerivedData/ModuleCache.noindex -Xfrontend -serialize-debugging-options -suppress-warnings -swift-version 6 -I /Users/geraltgraham/Codes/NeatPaste/app-macos/build/DerivedData/Build/Products/Release -Isystem /Applications/Xcode.app/Contents/Developer/Platforms/MacOSX.platform/Developer/usr/lib -F /Users/geraltgraham/Codes/NeatPaste/app-macos/build/DerivedData/Build/Products/Release -F /Applications/Xcode.app/Contents/Developer/Platforms/MacOSX.platform/Developer/Library/Frameworks -c -num-threads 8 -Xcc -ivfsstatcache -Xcc /Users/geraltgraham/Codes/NeatPaste/app-macos/build/DerivedData/SDKStatCaches.noindex/macosx26.2-25C58-e8867d0c40613ffc63e0238af232dc5000fa09913b459cbbc988d1f6730289ae.sdkstatcache -output-file-map /Users/geraltgraham/Codes/NeatPaste/app-macos/build/DerivedData/Build/Intermediates.noindex/MacKit.build/Release/MacKitCore.build/Objects-normal/x86_64/MacKitCore-OutputFileMap.json -use-frontend-parseable-output -save-temps -no-color-diagnostics -explicit-module-build -module-cache-path /Users/geraltgraham/Codes/NeatPaste/app-macos/build/DerivedData/Build/Intermediates.noindex/SwiftExplicitPrecompiledModules -clang-scanner-module-cache-path /Users/geraltgraham/Codes/NeatPaste/app-macos/build/DerivedData/ModuleCache.noindex -sdk-module-cache-path /Users/geraltgraham/Codes/NeatPaste/app-macos/build/DerivedData/ModuleCache.noindex -serialize-diagnostics -emit-dependencies -emit-module -emit-module-path /Users/geraltgraham/Codes/NeatPaste/app-macos/build/DerivedData/Build/Intermediates.noindex/MacKit.build/Release/MacKitCore.build/Objects-normal/x86_64/MacKitCore.swiftmodule -user-module-version 0.1.4 -validate-clang-modules-once -clang-build-session-file /Users/geraltgraham/Codes/NeatPaste/app-macos/build/DerivedData/ModuleCache.noindex/Session.modulevalidation -package-name mac_kit_swift -Xcc -I/Users/geraltgraham/Codes/NeatPaste/app-macos/build/DerivedData/Build/Intermediates.noindex/MacKit.build/Release/MacKitCore.build/swift-overrides.hmap -emit-const-values -Xfrontend -const-gather-protocols-file -Xfrontend /Users/geraltgraham/Codes/NeatPaste/app-macos/build/DerivedData/Build/Intermediates.noindex/MacKit.build/Release/MacKitCore.build/Objects-normal/x86_64/MacKitCore_const_extract_protocols.json -Xcc -I/Users/geraltgraham/Codes/NeatPaste/app-macos/build/DerivedData/Build/Products/Release/include -Xcc -I/Users/geraltgraham/Codes/NeatPaste/app-macos/build/DerivedData/Build/Intermediates.noindex/MacKit.build/Release/MacKitCore.build/DerivedSources-normal/x86_64 -Xcc -I/Users/geraltgraham/Codes/NeatPaste/app-macos/build/DerivedData/Build/Intermediates.noindex/MacKit.build/Release/MacKitCore.build/DerivedSources/x86_64 -Xcc -I/Users/geraltgraham/Codes/NeatPaste/app-macos/build/DerivedData/Build/Intermediates.noindex/MacKit.build/Release/MacKitCore.build/DerivedSources -Xcc -DSWIFT_PACKAGE -emit-objc-header -emit-objc-header-path /Users/geraltgraham/Codes/NeatPaste/app-macos/build/DerivedData/Build/Intermediates.noindex/MacKit.build/Release/MacKitCore.build/Objects-normal/x86_64/MacKitCore-Swift.h -working-directory /Users/geraltgraham/Codes/NeatPaste/app-macos/NeatPaste.xcodeproj -no-emit-module-separately-wmo

SwiftCompile normal arm64 Compiling\ ConcentricCorner.swift,\ Geometry.swift,\ LaunchAtLoginStatus.swift,\ MenuBarAnchorPolicy.swift,\ MenuBarReopenPolicy.swift,\ PanelDismissPolicy.swift,\ UpdateCheckOutcome.swift /Users/geraltgraham/Codes/NeatPaste/app-macos/build/DerivedData/SourcePackages/checkouts/mac-kit-swift/Sources/MacKitCore/ConcentricCorner.swift /Users/geraltgraham/Codes/NeatPaste/app-macos/build/DerivedData/SourcePackages/checkouts/mac-kit-swift/Sources/MacKitCore/Geometry.swift /Users/geraltgraham/Codes/NeatPaste/app-macos/build/DerivedData/SourcePackages/checkouts/mac-kit-swift/Sources/MacKitCore/LaunchAtLoginStatus.swift /Users/geraltgraham/Codes/NeatPaste/app-macos/build/DerivedData/SourcePackages/checkouts/mac-kit-swift/Sources/MacKitCore/MenuBarAnchorPolicy.swift /Users/geraltgraham/Codes/NeatPaste/app-macos/build/DerivedData/SourcePackages/checkouts/mac-kit-swift/Sources/MacKitCore/MenuBarReopenPolicy.swift /Users/geraltgraham/Codes/NeatPaste/app-macos/build/DerivedData/SourcePackages/checkouts/mac-kit-swift/Sources/MacKitCore/PanelDismissPolicy.swift /Users/geraltgraham/Codes/NeatPaste/app-macos/build/DerivedData/SourcePackages/checkouts/mac-kit-swift/Sources/MacKitCore/UpdateCheckOutcome.swift /Applications/Xcode.app/Contents/Developer/Toolchains/XcodeDefault.xctoolchain/usr/lib/swift/macosx/prebuilt-modules/26.2/Swift.swiftmodule/arm64e-apple-macos.swiftmodule /Applications/Xcode.app/Contents/Developer/Toolchains/XcodeDefault.xctoolchain/usr/lib/swift/macosx/prebuilt-modules/26.2/_Concurrency.swiftmodule/arm64e-apple-macos.swiftmodule /Applications/Xcode.app/Contents/Developer/Toolchains/XcodeDefault.xctoolchain/usr/lib/swift/macosx/prebuilt-modules/26.2/_StringProcessing.swiftmodule/arm64e-apple-macos.swiftmodule /Users/geraltgraham/Codes/NeatPaste/app-macos/build/DerivedData/ModuleCache.noindex/_SwiftConcurrencyShims-BDP01P6OKU8A8ACGO8TCC7OQ3.pcm /Users/geraltgraham/Codes/NeatPaste/app-macos/build/DerivedData/ModuleCache.noindex/SwiftShims-3GQA22IRDAI597RGCSMPKBUJY.pcm /Users/geraltgraham/Codes/NeatPaste/app-macos/build/DerivedData/Build/Intermediates.noindex/MacKit.build/Release/MacKitCore.build/Objects-normal/arm64/MacKitCore-dependencies-1.json (in target 'MacKitCore' from project 'MacKit')

CompileSwift normal arm64 (in target 'MacKitCore' from project 'MacKit')
    cd /Users/geraltgraham/Codes/NeatPaste/app-macos/NeatPaste.xcodeproj
    

SwiftDriver\ Compilation MacKitCore normal arm64 com.apple.xcode.tools.swift.compiler (in target 'MacKitCore' from project 'MacKit')
    cd /Users/geraltgraham/Codes/NeatPaste/app-macos/NeatPaste.xcodeproj
    builtin-Swift-Compilation -- /Applications/Xcode.app/Contents/Developer/Toolchains/XcodeDefault.xctoolchain/usr/bin/swiftc -module-name MacKitCore -O -whole-module-optimization -enforce-exclusivity\=checked @/Users/geraltgraham/Codes/NeatPaste/app-macos/build/DerivedData/Build/Intermediates.noindex/MacKit.build/Release/MacKitCore.build/Objects-normal/arm64/MacKitCore.SwiftFileList -DSWIFT_PACKAGE -DSWIFT_MODULE_RESOURCE_BUNDLE_UNAVAILABLE -DXcode -plugin-path /Applications/Xcode.app/Contents/Developer/Toolchains/XcodeDefault.xctoolchain/usr/lib/swift/host/plugins/testing -enable-experimental-feature DebugDescriptionMacro -sdk /Applications/Xcode.app/Contents/Developer/Platforms/MacOSX.platform/Developer/SDKs/MacOSX26.2.sdk -target arm64-apple-macos14.0 -g -module-cache-path /Users/geraltgraham/Codes/NeatPaste/app-macos/build/DerivedData/ModuleCache.noindex -Xfrontend -serialize-debugging-options -suppress-warnings -swift-version 6 -I /Users/geraltgraham/Codes/NeatPaste/app-macos/build/DerivedData/Build/Products/Release -Isystem /Applications/Xcode.app/Contents/Developer/Platforms/MacOSX.platform/Developer/usr/lib -F /Users/geraltgraham/Codes/NeatPaste/app-macos/build/DerivedData/Build/Products/Release -F /Applications/Xcode.app/Contents/Developer/Platforms/MacOSX.platform/Developer/Library/Frameworks -c -num-threads 8 -Xcc -ivfsstatcache -Xcc /Users/geraltgraham/Codes/NeatPaste/app-macos/build/DerivedData/SDKStatCaches.noindex/macosx26.2-25C58-e8867d0c40613ffc63e0238af232dc5000fa09913b459cbbc988d1f6730289ae.sdkstatcache -output-file-map /Users/geraltgraham/Codes/NeatPaste/app-macos/build/DerivedData/Build/Intermediates.noindex/MacKit.build/Release/MacKitCore.build/Objects-normal/arm64/MacKitCore-OutputFileMap.json -use-frontend-parseable-output -save-temps -no-color-diagnostics -explicit-module-build -module-cache-path /Users/geraltgraham/Codes/NeatPaste/app-macos/build/DerivedData/Build/Intermediates.noindex/SwiftExplicitPrecompiledModules -clang-scanner-module-cache-path /Users/geraltgraham/Codes/NeatPaste/app-macos/build/DerivedData/ModuleCache.noindex -sdk-module-cache-path /Users/geraltgraham/Codes/NeatPaste/app-macos/build/DerivedData/ModuleCache.noindex -serialize-diagnostics -emit-dependencies -emit-module -emit-module-path /Users/geraltgraham/Codes/NeatPaste/app-macos/build/DerivedData/Build/Intermediates.noindex/MacKit.build/Release/MacKitCore.build/Objects-normal/arm64/MacKitCore.swiftmodule -user-module-version 0.1.4 -validate-clang-modules-once -clang-build-session-file /Users/geraltgraham/Codes/NeatPaste/app-macos/build/DerivedData/ModuleCache.noindex/Session.modulevalidation -package-name mac_kit_swift -Xcc -I/Users/geraltgraham/Codes/NeatPaste/app-macos/build/DerivedData/Build/Intermediates.noindex/MacKit.build/Release/MacKitCore.build/swift-overrides.hmap -emit-const-values -Xfrontend -const-gather-protocols-file -Xfrontend /Users/geraltgraham/Codes/NeatPaste/app-macos/build/DerivedData/Build/Intermediates.noindex/MacKit.build/Release/MacKitCore.build/Objects-normal/arm64/MacKitCore_const_extract_protocols.json -Xcc -I/Users/geraltgraham/Codes/NeatPaste/app-macos/build/DerivedData/Build/Products/Release/include -Xcc -I/Users/geraltgraham/Codes/NeatPaste/app-macos/build/DerivedData/Build/Intermediates.noindex/MacKit.build/Release/MacKitCore.build/DerivedSources-normal/arm64 -Xcc -I/Users/geraltgraham/Codes/NeatPaste/app-macos/build/DerivedData/Build/Intermediates.noindex/MacKit.build/Release/MacKitCore.build/DerivedSources/arm64 -Xcc -I/Users/geraltgraham/Codes/NeatPaste/app-macos/build/DerivedData/Build/Intermediates.noindex/MacKit.build/Release/MacKitCore.build/DerivedSources -Xcc -DSWIFT_PACKAGE -emit-objc-header -emit-objc-header-path /Users/geraltgraham/Codes/NeatPaste/app-macos/build/DerivedData/Build/Intermediates.noindex/MacKit.build/Release/MacKitCore.build/Objects-normal/arm64/MacKitCore-Swift.h -working-directory /Users/geraltgraham/Codes/NeatPaste/app-macos/NeatPaste.xcodeproj -no-emit-module-separately-wmo

SwiftCompile normal x86_64 Compiling\ ConcentricCorner.swift,\ Geometry.swift,\ LaunchAtLoginStatus.swift,\ MenuBarAnchorPolicy.swift,\ MenuBarReopenPolicy.swift,\ PanelDismissPolicy.swift,\ UpdateCheckOutcome.swift /Users/geraltgraham/Codes/NeatPaste/app-macos/build/DerivedData/SourcePackages/checkouts/mac-kit-swift/Sources/MacKitCore/ConcentricCorner.swift /Users/geraltgraham/Codes/NeatPaste/app-macos/build/DerivedData/SourcePackages/checkouts/mac-kit-swift/Sources/MacKitCore/Geometry.swift /Users/geraltgraham/Codes/NeatPaste/app-macos/build/DerivedData/SourcePackages/checkouts/mac-kit-swift/Sources/MacKitCore/LaunchAtLoginStatus.swift /Users/geraltgraham/Codes/NeatPaste/app-macos/build/DerivedData/SourcePackages/checkouts/mac-kit-swift/Sources/MacKitCore/MenuBarAnchorPolicy.swift /Users/geraltgraham/Codes/NeatPaste/app-macos/build/DerivedData/SourcePackages/checkouts/mac-kit-swift/Sources/MacKitCore/MenuBarReopenPolicy.swift /Users/geraltgraham/Codes/NeatPaste/app-macos/build/DerivedData/SourcePackages/checkouts/mac-kit-swift/Sources/MacKitCore/PanelDismissPolicy.swift /Users/geraltgraham/Codes/NeatPaste/app-macos/build/DerivedData/SourcePackages/checkouts/mac-kit-swift/Sources/MacKitCore/UpdateCheckOutcome.swift /Applications/Xcode.app/Contents/Developer/Toolchains/XcodeDefault.xctoolchain/usr/lib/swift/macosx/prebuilt-modules/26.2/Swift.swiftmodule/x86_64-apple-macos.swiftmodule /Applications/Xcode.app/Contents/Developer/Toolchains/XcodeDefault.xctoolchain/usr/lib/swift/macosx/prebuilt-modules/26.2/_Concurrency.swiftmodule/x86_64-apple-macos.swiftmodule /Applications/Xcode.app/Contents/Developer/Toolchains/XcodeDefault.xctoolchain/usr/lib/swift/macosx/prebuilt-modules/26.2/_StringProcessing.swiftmodule/x86_64-apple-macos.swiftmodule /Users/geraltgraham/Codes/NeatPaste/app-macos/build/DerivedData/ModuleCache.noindex/SwiftShims-7EI86ASOBGJXNED1Q82QBNAWH.pcm /Users/geraltgraham/Codes/NeatPaste/app-macos/build/DerivedData/ModuleCache.noindex/_SwiftConcurrencyShims-4VHUJTMTR974006FR206IRTTJ.pcm /Users/geraltgraham/Codes/NeatPaste/app-macos/build/DerivedData/Build/Intermediates.noindex/MacKit.build/Release/MacKitCore.build/Objects-normal/x86_64/MacKitCore-dependencies-2.json (in target 'MacKitCore' from project 'MacKit')

CompileSwift normal x86_64 (in target 'MacKitCore' from project 'MacKit')
    cd /Users/geraltgraham/Codes/NeatPaste/app-macos/NeatPaste.xcodeproj
    

SwiftDriver\ Compilation MacKitCore normal x86_64 com.apple.xcode.tools.swift.compiler (in target 'MacKitCore' from project 'MacKit')
    cd /Users/geraltgraham/Codes/NeatPaste/app-macos/NeatPaste.xcodeproj
    builtin-Swift-Compilation -- /Applications/Xcode.app/Contents/Developer/Toolchains/XcodeDefault.xctoolchain/usr/bin/swiftc -module-name MacKitCore -O -whole-module-optimization -enforce-exclusivity\=checked @/Users/geraltgraham/Codes/NeatPaste/app-macos/build/DerivedData/Build/Intermediates.noindex/MacKit.build/Release/MacKitCore.build/Objects-normal/x86_64/MacKitCore.SwiftFileList -DSWIFT_PACKAGE -DSWIFT_MODULE_RESOURCE_BUNDLE_UNAVAILABLE -DXcode -plugin-path /Applications/Xcode.app/Contents/Developer/Toolchains/XcodeDefault.xctoolchain/usr/lib/swift/host/plugins/testing -enable-experimental-feature DebugDescriptionMacro -sdk /Applications/Xcode.app/Contents/Developer/Platforms/MacOSX.platform/Developer/SDKs/MacOSX26.2.sdk -target x86_64-apple-macos14.0 -g -module-cache-path /Users/geraltgraham/Codes/NeatPaste/app-macos/build/DerivedData/ModuleCache.noindex -Xfrontend -serialize-debugging-options -suppress-warnings -swift-version 6 -I /Users/geraltgraham/Codes/NeatPaste/app-macos/build/DerivedData/Build/Products/Release -Isystem /Applications/Xcode.app/Contents/Developer/Platforms/MacOSX.platform/Developer/usr/lib -F /Users/geraltgraham/Codes/NeatPaste/app-macos/build/DerivedData/Build/Products/Release -F /Applications/Xcode.app/Contents/Developer/Platforms/MacOSX.platform/Developer/Library/Frameworks -c -num-threads 8 -Xcc -ivfsstatcache -Xcc /Users/geraltgraham/Codes/NeatPaste/app-macos/build/DerivedData/SDKStatCaches.noindex/macosx26.2-25C58-e8867d0c40613ffc63e0238af232dc5000fa09913b459cbbc988d1f6730289ae.sdkstatcache -output-file-map /Users/geraltgraham/Codes/NeatPaste/app-macos/build/DerivedData/Build/Intermediates.noindex/MacKit.build/Release/MacKitCore.build/Objects-normal/x86_64/MacKitCore-OutputFileMap.json -use-frontend-parseable-output -save-temps -no-color-diagnostics -explicit-module-build -module-cache-path /Users/geraltgraham/Codes/NeatPaste/app-macos/build/DerivedData/Build/Intermediates.noindex/SwiftExplicitPrecompiledModules -clang-scanner-module-cache-path /Users/geraltgraham/Codes/NeatPaste/app-macos/build/DerivedData/ModuleCache.noindex -sdk-module-cache-path /Users/geraltgraham/Codes/NeatPaste/app-macos/build/DerivedData/ModuleCache.noindex -serialize-diagnostics -emit-dependencies -emit-module -emit-module-path /Users/geraltgraham/Codes/NeatPaste/app-macos/build/DerivedData/Build/Intermediates.noindex/MacKit.build/Release/MacKitCore.build/Objects-normal/x86_64/MacKitCore.swiftmodule -user-module-version 0.1.4 -validate-clang-modules-once -clang-build-session-file /Users/geraltgraham/Codes/NeatPaste/app-macos/build/DerivedData/ModuleCache.noindex/Session.modulevalidation -package-name mac_kit_swift -Xcc -I/Users/geraltgraham/Codes/NeatPaste/app-macos/build/DerivedData/Build/Intermediates.noindex/MacKit.build/Release/MacKitCore.build/swift-overrides.hmap -emit-const-values -Xfrontend -const-gather-protocols-file -Xfrontend /Users/geraltgraham/Codes/NeatPaste/app-macos/build/DerivedData/Build/Intermediates.noindex/MacKit.build/Release/MacKitCore.build/Objects-normal/x86_64/MacKitCore_const_extract_protocols.json -Xcc -I/Users/geraltgraham/Codes/NeatPaste/app-macos/build/DerivedData/Build/Products/Release/include -Xcc -I/Users/geraltgraham/Codes/NeatPaste/app-macos/build/DerivedData/Build/Intermediates.noindex/MacKit.build/Release/MacKitCore.build/DerivedSources-normal/x86_64 -Xcc -I/Users/geraltgraham/Codes/NeatPaste/app-macos/build/DerivedData/Build/Intermediates.noindex/MacKit.build/Release/MacKitCore.build/DerivedSources/x86_64 -Xcc -I/Users/geraltgraham/Codes/NeatPaste/app-macos/build/DerivedData/Build/Intermediates.noindex/MacKit.build/Release/MacKitCore.build/DerivedSources -Xcc -DSWIFT_PACKAGE -emit-objc-header -emit-objc-header-path /Users/geraltgraham/Codes/NeatPaste/app-macos/build/DerivedData/Build/Intermediates.noindex/MacKit.build/Release/MacKitCore.build/Objects-normal/x86_64/MacKitCore-Swift.h -working-directory /Users/geraltgraham/Codes/NeatPaste/app-macos/NeatPaste.xcodeproj -no-emit-module-separately-wmo

SwiftDriverJobDiscovery normal x86_64 Compiling ConcentricCorner.swift, Geometry.swift, LaunchAtLoginStatus.swift, MenuBarAnchorPolicy.swift, MenuBarReopenPolicy.swift, PanelDismissPolicy.swift, UpdateCheckOutcome.swift (in target 'MacKitCore' from project 'MacKit')

SwiftDriverJobDiscovery normal arm64 Compiling ConcentricCorner.swift, Geometry.swift, LaunchAtLoginStatus.swift, MenuBarAnchorPolicy.swift, MenuBarReopenPolicy.swift, PanelDismissPolicy.swift, UpdateCheckOutcome.swift (in target 'MacKitCore' from project 'MacKit')

SwiftDriver\ Compilation\ Requirements MacKitCore normal x86_64 com.apple.xcode.tools.swift.compiler (in target 'MacKitCore' from project 'MacKit')
    cd /Users/geraltgraham/Codes/NeatPaste/app-macos/NeatPaste.xcodeproj
    builtin-Swift-Compilation-Requirements -- /Applications/Xcode.app/Contents/Developer/Toolchains/XcodeDefault.xctoolchain/usr/bin/swiftc -module-name MacKitCore -O -whole-module-optimization -enforce-exclusivity\=checked @/Users/geraltgraham/Codes/NeatPaste/app-macos/build/DerivedData/Build/Intermediates.noindex/MacKit.build/Release/MacKitCore.build/Objects-normal/x86_64/MacKitCore.SwiftFileList -DSWIFT_PACKAGE -DSWIFT_MODULE_RESOURCE_BUNDLE_UNAVAILABLE -DXcode -plugin-path /Applications/Xcode.app/Contents/Developer/Toolchains/XcodeDefault.xctoolchain/usr/lib/swift/host/plugins/testing -enable-experimental-feature DebugDescriptionMacro -sdk /Applications/Xcode.app/Contents/Developer/Platforms/MacOSX.platform/Developer/SDKs/MacOSX26.2.sdk -target x86_64-apple-macos14.0 -g -module-cache-path /Users/geraltgraham/Codes/NeatPaste/app-macos/build/DerivedData/ModuleCache.noindex -Xfrontend -serialize-debugging-options -suppress-warnings -swift-version 6 -I /Users/geraltgraham/Codes/NeatPaste/app-macos/build/DerivedData/Build/Products/Release -Isystem /Applications/Xcode.app/Contents/Developer/Platforms/MacOSX.platform/Developer/usr/lib -F /Users/geraltgraham/Codes/NeatPaste/app-macos/build/DerivedData/Build/Products/Release -F /Applications/Xcode.app/Contents/Developer/Platforms/MacOSX.platform/Developer/Library/Frameworks -c -num-threads 8 -Xcc -ivfsstatcache -Xcc /Users/geraltgraham/Codes/NeatPaste/app-macos/build/DerivedData/SDKStatCaches.noindex/macosx26.2-25C58-e8867d0c40613ffc63e0238af232dc5000fa09913b459cbbc988d1f6730289ae.sdkstatcache -output-file-map /Users/geraltgraham/Codes/NeatPaste/app-macos/build/DerivedData/Build/Intermediates.noindex/MacKit.build/Release/MacKitCore.build/Objects-normal/x86_64/MacKitCore-OutputFileMap.json -use-frontend-parseable-output -save-temps -no-color-diagnostics -explicit-module-build -module-cache-path /Users/geraltgraham/Codes/NeatPaste/app-macos/build/DerivedData/Build/Intermediates.noindex/SwiftExplicitPrecompiledModules -clang-scanner-module-cache-path /Users/geraltgraham/Codes/NeatPaste/app-macos/build/DerivedData/ModuleCache.noindex -sdk-module-cache-path /Users/geraltgraham/Codes/NeatPaste/app-macos/build/DerivedData/ModuleCache.noindex -serialize-diagnostics -emit-dependencies -emit-module -emit-module-path /Users/geraltgraham/Codes/NeatPaste/app-macos/build/DerivedData/Build/Intermediates.noindex/MacKit.build/Release/MacKitCore.build/Objects-normal/x86_64/MacKitCore.swiftmodule -user-module-version 0.1.4 -validate-clang-modules-once -clang-build-session-file /Users/geraltgraham/Codes/NeatPaste/app-macos/build/DerivedData/ModuleCache.noindex/Session.modulevalidation -package-name mac_kit_swift -Xcc -I/Users/geraltgraham/Codes/NeatPaste/app-macos/build/DerivedData/Build/Intermediates.noindex/MacKit.build/Release/MacKitCore.build/swift-overrides.hmap -emit-const-values -Xfrontend -const-gather-protocols-file -Xfrontend /Users/geraltgraham/Codes/NeatPaste/app-macos/build/DerivedData/Build/Intermediates.noindex/MacKit.build/Release/MacKitCore.build/Objects-normal/x86_64/MacKitCore_const_extract_protocols.json -Xcc -I/Users/geraltgraham/Codes/NeatPaste/app-macos/build/DerivedData/Build/Products/Release/include -Xcc -I/Users/geraltgraham/Codes/NeatPaste/app-macos/build/DerivedData/Build/Intermediates.noindex/MacKit.build/Release/MacKitCore.build/DerivedSources-normal/x86_64 -Xcc -I/Users/geraltgraham/Codes/NeatPaste/app-macos/build/DerivedData/Build/Intermediates.noindex/MacKit.build/Release/MacKitCore.build/DerivedSources/x86_64 -Xcc -I/Users/geraltgraham/Codes/NeatPaste/app-macos/build/DerivedData/Build/Intermediates.noindex/MacKit.build/Release/MacKitCore.build/DerivedSources -Xcc -DSWIFT_PACKAGE -emit-objc-header -emit-objc-header-path /Users/geraltgraham/Codes/NeatPaste/app-macos/build/DerivedData/Build/Intermediates.noindex/MacKit.build/Release/MacKitCore.build/Objects-normal/x86_64/MacKitCore-Swift.h -working-directory /Users/geraltgraham/Codes/NeatPaste/app-macos/NeatPaste.xcodeproj -no-emit-module-separately-wmo

SwiftDriver\ Compilation\ Requirements MacKitCore normal arm64 com.apple.xcode.tools.swift.compiler (in target 'MacKitCore' from project 'MacKit')
    cd /Users/geraltgraham/Codes/NeatPaste/app-macos/NeatPaste.xcodeproj
    builtin-Swift-Compilation-Requirements -- /Applications/Xcode.app/Contents/Developer/Toolchains/XcodeDefault.xctoolchain/usr/bin/swiftc -module-name MacKitCore -O -whole-module-optimization -enforce-exclusivity\=checked @/Users/geraltgraham/Codes/NeatPaste/app-macos/build/DerivedData/Build/Intermediates.noindex/MacKit.build/Release/MacKitCore.build/Objects-normal/arm64/MacKitCore.SwiftFileList -DSWIFT_PACKAGE -DSWIFT_MODULE_RESOURCE_BUNDLE_UNAVAILABLE -DXcode -plugin-path /Applications/Xcode.app/Contents/Developer/Toolchains/XcodeDefault.xctoolchain/usr/lib/swift/host/plugins/testing -enable-experimental-feature DebugDescriptionMacro -sdk /Applications/Xcode.app/Contents/Developer/Platforms/MacOSX.platform/Developer/SDKs/MacOSX26.2.sdk -target arm64-apple-macos14.0 -g -module-cache-path /Users/geraltgraham/Codes/NeatPaste/app-macos/build/DerivedData/ModuleCache.noindex -Xfrontend -serialize-debugging-options -suppress-warnings -swift-version 6 -I /Users/geraltgraham/Codes/NeatPaste/app-macos/build/DerivedData/Build/Products/Release -Isystem /Applications/Xcode.app/Contents/Developer/Platforms/MacOSX.platform/Developer/usr/lib -F /Users/geraltgraham/Codes/NeatPaste/app-macos/build/DerivedData/Build/Products/Release -F /Applications/Xcode.app/Contents/Developer/Platforms/MacOSX.platform/Developer/Library/Frameworks -c -num-threads 8 -Xcc -ivfsstatcache -Xcc /Users/geraltgraham/Codes/NeatPaste/app-macos/build/DerivedData/SDKStatCaches.noindex/macosx26.2-25C58-e8867d0c40613ffc63e0238af232dc5000fa09913b459cbbc988d1f6730289ae.sdkstatcache -output-file-map /Users/geraltgraham/Codes/NeatPaste/app-macos/build/DerivedData/Build/Intermediates.noindex/MacKit.build/Release/MacKitCore.build/Objects-normal/arm64/MacKitCore-OutputFileMap.json -use-frontend-parseable-output -save-temps -no-color-diagnostics -explicit-module-build -module-cache-path /Users/geraltgraham/Codes/NeatPaste/app-macos/build/DerivedData/Build/Intermediates.noindex/SwiftExplicitPrecompiledModules -clang-scanner-module-cache-path /Users/geraltgraham/Codes/NeatPaste/app-macos/build/DerivedData/ModuleCache.noindex -sdk-module-cache-path /Users/geraltgraham/Codes/NeatPaste/app-macos/build/DerivedData/ModuleCache.noindex -serialize-diagnostics -emit-dependencies -emit-module -emit-module-path /Users/geraltgraham/Codes/NeatPaste/app-macos/build/DerivedData/Build/Intermediates.noindex/MacKit.build/Release/MacKitCore.build/Objects-normal/arm64/MacKitCore.swiftmodule -user-module-version 0.1.4 -validate-clang-modules-once -clang-build-session-file /Users/geraltgraham/Codes/NeatPaste/app-macos/build/DerivedData/ModuleCache.noindex/Session.modulevalidation -package-name mac_kit_swift -Xcc -I/Users/geraltgraham/Codes/NeatPaste/app-macos/build/DerivedData/Build/Intermediates.noindex/MacKit.build/Release/MacKitCore.build/swift-overrides.hmap -emit-const-values -Xfrontend -const-gather-protocols-file -Xfrontend /Users/geraltgraham/Codes/NeatPaste/app-macos/build/DerivedData/Build/Intermediates.noindex/MacKit.build/Release/MacKitCore.build/Objects-normal/arm64/MacKitCore_const_extract_protocols.json -Xcc -I/Users/geraltgraham/Codes/NeatPaste/app-macos/build/DerivedData/Build/Products/Release/include -Xcc -I/Users/geraltgraham/Codes/NeatPaste/app-macos/build/DerivedData/Build/Intermediates.noindex/MacKit.build/Release/MacKitCore.build/DerivedSources-normal/arm64 -Xcc -I/Users/geraltgraham/Codes/NeatPaste/app-macos/build/DerivedData/Build/Intermediates.noindex/MacKit.build/Release/MacKitCore.build/DerivedSources/arm64 -Xcc -I/Users/geraltgraham/Codes/NeatPaste/app-macos/build/DerivedData/Build/Intermediates.noindex/MacKit.build/Release/MacKitCore.build/DerivedSources -Xcc -DSWIFT_PACKAGE -emit-objc-header -emit-objc-header-path /Users/geraltgraham/Codes/NeatPaste/app-macos/build/DerivedData/Build/Intermediates.noindex/MacKit.build/Release/MacKitCore.build/Objects-normal/arm64/MacKitCore-Swift.h -working-directory /Users/geraltgraham/Codes/NeatPaste/app-macos/NeatPaste.xcodeproj -no-emit-module-separately-wmo

SwiftMergeGeneratedHeaders /Users/geraltgraham/Codes/NeatPaste/app-macos/build/DerivedData/Build/Intermediates.noindex/GeneratedModuleMaps/MacKitCore-Swift.h /Users/geraltgraham/Codes/NeatPaste/app-macos/build/DerivedData/Build/Intermediates.noindex/MacKit.build/Release/MacKitCore.build/Objects-normal/arm64/MacKitCore-Swift.h /Users/geraltgraham/Codes/NeatPaste/app-macos/build/DerivedData/Build/Intermediates.noindex/MacKit.build/Release/MacKitCore.build/Objects-normal/x86_64/MacKitCore-Swift.h (in target 'MacKitCore' from project 'MacKit')
    cd /Users/geraltgraham/Codes/NeatPaste/app-macos/build/DerivedData/SourcePackages/checkouts/mac-kit-swift
    builtin-swiftHeaderTool -arch arm64 /Users/geraltgraham/Codes/NeatPaste/app-macos/build/DerivedData/Build/Intermediates.noindex/MacKit.build/Release/MacKitCore.build/Objects-normal/arm64/MacKitCore-Swift.h -arch x86_64 /Users/geraltgraham/Codes/NeatPaste/app-macos/build/DerivedData/Build/Intermediates.noindex/MacKit.build/Release/MacKitCore.build/Objects-normal/x86_64/MacKitCore-Swift.h -o /Users/geraltgraham/Codes/NeatPaste/app-macos/build/DerivedData/Build/Intermediates.noindex/GeneratedModuleMaps/MacKitCore-Swift.h

Copy /Users/geraltgraham/Codes/NeatPaste/app-macos/build/DerivedData/Build/Products/Release/MacKitCore.swiftmodule/x86_64-apple-macos.swiftdoc /Users/geraltgraham/Codes/NeatPaste/app-macos/build/DerivedData/Build/Intermediates.noindex/MacKit.build/Release/MacKitCore.build/Objects-normal/x86_64/MacKitCore.swiftdoc (in target 'MacKitCore' from project 'MacKit')
    cd /Users/geraltgraham/Codes/NeatPaste/app-macos/build/DerivedData/SourcePackages/checkouts/mac-kit-swift
    builtin-copy -exclude .DS_Store -exclude CVS -exclude .svn -exclude .git -exclude .hg -strip-unsigned-binaries -strip-deterministic -strip-tool /Applications/Xcode.app/Contents/Developer/Toolchains/XcodeDefault.xctoolchain/usr/bin/strip -resolve-src-symlinks -rename /Users/geraltgraham/Codes/NeatPaste/app-macos/build/DerivedData/Build/Intermediates.noindex/MacKit.build/Release/MacKitCore.build/Objects-normal/x86_64/MacKitCore.swiftdoc /Users/geraltgraham/Codes/NeatPaste/app-macos/build/DerivedData/Build/Products/Release/MacKitCore.swiftmodule/x86_64-apple-macos.swiftdoc

Copy /Users/geraltgraham/Codes/NeatPaste/app-macos/build/DerivedData/Build/Products/Release/MacKitCore.swiftmodule/x86_64-apple-macos.swiftmodule /Users/geraltgraham/Codes/NeatPaste/app-macos/build/DerivedData/Build/Intermediates.noindex/MacKit.build/Release/MacKitCore.build/Objects-normal/x86_64/MacKitCore.swiftmodule (in target 'MacKitCore' from project 'MacKit')
    cd /Users/geraltgraham/Codes/NeatPaste/app-macos/build/DerivedData/SourcePackages/checkouts/mac-kit-swift
    builtin-copy -exclude .DS_Store -exclude CVS -exclude .svn -exclude .git -exclude .hg -strip-unsigned-binaries -strip-deterministic -strip-tool /Applications/Xcode.app/Contents/Developer/Toolchains/XcodeDefault.xctoolchain/usr/bin/strip -resolve-src-symlinks -rename /Users/geraltgraham/Codes/NeatPaste/app-macos/build/DerivedData/Build/Intermediates.noindex/MacKit.build/Release/MacKitCore.build/Objects-normal/x86_64/MacKitCore.swiftmodule /Users/geraltgraham/Codes/NeatPaste/app-macos/build/DerivedData/Build/Products/Release/MacKitCore.swiftmodule/x86_64-apple-macos.swiftmodule

Copy /Users/geraltgraham/Codes/NeatPaste/app-macos/build/DerivedData/Build/Products/Release/MacKitCore.swiftmodule/x86_64-apple-macos.abi.json /Users/geraltgraham/Codes/NeatPaste/app-macos/build/DerivedData/Build/Intermediates.noindex/MacKit.build/Release/MacKitCore.build/Objects-normal/x86_64/MacKitCore.abi.json (in target 'MacKitCore' from project 'MacKit')
    cd /Users/geraltgraham/Codes/NeatPaste/app-macos/build/DerivedData/SourcePackages/checkouts/mac-kit-swift
    builtin-copy -exclude .DS_Store -exclude CVS -exclude .svn -exclude .git -exclude .hg -strip-unsigned-binaries -strip-deterministic -strip-tool /Applications/Xcode.app/Contents/Developer/Toolchains/XcodeDefault.xctoolchain/usr/bin/strip -resolve-src-symlinks -rename /Users/geraltgraham/Codes/NeatPaste/app-macos/build/DerivedData/Build/Intermediates.noindex/MacKit.build/Release/MacKitCore.build/Objects-normal/x86_64/MacKitCore.abi.json /Users/geraltgraham/Codes/NeatPaste/app-macos/build/DerivedData/Build/Products/Release/MacKitCore.swiftmodule/x86_64-apple-macos.abi.json

Copy /Users/geraltgraham/Codes/NeatPaste/app-macos/build/DerivedData/Build/Products/Release/MacKitCore.swiftmodule/arm64-apple-macos.swiftmodule /Users/geraltgraham/Codes/NeatPaste/app-macos/build/DerivedData/Build/Intermediates.noindex/MacKit.build/Release/MacKitCore.build/Objects-normal/arm64/MacKitCore.swiftmodule (in target 'MacKitCore' from project 'MacKit')
    cd /Users/geraltgraham/Codes/NeatPaste/app-macos/build/DerivedData/SourcePackages/checkouts/mac-kit-swift
    builtin-copy -exclude .DS_Store -exclude CVS -exclude .svn -exclude .git -exclude .hg -strip-unsigned-binaries -strip-deterministic -strip-tool /Applications/Xcode.app/Contents/Developer/Toolchains/XcodeDefault.xctoolchain/usr/bin/strip -resolve-src-symlinks -rename /Users/geraltgraham/Codes/NeatPaste/app-macos/build/DerivedData/Build/Intermediates.noindex/MacKit.build/Release/MacKitCore.build/Objects-normal/arm64/MacKitCore.swiftmodule /Users/geraltgraham/Codes/NeatPaste/app-macos/build/DerivedData/Build/Products/Release/MacKitCore.swiftmodule/arm64-apple-macos.swiftmodule

Copy /Users/geraltgraham/Codes/NeatPaste/app-macos/build/DerivedData/Build/Products/Release/MacKitCore.swiftmodule/arm64-apple-macos.swiftdoc /Users/geraltgraham/Codes/NeatPaste/app-macos/build/DerivedData/Build/Intermediates.noindex/MacKit.build/Release/MacKitCore.build/Objects-normal/arm64/MacKitCore.swiftdoc (in target 'MacKitCore' from project 'MacKit')
    cd /Users/geraltgraham/Codes/NeatPaste/app-macos/build/DerivedData/SourcePackages/checkouts/mac-kit-swift
    builtin-copy -exclude .DS_Store -exclude CVS -exclude .svn -exclude .git -exclude .hg -strip-unsigned-binaries -strip-deterministic -strip-tool /Applications/Xcode.app/Contents/Developer/Toolchains/XcodeDefault.xctoolchain/usr/bin/strip -resolve-src-symlinks -rename /Users/geraltgraham/Codes/NeatPaste/app-macos/build/DerivedData/Build/Intermediates.noindex/MacKit.build/Release/MacKitCore.build/Objects-normal/arm64/MacKitCore.swiftdoc /Users/geraltgraham/Codes/NeatPaste/app-macos/build/DerivedData/Build/Products/Release/MacKitCore.swiftmodule/arm64-apple-macos.swiftdoc

Copy /Users/geraltgraham/Codes/NeatPaste/app-macos/build/DerivedData/Build/Products/Release/MacKitCore.swiftmodule/arm64-apple-macos.abi.json /Users/geraltgraham/Codes/NeatPaste/app-macos/build/DerivedData/Build/Intermediates.noindex/MacKit.build/Release/MacKitCore.build/Objects-normal/arm64/MacKitCore.abi.json (in target 'MacKitCore' from project 'MacKit')
    cd /Users/geraltgraham/Codes/NeatPaste/app-macos/build/DerivedData/SourcePackages/checkouts/mac-kit-swift
    builtin-copy -exclude .DS_Store -exclude CVS -exclude .svn -exclude .git -exclude .hg -strip-unsigned-binaries -strip-deterministic -strip-tool /Applications/Xcode.app/Contents/Developer/Toolchains/XcodeDefault.xctoolchain/usr/bin/strip -resolve-src-symlinks -rename /Users/geraltgraham/Codes/NeatPaste/app-macos/build/DerivedData/Build/Intermediates.noindex/MacKit.build/Release/MacKitCore.build/Objects-normal/arm64/MacKitCore.abi.json /Users/geraltgraham/Codes/NeatPaste/app-macos/build/DerivedData/Build/Products/Release/MacKitCore.swiftmodule/arm64-apple-macos.abi.json

Copy /Users/geraltgraham/Codes/NeatPaste/app-macos/build/DerivedData/Build/Products/Release/MacKitCore.swiftmodule/Project/x86_64-apple-macos.swiftsourceinfo /Users/geraltgraham/Codes/NeatPaste/app-macos/build/DerivedData/Build/Intermediates.noindex/MacKit.build/Release/MacKitCore.build/Objects-normal/x86_64/MacKitCore.swiftsourceinfo (in target 'MacKitCore' from project 'MacKit')
    cd /Users/geraltgraham/Codes/NeatPaste/app-macos/build/DerivedData/SourcePackages/checkouts/mac-kit-swift
    builtin-copy -exclude .DS_Store -exclude CVS -exclude .svn -exclude .git -exclude .hg -strip-unsigned-binaries -strip-deterministic -strip-tool /Applications/Xcode.app/Contents/Developer/Toolchains/XcodeDefault.xctoolchain/usr/bin/strip -resolve-src-symlinks -rename /Users/geraltgraham/Codes/NeatPaste/app-macos/build/DerivedData/Build/Intermediates.noindex/MacKit.build/Release/MacKitCore.build/Objects-normal/x86_64/MacKitCore.swiftsourceinfo /Users/geraltgraham/Codes/NeatPaste/app-macos/build/DerivedData/Build/Products/Release/MacKitCore.swiftmodule/Project/x86_64-apple-macos.swiftsourceinfo

Copy /Users/geraltgraham/Codes/NeatPaste/app-macos/build/DerivedData/Build/Products/Release/MacKitCore.swiftmodule/Project/arm64-apple-macos.swiftsourceinfo /Users/geraltgraham/Codes/NeatPaste/app-macos/build/DerivedData/Build/Intermediates.noindex/MacKit.build/Release/MacKitCore.build/Objects-normal/arm64/MacKitCore.swiftsourceinfo (in target 'MacKitCore' from project 'MacKit')
    cd /Users/geraltgraham/Codes/NeatPaste/app-macos/build/DerivedData/SourcePackages/checkouts/mac-kit-swift
    builtin-copy -exclude .DS_Store -exclude CVS -exclude .svn -exclude .git -exclude .hg -strip-unsigned-binaries -strip-deterministic -strip-tool /Applications/Xcode.app/Contents/Developer/Toolchains/XcodeDefault.xctoolchain/usr/bin/strip -resolve-src-symlinks -rename /Users/geraltgraham/Codes/NeatPaste/app-macos/build/DerivedData/Build/Intermediates.noindex/MacKit.build/Release/MacKitCore.build/Objects-normal/arm64/MacKitCore.swiftsourceinfo /Users/geraltgraham/Codes/NeatPaste/app-macos/build/DerivedData/Build/Products/Release/MacKitCore.swiftmodule/Project/arm64-apple-macos.swiftsourceinfo

Ld /Users/geraltgraham/Codes/NeatPaste/app-macos/build/DerivedData/Build/Intermediates.noindex/MacKit.build/Release/MacKitCore.build/Objects-normal/x86_64/Binary/MacKitCore.o normal x86_64 (in target 'MacKitCore' from project 'MacKit')
    cd /Users/geraltgraham/Codes/NeatPaste/app-macos/build/DerivedData/SourcePackages/checkouts/mac-kit-swift
    /Applications/Xcode.app/Contents/Developer/Toolchains/XcodeDefault.xctoolchain/usr/bin/clang -Xlinker -reproducible -target x86_64-apple-macos14.0 -r -isysroot /Applications/Xcode.app/Contents/Developer/Platforms/MacOSX.platform/Developer/SDKs/MacOSX26.2.sdk -Os -w -L/Users/geraltgraham/Codes/NeatPaste/app-macos/build/DerivedData/Build/Intermediates.noindex/EagerLinkingTBDs/Release -L/Users/geraltgraham/Codes/NeatPaste/app-macos/build/DerivedData/Build/Products/Release -L/Applications/Xcode.app/Contents/Developer/Platforms/MacOSX.platform/Developer/usr/lib -F/Users/geraltgraham/Codes/NeatPaste/app-macos/build/DerivedData/Build/Intermediates.noindex/EagerLinkingTBDs/Release -F/Users/geraltgraham/Codes/NeatPaste/app-macos/build/DerivedData/Build/Products/Release -iframework /Applications/Xcode.app/Contents/Developer/Platforms/MacOSX.platform/Developer/Library/Frameworks -filelist /Users/geraltgraham/Codes/NeatPaste/app-macos/build/DerivedData/Build/Intermediates.noindex/MacKit.build/Release/MacKitCore.build/Objects-normal/x86_64/MacKitCore.LinkFileList -nostdlib -Xlinker -object_path_lto -Xlinker /Users/geraltgraham/Codes/NeatPaste/app-macos/build/DerivedData/Build/Intermediates.noindex/MacKit.build/Release/MacKitCore.build/Objects-normal/x86_64/MacKitCore_lto.o -Xlinker -dependency_info -Xlinker /Users/geraltgraham/Codes/NeatPaste/app-macos/build/DerivedData/Build/Intermediates.noindex/MacKit.build/Release/MacKitCore.build/Objects-normal/x86_64/MacKitCore_dependency_info.dat -fobjc-link-runtime -L/Applications/Xcode.app/Contents/Developer/Toolchains/XcodeDefault.xctoolchain/usr/lib/swift/macosx -L/usr/lib/swift -Xlinker -add_ast_path -Xlinker /Users/geraltgraham/Codes/NeatPaste/app-macos/build/DerivedData/Build/Intermediates.noindex/MacKit.build/Release/MacKitCore.build/Objects-normal/x86_64/MacKitCore.swiftmodule @/Users/geraltgraham/Codes/NeatPaste/app-macos/build/DerivedData/Build/Intermediates.noindex/MacKit.build/Release/MacKitCore.build/Objects-normal/x86_64/MacKitCore-linker-args.resp -o /Users/geraltgraham/Codes/NeatPaste/app-macos/build/DerivedData/Build/Intermediates.noindex/MacKit.build/Release/MacKitCore.build/Objects-normal/x86_64/Binary/MacKitCore.o

Ld /Users/geraltgraham/Codes/NeatPaste/app-macos/build/DerivedData/Build/Intermediates.noindex/MacKit.build/Release/MacKitCore.build/Objects-normal/arm64/Binary/MacKitCore.o normal arm64 (in target 'MacKitCore' from project 'MacKit')
    cd /Users/geraltgraham/Codes/NeatPaste/app-macos/build/DerivedData/SourcePackages/checkouts/mac-kit-swift
    /Applications/Xcode.app/Contents/Developer/Toolchains/XcodeDefault.xctoolchain/usr/bin/clang -Xlinker -reproducible -target arm64-apple-macos14.0 -r -isysroot /Applications/Xcode.app/Contents/Developer/Platforms/MacOSX.platform/Developer/SDKs/MacOSX26.2.sdk -Os -w -L/Users/geraltgraham/Codes/NeatPaste/app-macos/build/DerivedData/Build/Intermediates.noindex/EagerLinkingTBDs/Release -L/Users/geraltgraham/Codes/NeatPaste/app-macos/build/DerivedData/Build/Products/Release -L/Applications/Xcode.app/Contents/Developer/Platforms/MacOSX.platform/Developer/usr/lib -F/Users/geraltgraham/Codes/NeatPaste/app-macos/build/DerivedData/Build/Intermediates.noindex/EagerLinkingTBDs/Release -F/Users/geraltgraham/Codes/NeatPaste/app-macos/build/DerivedData/Build/Products/Release -iframework /Applications/Xcode.app/Contents/Developer/Platforms/MacOSX.platform/Developer/Library/Frameworks -filelist /Users/geraltgraham/Codes/NeatPaste/app-macos/build/DerivedData/Build/Intermediates.noindex/MacKit.build/Release/MacKitCore.build/Objects-normal/arm64/MacKitCore.LinkFileList -nostdlib -Xlinker -object_path_lto -Xlinker /Users/geraltgraham/Codes/NeatPaste/app-macos/build/DerivedData/Build/Intermediates.noindex/MacKit.build/Release/MacKitCore.build/Objects-normal/arm64/MacKitCore_lto.o -Xlinker -dependency_info -Xlinker /Users/geraltgraham/Codes/NeatPaste/app-macos/build/DerivedData/Build/Intermediates.noindex/MacKit.build/Release/MacKitCore.build/Objects-normal/arm64/MacKitCore_dependency_info.dat -fobjc-link-runtime -L/Applications/Xcode.app/Contents/Developer/Toolchains/XcodeDefault.xctoolchain/usr/lib/swift/macosx -L/usr/lib/swift -Xlinker -add_ast_path -Xlinker /Users/geraltgraham/Codes/NeatPaste/app-macos/build/DerivedData/Build/Intermediates.noindex/MacKit.build/Release/MacKitCore.build/Objects-normal/arm64/MacKitCore.swiftmodule @/Users/geraltgraham/Codes/NeatPaste/app-macos/build/DerivedData/Build/Intermediates.noindex/MacKit.build/Release/MacKitCore.build/Objects-normal/arm64/MacKitCore-linker-args.resp -o /Users/geraltgraham/Codes/NeatPaste/app-macos/build/DerivedData/Build/Intermediates.noindex/MacKit.build/Release/MacKitCore.build/Objects-normal/arm64/Binary/MacKitCore.o

SwiftDriver MacKitLaunchAtLogin normal arm64 com.apple.xcode.tools.swift.compiler (in target 'MacKitLaunchAtLogin' from project 'MacKit')
    cd /Users/geraltgraham/Codes/NeatPaste/app-macos/NeatPaste.xcodeproj
    builtin-SwiftDriver -- /Applications/Xcode.app/Contents/Developer/Toolchains/XcodeDefault.xctoolchain/usr/bin/swiftc -module-name MacKitLaunchAtLogin -O -whole-module-optimization -enforce-exclusivity\=checked @/Users/geraltgraham/Codes/NeatPaste/app-macos/build/DerivedData/Build/Intermediates.noindex/MacKit.build/Release/MacKitLaunchAtLogin.build/Objects-normal/arm64/MacKitLaunchAtLogin.SwiftFileList -DSWIFT_PACKAGE -DSWIFT_MODULE_RESOURCE_BUNDLE_UNAVAILABLE -DXcode -plugin-path /Applications/Xcode.app/Contents/Developer/Toolchains/XcodeDefault.xctoolchain/usr/lib/swift/host/plugins/testing -enable-experimental-feature DebugDescriptionMacro -sdk /Applications/Xcode.app/Contents/Developer/Platforms/MacOSX.platform/Developer/SDKs/MacOSX26.2.sdk -target arm64-apple-macos14.0 -g -module-cache-path /Users/geraltgraham/Codes/NeatPaste/app-macos/build/DerivedData/ModuleCache.noindex -Xfrontend -serialize-debugging-options -suppress-warnings -swift-version 6 -I /Users/geraltgraham/Codes/NeatPaste/app-macos/build/DerivedData/Build/Products/Release -Isystem /Applications/Xcode.app/Contents/Developer/Platforms/MacOSX.platform/Developer/usr/lib -F /Users/geraltgraham/Codes/NeatPaste/app-macos/build/DerivedData/Build/Products/Release/PackageFrameworks -F /Users/geraltgraham/Codes/NeatPaste/app-macos/build/DerivedData/Build/Products/Release -F /Applications/Xcode.app/Contents/Developer/Platforms/MacOSX.platform/Developer/Library/Frameworks -parse-as-library -c -num-threads 8 -Xcc -ivfsstatcache -Xcc /Users/geraltgraham/Codes/NeatPaste/app-macos/build/DerivedData/SDKStatCaches.noindex/macosx26.2-25C58-e8867d0c40613ffc63e0238af232dc5000fa09913b459cbbc988d1f6730289ae.sdkstatcache -output-file-map /Users/geraltgraham/Codes/NeatPaste/app-macos/build/DerivedData/Build/Intermediates.noindex/MacKit.build/Release/MacKitLaunchAtLogin.build/Objects-normal/arm64/MacKitLaunchAtLogin-OutputFileMap.json -use-frontend-parseable-output -save-temps -no-color-diagnostics -explicit-module-build -module-cache-path /Users/geraltgraham/Codes/NeatPaste/app-macos/build/DerivedData/Build/Intermediates.noindex/SwiftExplicitPrecompiledModules -clang-scanner-module-cache-path /Users/geraltgraham/Codes/NeatPaste/app-macos/build/DerivedData/ModuleCache.noindex -sdk-module-cache-path /Users/geraltgraham/Codes/NeatPaste/app-macos/build/DerivedData/ModuleCache.noindex -serialize-diagnostics -emit-dependencies -emit-module -emit-module-path /Users/geraltgraham/Codes/NeatPaste/app-macos/build/DerivedData/Build/Intermediates.noindex/MacKit.build/Release/MacKitLaunchAtLogin.build/Objects-normal/arm64/MacKitLaunchAtLogin.swiftmodule -user-module-version 0.1.4 -validate-clang-modules-once -clang-build-session-file /Users/geraltgraham/Codes/NeatPaste/app-macos/build/DerivedData/ModuleCache.noindex/Session.modulevalidation -package-name mac_kit_swift -Xcc -I/Users/geraltgraham/Codes/NeatPaste/app-macos/build/DerivedData/Build/Intermediates.noindex/MacKit.build/Release/MacKitLaunchAtLogin.build/swift-overrides.hmap -emit-const-values -Xfrontend -const-gather-protocols-file -Xfrontend /Users/geraltgraham/Codes/NeatPaste/app-macos/build/DerivedData/Build/Intermediates.noindex/MacKit.build/Release/MacKitLaunchAtLogin.build/Objects-normal/arm64/MacKitLaunchAtLogin_const_extract_protocols.json -Xcc -I/Users/geraltgraham/Codes/NeatPaste/app-macos/build/DerivedData/Build/Products/Release/include -Xcc -I/Users/geraltgraham/Codes/NeatPaste/app-macos/build/DerivedData/Build/Intermediates.noindex/MacKit.build/Release/MacKitLaunchAtLogin.build/DerivedSources-normal/arm64 -Xcc -I/Users/geraltgraham/Codes/NeatPaste/app-macos/build/DerivedData/Build/Intermediates.noindex/MacKit.build/Release/MacKitLaunchAtLogin.build/DerivedSources/arm64 -Xcc -I/Users/geraltgraham/Codes/NeatPaste/app-macos/build/DerivedData/Build/Intermediates.noindex/MacKit.build/Release/MacKitLaunchAtLogin.build/DerivedSources -Xcc -DSWIFT_PACKAGE -emit-objc-header -emit-objc-header-path /Users/geraltgraham/Codes/NeatPaste/app-macos/build/DerivedData/Build/Intermediates.noindex/MacKit.build/Release/MacKitLaunchAtLogin.build/Objects-normal/arm64/MacKitLaunchAtLogin-Swift.h -working-directory /Users/geraltgraham/Codes/NeatPaste/app-macos/NeatPaste.xcodeproj -no-emit-module-separately-wmo

SwiftDriver MacKitLaunchAtLogin normal x86_64 com.apple.xcode.tools.swift.compiler (in target 'MacKitLaunchAtLogin' from project 'MacKit')
    cd /Users/geraltgraham/Codes/NeatPaste/app-macos/NeatPaste.xcodeproj
    builtin-SwiftDriver -- /Applications/Xcode.app/Contents/Developer/Toolchains/XcodeDefault.xctoolchain/usr/bin/swiftc -module-name MacKitLaunchAtLogin -O -whole-module-optimization -enforce-exclusivity\=checked @/Users/geraltgraham/Codes/NeatPaste/app-macos/build/DerivedData/Build/Intermediates.noindex/MacKit.build/Release/MacKitLaunchAtLogin.build/Objects-normal/x86_64/MacKitLaunchAtLogin.SwiftFileList -DSWIFT_PACKAGE -DSWIFT_MODULE_RESOURCE_BUNDLE_UNAVAILABLE -DXcode -plugin-path /Applications/Xcode.app/Contents/Developer/Toolchains/XcodeDefault.xctoolchain/usr/lib/swift/host/plugins/testing -enable-experimental-feature DebugDescriptionMacro -sdk /Applications/Xcode.app/Contents/Developer/Platforms/MacOSX.platform/Developer/SDKs/MacOSX26.2.sdk -target x86_64-apple-macos14.0 -g -module-cache-path /Users/geraltgraham/Codes/NeatPaste/app-macos/build/DerivedData/ModuleCache.noindex -Xfrontend -serialize-debugging-options -suppress-warnings -swift-version 6 -I /Users/geraltgraham/Codes/NeatPaste/app-macos/build/DerivedData/Build/Products/Release -Isystem /Applications/Xcode.app/Contents/Developer/Platforms/MacOSX.platform/Developer/usr/lib -F /Users/geraltgraham/Codes/NeatPaste/app-macos/build/DerivedData/Build/Products/Release/PackageFrameworks -F /Users/geraltgraham/Codes/NeatPaste/app-macos/build/DerivedData/Build/Products/Release -F /Applications/Xcode.app/Contents/Developer/Platforms/MacOSX.platform/Developer/Library/Frameworks -parse-as-library -c -num-threads 8 -Xcc -ivfsstatcache -Xcc /Users/geraltgraham/Codes/NeatPaste/app-macos/build/DerivedData/SDKStatCaches.noindex/macosx26.2-25C58-e8867d0c40613ffc63e0238af232dc5000fa09913b459cbbc988d1f6730289ae.sdkstatcache -output-file-map /Users/geraltgraham/Codes/NeatPaste/app-macos/build/DerivedData/Build/Intermediates.noindex/MacKit.build/Release/MacKitLaunchAtLogin.build/Objects-normal/x86_64/MacKitLaunchAtLogin-OutputFileMap.json -use-frontend-parseable-output -save-temps -no-color-diagnostics -explicit-module-build -module-cache-path /Users/geraltgraham/Codes/NeatPaste/app-macos/build/DerivedData/Build/Intermediates.noindex/SwiftExplicitPrecompiledModules -clang-scanner-module-cache-path /Users/geraltgraham/Codes/NeatPaste/app-macos/build/DerivedData/ModuleCache.noindex -sdk-module-cache-path /Users/geraltgraham/Codes/NeatPaste/app-macos/build/DerivedData/ModuleCache.noindex -serialize-diagnostics -emit-dependencies -emit-module -emit-module-path /Users/geraltgraham/Codes/NeatPaste/app-macos/build/DerivedData/Build/Intermediates.noindex/MacKit.build/Release/MacKitLaunchAtLogin.build/Objects-normal/x86_64/MacKitLaunchAtLogin.swiftmodule -user-module-version 0.1.4 -validate-clang-modules-once -clang-build-session-file /Users/geraltgraham/Codes/NeatPaste/app-macos/build/DerivedData/ModuleCache.noindex/Session.modulevalidation -package-name mac_kit_swift -Xcc -I/Users/geraltgraham/Codes/NeatPaste/app-macos/build/DerivedData/Build/Intermediates.noindex/MacKit.build/Release/MacKitLaunchAtLogin.build/swift-overrides.hmap -emit-const-values -Xfrontend -const-gather-protocols-file -Xfrontend /Users/geraltgraham/Codes/NeatPaste/app-macos/build/DerivedData/Build/Intermediates.noindex/MacKit.build/Release/MacKitLaunchAtLogin.build/Objects-normal/x86_64/MacKitLaunchAtLogin_const_extract_protocols.json -Xcc -I/Users/geraltgraham/Codes/NeatPaste/app-macos/build/DerivedData/Build/Products/Release/include -Xcc -I/Users/geraltgraham/Codes/NeatPaste/app-macos/build/DerivedData/Build/Intermediates.noindex/MacKit.build/Release/MacKitLaunchAtLogin.build/DerivedSources-normal/x86_64 -Xcc -I/Users/geraltgraham/Codes/NeatPaste/app-macos/build/DerivedData/Build/Intermediates.noindex/MacKit.build/Release/MacKitLaunchAtLogin.build/DerivedSources/x86_64 -Xcc -I/Users/geraltgraham/Codes/NeatPaste/app-macos/build/DerivedData/Build/Intermediates.noindex/MacKit.build/Release/MacKitLaunchAtLogin.build/DerivedSources -Xcc -DSWIFT_PACKAGE -emit-objc-header -emit-objc-header-path /Users/geraltgraham/Codes/NeatPaste/app-macos/build/DerivedData/Build/Intermediates.noindex/MacKit.build/Release/MacKitLaunchAtLogin.build/Objects-normal/x86_64/MacKitLaunchAtLogin-Swift.h -working-directory /Users/geraltgraham/Codes/NeatPaste/app-macos/NeatPaste.xcodeproj -no-emit-module-separately-wmo

SwiftDriver MacKitUpdater normal arm64 com.apple.xcode.tools.swift.compiler (in target 'MacKitUpdater' from project 'MacKit')
    cd /Users/geraltgraham/Codes/NeatPaste/app-macos/NeatPaste.xcodeproj
    builtin-SwiftDriver -- /Applications/Xcode.app/Contents/Developer/Toolchains/XcodeDefault.xctoolchain/usr/bin/swiftc -module-name MacKitUpdater -O -whole-module-optimization -enforce-exclusivity\=checked @/Users/geraltgraham/Codes/NeatPaste/app-macos/build/DerivedData/Build/Intermediates.noindex/MacKit.build/Release/MacKitUpdater.build/Objects-normal/arm64/MacKitUpdater.SwiftFileList -DSWIFT_PACKAGE -DSWIFT_MODULE_RESOURCE_BUNDLE_UNAVAILABLE -DXcode -plugin-path /Applications/Xcode.app/Contents/Developer/Toolchains/XcodeDefault.xctoolchain/usr/lib/swift/host/plugins/testing -enable-experimental-feature DebugDescriptionMacro -sdk /Applications/Xcode.app/Contents/Developer/Platforms/MacOSX.platform/Developer/SDKs/MacOSX26.2.sdk -target arm64-apple-macos14.0 -g -module-cache-path /Users/geraltgraham/Codes/NeatPaste/app-macos/build/DerivedData/ModuleCache.noindex -Xfrontend -serialize-debugging-options -suppress-warnings -swift-version 6 -I /Users/geraltgraham/Codes/NeatPaste/app-macos/build/DerivedData/Build/Products/Release -Isystem /Applications/Xcode.app/Contents/Developer/Platforms/MacOSX.platform/Developer/usr/lib -F /Users/geraltgraham/Codes/NeatPaste/app-macos/build/DerivedData/Build/Products/Release/PackageFrameworks -F /Users/geraltgraham/Codes/NeatPaste/app-macos/build/DerivedData/Build/Products/Release -F /Applications/Xcode.app/Contents/Developer/Platforms/MacOSX.platform/Developer/Library/Frameworks -parse-as-library -c -num-threads 8 -Xcc -ivfsstatcache -Xcc /Users/geraltgraham/Codes/NeatPaste/app-macos/build/DerivedData/SDKStatCaches.noindex/macosx26.2-25C58-e8867d0c40613ffc63e0238af232dc5000fa09913b459cbbc988d1f6730289ae.sdkstatcache -output-file-map /Users/geraltgraham/Codes/NeatPaste/app-macos/build/DerivedData/Build/Intermediates.noindex/MacKit.build/Release/MacKitUpdater.build/Objects-normal/arm64/MacKitUpdater-OutputFileMap.json -use-frontend-parseable-output -save-temps -no-color-diagnostics -explicit-module-build -module-cache-path /Users/geraltgraham/Codes/NeatPaste/app-macos/build/DerivedData/Build/Intermediates.noindex/SwiftExplicitPrecompiledModules -clang-scanner-module-cache-path /Users/geraltgraham/Codes/NeatPaste/app-macos/build/DerivedData/ModuleCache.noindex -sdk-module-cache-path /Users/geraltgraham/Codes/NeatPaste/app-macos/build/DerivedData/ModuleCache.noindex -serialize-diagnostics -emit-dependencies -emit-module -emit-module-path /Users/geraltgraham/Codes/NeatPaste/app-macos/build/DerivedData/Build/Intermediates.noindex/MacKit.build/Release/MacKitUpdater.build/Objects-normal/arm64/MacKitUpdater.swiftmodule -user-module-version 0.1.4 -validate-clang-modules-once -clang-build-session-file /Users/geraltgraham/Codes/NeatPaste/app-macos/build/DerivedData/ModuleCache.noindex/Session.modulevalidation -package-name mac_kit_swift -Xcc -I/Users/geraltgraham/Codes/NeatPaste/app-macos/build/DerivedData/Build/Intermediates.noindex/MacKit.build/Release/MacKitUpdater.build/swift-overrides.hmap -emit-const-values -Xfrontend -const-gather-protocols-file -Xfrontend /Users/geraltgraham/Codes/NeatPaste/app-macos/build/DerivedData/Build/Intermediates.noindex/MacKit.build/Release/MacKitUpdater.build/Objects-normal/arm64/MacKitUpdater_const_extract_protocols.json -Xcc -I/Users/geraltgraham/Codes/NeatPaste/app-macos/build/DerivedData/Build/Products/Release/include -Xcc -I/Users/geraltgraham/Codes/NeatPaste/app-macos/build/DerivedData/Build/Intermediates.noindex/MacKit.build/Release/MacKitUpdater.build/DerivedSources-normal/arm64 -Xcc -I/Users/geraltgraham/Codes/NeatPaste/app-macos/build/DerivedData/Build/Intermediates.noindex/MacKit.build/Release/MacKitUpdater.build/DerivedSources/arm64 -Xcc -I/Users/geraltgraham/Codes/NeatPaste/app-macos/build/DerivedData/Build/Intermediates.noindex/MacKit.build/Release/MacKitUpdater.build/DerivedSources -Xcc -DSWIFT_PACKAGE -emit-objc-header -emit-objc-header-path /Users/geraltgraham/Codes/NeatPaste/app-macos/build/DerivedData/Build/Intermediates.noindex/MacKit.build/Release/MacKitUpdater.build/Objects-normal/arm64/MacKitUpdater-Swift.h -working-directory /Users/geraltgraham/Codes/NeatPaste/app-macos/NeatPaste.xcodeproj -no-emit-module-separately-wmo


===== RESTART 2026-09-07 15:02:38 =====

[1;34m▶ 检查前置条件[0m

[1;34m▶ 本次发布版本：v1.0.8（内部构建号 9）[0m

[1;34m▶ 生成 Xcode 工程并做 Release 构建[0m
Command line invocation:
    /Applications/Xcode.app/Contents/Developer/usr/bin/xcodebuild -project NeatPaste.xcodeproj -scheme NeatPaste -configuration Release -destination platform=macOS -derivedDataPath build/DerivedData -allowProvisioningUpdates build

Resolve Package Graph


Resolved source packages:
  Sparkle: https://github.com/sparkle-project/Sparkle @ 2.9.6
  MacKit: https://github.com/x0c/mac-kit-swift @ 0.1.4

--- xcodebuild: WARNING: Using the first of multiple matching destinations:
{ platform:macOS, arch:arm64, id:00006000-001868123AFA401E, name:My Mac }
{ platform:macOS, arch:x86_64, id:00006000-001868123AFA401E, name:My Mac }
ComputePackagePrebuildTargetDependencyGraph

Prepare packages

CreateBuildRequest

SendProjectDescription

CreateBuildOperation

ComputeTargetDependencyGraph
note: Building targets in dependency order
note: Target dependency graph (12 targets)
    Target 'NeatPaste' in project 'NeatPaste'
        ➜ Explicit dependency on target 'Sparkle' in project 'Sparkle'
        ➜ Explicit dependency on target 'MacKitCore' in project 'MacKit'
        ➜ Explicit dependency on target 'MacKitLaunchAtLogin' in project 'MacKit'
        ➜ Explicit dependency on target 'MacKitLifecycle' in project 'MacKit'
        ➜ Explicit dependency on target 'MacKitOverlay' in project 'MacKit'
        ➜ Explicit dependency on target 'MacKitUpdater' in project 'MacKit'
    Target 'MacKitUpdater' in project 'MacKit'
        ➜ Explicit dependency on target 'MacKitUpdater' in project 'MacKit'
        ➜ Explicit dependency on target 'MacKitCore' in project 'MacKit'
        ➜ Explicit dependency on target 'Sparkle' in project 'Sparkle'
    Target 'MacKitUpdater' in project 'MacKit'
        ➜ Explicit dependency on target 'MacKitCore' in project 'MacKit'
        ➜ Explicit dependency on target 'Sparkle' in project 'Sparkle'
    Target 'MacKitOverlay' in project 'MacKit'
        ➜ Explicit dependency on target 'MacKitOverlay' in project 'MacKit'
        ➜ Explicit dependency on target 'MacKitCore' in project 'MacKit'
    Target 'MacKitOverlay' in project 'MacKit'
        ➜ Explicit dependency on target 'MacKitCore' in project 'MacKit'
    Target 'MacKitLifecycle' in project 'MacKit'
        ➜ Explicit dependency on target 'MacKitLifecycle' in project 'MacKit'
    Target 'MacKitLifecycle' in project 'MacKit' (no dependencies)
    Target 'MacKitLaunchAtLogin' in project 'MacKit'
        ➜ Explicit dependency on target 'MacKitLaunchAtLogin' in project 'MacKit'
        ➜ Explicit dependency on target 'MacKitCore' in project 'MacKit'
    Target 'MacKitLaunchAtLogin' in project 'MacKit'
        ➜ Explicit dependency on target 'MacKitCore' in project 'MacKit'
    Target 'MacKitCore' in project 'MacKit'
        ➜ Explicit dependency on target 'MacKitCore' in project 'MacKit'
    Target 'MacKitCore' in project 'MacKit' (no dependencies)
    Target 'Sparkle' in project 'Sparkle' (no dependencies)

GatherProvisioningInputs

CreateBuildDescription

ClangStatCache /Applications/Xcode.app/Contents/Developer/Toolchains/XcodeDefault.xctoolchain/usr/bin/clang-stat-cache /Applications/Xcode.app/Contents/Developer/Platforms/MacOSX.platform/Developer/SDKs/MacOSX26.2.sdk /Users/geraltgraham/Codes/NeatPaste/app-macos/build/DerivedData/SDKStatCaches.noindex/macosx26.2-25C58-e8867d0c40613ffc63e0238af232dc5000fa09913b459cbbc988d1f6730289ae.sdkstatcache
    cd /Users/geraltgraham/Codes/NeatPaste/app-macos/NeatPaste.xcodeproj
    /Applications/Xcode.app/Contents/Developer/Toolchains/XcodeDefault.xctoolchain/usr/bin/clang-stat-cache /Applications/Xcode.app/Contents/Developer/Platforms/MacOSX.platform/Developer/SDKs/MacOSX26.2.sdk -o /Users/geraltgraham/Codes/NeatPaste/app-macos/build/DerivedData/SDKStatCaches.noindex/macosx26.2-25C58-e8867d0c40613ffc63e0238af232dc5000fa09913b459cbbc988d1f6730289ae.sdkstatcache

WriteAuxiliaryFile /Users/geraltgraham/Codes/NeatPaste/app-macos/build/DerivedData/Build/Intermediates.noindex/MacKit.build/Release/MacKitUpdater.build/Objects-normal/x86_64/MacKitUpdater.SwiftFileList (in target 'MacKitUpdater' from project 'MacKit')
    cd /Users/geraltgraham/Codes/NeatPaste/app-macos/build/DerivedData/SourcePackages/checkouts/mac-kit-swift
    write-file /Users/geraltgraham/Codes/NeatPaste/app-macos/build/DerivedData/Build/Intermediates.noindex/MacKit.build/Release/MacKitUpdater.build/Objects-normal/x86_64/MacKitUpdater.SwiftFileList

WriteAuxiliaryFile /Users/geraltgraham/Codes/NeatPaste/app-macos/build/DerivedData/Build/Intermediates.noindex/MacKit.build/Release/MacKitUpdater.build/Objects-normal/x86_64/MacKitUpdater.SwiftConstValuesFileList (in target 'MacKitUpdater' from project 'MacKit')
    cd /Users/geraltgraham/Codes/NeatPaste/app-macos/build/DerivedData/SourcePackages/checkouts/mac-kit-swift
    write-file /Users/geraltgraham/Codes/NeatPaste/app-macos/build/DerivedData/Build/Intermediates.noindex/MacKit.build/Release/MacKitUpdater.build/Objects-normal/x86_64/MacKitUpdater.SwiftConstValuesFileList

WriteAuxiliaryFile /Users/geraltgraham/Codes/NeatPaste/app-macos/build/DerivedData/Build/Intermediates.noindex/MacKit.build/Release/MacKitUpdater.build/Objects-normal/x86_64/MacKitUpdater.LinkFileList (in target 'MacKitUpdater' from project 'MacKit')
    cd /Users/geraltgraham/Codes/NeatPaste/app-macos/build/DerivedData/SourcePackages/checkouts/mac-kit-swift
    write-file /Users/geraltgraham/Codes/NeatPaste/app-macos/build/DerivedData/Build/Intermediates.noindex/MacKit.build/Release/MacKitUpdater.build/Objects-normal/x86_64/MacKitUpdater.LinkFileList

WriteAuxiliaryFile /Users/geraltgraham/Codes/NeatPaste/app-macos/build/DerivedData/Build/Intermediates.noindex/MacKit.build/Release/MacKitUpdater.build/Objects-normal/arm64/MacKitUpdater_const_extract_protocols.json (in target 'MacKitUpdater' from project 'MacKit')
    cd /Users/geraltgraham/Codes/NeatPaste/app-macos/build/DerivedData/SourcePackages/checkouts/mac-kit-swift
    write-file /Users/geraltgraham/Codes/NeatPaste/app-macos/build/DerivedData/Build/Intermediates.noindex/MacKit.build/Release/MacKitUpdater.build/Objects-normal/arm64/MacKitUpdater_const_extract_protocols.json

WriteAuxiliaryFile /Users/geraltgraham/Codes/NeatPaste/app-macos/build/DerivedData/Build/Intermediates.noindex/MacKit.build/Release/MacKitUpdater.build/Objects-normal/x86_64/MacKitUpdater-OutputFileMap.json (in target 'MacKitUpdater' from project 'MacKit')
    cd /Users/geraltgraham/Codes/NeatPaste/app-macos/build/DerivedData/SourcePackages/checkouts/mac-kit-swift
    write-file /Users/geraltgraham/Codes/NeatPaste/app-macos/build/DerivedData/Build/Intermediates.noindex/MacKit.build/Release/MacKitUpdater.build/Objects-normal/x86_64/MacKitUpdater-OutputFileMap.json

WriteAuxiliaryFile /Users/geraltgraham/Codes/NeatPaste/app-macos/build/DerivedData/Build/Intermediates.noindex/MacKit.build/Release/MacKitUpdater.build/Objects-normal/arm64/MacKitUpdater.SwiftFileList (in target 'MacKitUpdater' from project 'MacKit')
    cd /Users/geraltgraham/Codes/NeatPaste/app-macos/build/DerivedData/SourcePackages/checkouts/mac-kit-swift
    write-file /Users/geraltgraham/Codes/NeatPaste/app-macos/build/DerivedData/Build/Intermediates.noindex/MacKit.build/Release/MacKitUpdater.build/Objects-normal/arm64/MacKitUpdater.SwiftFileList

WriteAuxiliaryFile /Users/geraltgraham/Codes/NeatPaste/app-macos/build/DerivedData/Build/Intermediates.noindex/MacKit.build/Release/MacKitUpdater.build/Objects-normal/x86_64/MacKitUpdater_const_extract_protocols.json (in target 'MacKitUpdater' from project 'MacKit')
    cd /Users/geraltgraham/Codes/NeatPaste/app-macos/build/DerivedData/SourcePackages/checkouts/mac-kit-swift
    write-file /Users/geraltgraham/Codes/NeatPaste/app-macos/build/DerivedData/Build/Intermediates.noindex/MacKit.build/Release/MacKitUpdater.build/Objects-normal/x86_64/MacKitUpdater_const_extract_protocols.json

WriteAuxiliaryFile /Users/geraltgraham/Codes/NeatPaste/app-macos/build/DerivedData/Build/Intermediates.noindex/MacKit.build/Release/MacKitUpdater.build/Objects-normal/arm64/MacKitUpdater.SwiftConstValuesFileList (in target 'MacKitUpdater' from project 'MacKit')
    cd /Users/geraltgraham/Codes/NeatPaste/app-macos/build/DerivedData/SourcePackages/checkouts/mac-kit-swift
    write-file /Users/geraltgraham/Codes/NeatPaste/app-macos/build/DerivedData/Build/Intermediates.noindex/MacKit.build/Release/MacKitUpdater.build/Objects-normal/arm64/MacKitUpdater.SwiftConstValuesFileList

WriteAuxiliaryFile /Users/geraltgraham/Codes/NeatPaste/app-macos/build/DerivedData/Build/Intermediates.noindex/MacKit.build/Release/MacKitUpdater.build/Objects-normal/arm64/MacKitUpdater.LinkFileList (in target 'MacKitUpdater' from project 'MacKit')
    cd /Users/geraltgraham/Codes/NeatPaste/app-macos/build/DerivedData/SourcePackages/checkouts/mac-kit-swift
    write-file /Users/geraltgraham/Codes/NeatPaste/app-macos/build/DerivedData/Build/Intermediates.noindex/MacKit.build/Release/MacKitUpdater.build/Objects-normal/arm64/MacKitUpdater.LinkFileList

WriteAuxiliaryFile /Users/geraltgraham/Codes/NeatPaste/app-macos/build/DerivedData/Build/Intermediates.noindex/MacKit.build/Release/MacKitUpdater.build/Objects-normal/arm64/MacKitUpdater-OutputFileMap.json (in target 'MacKitUpdater' from project 'MacKit')
    cd /Users/geraltgraham/Codes/NeatPaste/app-macos/build/DerivedData/SourcePackages/checkouts/mac-kit-swift
    write-file /Users/geraltgraham/Codes/NeatPaste/app-macos/build/DerivedData/Build/Intermediates.noindex/MacKit.build/Release/MacKitUpdater.build/Objects-normal/arm64/MacKitUpdater-OutputFileMap.json

WriteAuxiliaryFile /Users/geraltgraham/Codes/NeatPaste/app-macos/build/DerivedData/Build/Intermediates.noindex/MacKit.build/Release/MacKitUpdater.build/MacKitUpdater.modulemap (in target 'MacKitUpdater' from project 'MacKit')
    cd /Users/geraltgraham/Codes/NeatPaste/app-macos/build/DerivedData/SourcePackages/checkouts/mac-kit-swift
    write-file /Users/geraltgraham/Codes/NeatPaste/app-macos/build/DerivedData/Build/Intermediates.noindex/MacKit.build/Release/MacKitUpdater.build/MacKitUpdater.modulemap

WriteAuxiliaryFile /Users/geraltgraham/Codes/NeatPaste/app-macos/build/DerivedData/Build/Intermediates.noindex/MacKit.build/Release/MacKitUpdater.build/MacKitUpdater.DependencyStaticMetadataFileList (in target 'MacKitUpdater' from project 'MacKit')
    cd /Users/geraltgraham/Codes/NeatPaste/app-macos/build/DerivedData/SourcePackages/checkouts/mac-kit-swift
    write-file /Users/geraltgraham/Codes/NeatPaste/app-macos/build/DerivedData/Build/Intermediates.noindex/MacKit.build/Release/MacKitUpdater.build/MacKitUpdater.DependencyStaticMetadataFileList

WriteAuxiliaryFile /Users/geraltgraham/Codes/NeatPaste/app-macos/build/DerivedData/Build/Intermediates.noindex/MacKit.build/Release/MacKitUpdater.build/MacKitUpdater.DependencyMetadataFileList (in target 'MacKitUpdater' from project 'MacKit')
    cd /Users/geraltgraham/Codes/NeatPaste/app-macos/build/DerivedData/SourcePackages/checkouts/mac-kit-swift
    write-file /Users/geraltgraham/Codes/NeatPaste/app-macos/build/DerivedData/Build/Intermediates.noindex/MacKit.build/Release/MacKitUpdater.build/MacKitUpdater.DependencyMetadataFileList

WriteAuxiliaryFile /Users/geraltgraham/Codes/NeatPaste/app-macos/build/DerivedData/Build/Intermediates.noindex/MacKit.build/Release/MacKitOverlay.build/Objects-normal/x86_64/MacKitOverlay_const_extract_protocols.json (in target 'MacKitOverlay' from project 'MacKit')
    cd /Users/geraltgraham/Codes/NeatPaste/app-macos/build/DerivedData/SourcePackages/checkouts/mac-kit-swift
    write-file /Users/geraltgraham/Codes/NeatPaste/app-macos/build/DerivedData/Build/Intermediates.noindex/MacKit.build/Release/MacKitOverlay.build/Objects-normal/x86_64/MacKitOverlay_const_extract_protocols.json

WriteAuxiliaryFile /Users/geraltgraham/Codes/NeatPaste/app-macos/build/DerivedData/Build/Intermediates.noindex/MacKit.build/Release/MacKitOverlay.build/Objects-normal/x86_64/MacKitOverlay.SwiftFileList (in target 'MacKitOverlay' from project 'MacKit')
    cd /Users/geraltgraham/Codes/NeatPaste/app-macos/build/DerivedData/SourcePackages/checkouts/mac-kit-swift
    write-file /Users/geraltgraham/Codes/NeatPaste/app-macos/build/DerivedData/Build/Intermediates.noindex/MacKit.build/Release/MacKitOverlay.build/Objects-normal/x86_64/MacKitOverlay.SwiftFileList

WriteAuxiliaryFile /Users/geraltgraham/Codes/NeatPaste/app-macos/build/DerivedData/Build/Intermediates.noindex/MacKit.build/Release/MacKitOverlay.build/Objects-normal/x86_64/MacKitOverlay.SwiftConstValuesFileList (in target 'MacKitOverlay' from project 'MacKit')
    cd /Users/geraltgraham/Codes/NeatPaste/app-macos/build/DerivedData/SourcePackages/checkouts/mac-kit-swift
    write-file /Users/geraltgraham/Codes/NeatPaste/app-macos/build/DerivedData/Build/Intermediates.noindex/MacKit.build/Release/MacKitOverlay.build/Objects-normal/x86_64/MacKitOverlay.SwiftConstValuesFileList

WriteAuxiliaryFile /Users/geraltgraham/Codes/NeatPaste/app-macos/build/DerivedData/Build/Intermediates.noindex/MacKit.build/Release/MacKitOverlay.build/Objects-normal/x86_64/MacKitOverlay.LinkFileList (in target 'MacKitOverlay' from project 'MacKit')
    cd /Users/geraltgraham/Codes/NeatPaste/app-macos/build/DerivedData/SourcePackages/checkouts/mac-kit-swift
    write-file /Users/geraltgraham/Codes/NeatPaste/app-macos/build/DerivedData/Build/Intermediates.noindex/MacKit.build/Release/MacKitOverlay.build/Objects-normal/x86_64/MacKitOverlay.LinkFileList

WriteAuxiliaryFile /Users/geraltgraham/Codes/NeatPaste/app-macos/build/DerivedData/Build/Intermediates.noindex/MacKit.build/Release/MacKitOverlay.build/Objects-normal/x86_64/MacKitOverlay-OutputFileMap.json (in target 'MacKitOverlay' from project 'MacKit')
    cd /Users/geraltgraham/Codes/NeatPaste/app-macos/build/DerivedData/SourcePackages/checkouts/mac-kit-swift
    write-file /Users/geraltgraham/Codes/NeatPaste/app-macos/build/DerivedData/Build/Intermediates.noindex/MacKit.build/Release/MacKitOverlay.build/Objects-normal/x86_64/MacKitOverlay-OutputFileMap.json

WriteAuxiliaryFile /Users/geraltgraham/Codes/NeatPaste/app-macos/build/DerivedData/Build/Intermediates.noindex/MacKit.build/Release/MacKitOverlay.build/Objects-normal/arm64/MacKitOverlay_const_extract_protocols.json (in target 'MacKitOverlay' from project 'MacKit')
    cd /Users/geraltgraham/Codes/NeatPaste/app-macos/build/DerivedData/SourcePackages/checkouts/mac-kit-swift
    write-file /Users/geraltgraham/Codes/NeatPaste/app-macos/build/DerivedData/Build/Intermediates.noindex/MacKit.build/Release/MacKitOverlay.build/Objects-normal/arm64/MacKitOverlay_const_extract_protocols.json

WriteAuxiliaryFile /Users/geraltgraham/Codes/NeatPaste/app-macos/build/DerivedData/Build/Intermediates.noindex/MacKit.build/Release/MacKitOverlay.build/Objects-normal/arm64/MacKitOverlay.SwiftFileList (in target 'MacKitOverlay' from project 'MacKit')
    cd /Users/geraltgraham/Codes/NeatPaste/app-macos/build/DerivedData/SourcePackages/checkouts/mac-kit-swift
    write-file /Users/geraltgraham/Codes/NeatPaste/app-macos/build/DerivedData/Build/Intermediates.noindex/MacKit.build/Release/MacKitOverlay.build/Objects-normal/arm64/MacKitOverlay.SwiftFileList

Copy /Users/geraltgraham/Codes/NeatPaste/app-macos/build/DerivedData/Build/Intermediates.noindex/GeneratedModuleMaps/MacKitUpdater.modulemap /Users/geraltgraham/Codes/NeatPaste/app-macos/build/DerivedData/Build/Intermediates.noindex/MacKit.build/Release/MacKitUpdater.build/MacKitUpdater.modulemap (in target 'MacKitUpdater' from project 'MacKit')
    cd /Users/geraltgraham/Codes/NeatPaste/app-macos/build/DerivedData/SourcePackages/checkouts/mac-kit-swift
    builtin-copy -exclude .DS_Store -exclude CVS -exclude .svn -exclude .git -exclude .hg -strip-unsigned-binaries -strip-deterministic -strip-tool /Applications/Xcode.app/Contents/Developer/Toolchains/XcodeDefault.xctoolchain/usr/bin/strip -resolve-src-symlinks /Users/geraltgraham/Codes/NeatPaste/app-macos/build/DerivedData/Build/Intermediates.noindex/MacKit.build/Release/MacKitUpdater.build/MacKitUpdater.modulemap /Users/geraltgraham/Codes/NeatPaste/app-macos/build/DerivedData/Build/Intermediates.noindex/GeneratedModuleMaps

WriteAuxiliaryFile /Users/geraltgraham/Codes/NeatPaste/app-macos/build/DerivedData/Build/Intermediates.noindex/MacKit.build/Release/MacKitOverlay.build/Objects-normal/arm64/MacKitOverlay.SwiftConstValuesFileList (in target 'MacKitOverlay' from project 'MacKit')
    cd /Users/geraltgraham/Codes/NeatPaste/app-macos/build/DerivedData/SourcePackages/checkouts/mac-kit-swift
    write-file /Users/geraltgraham/Codes/NeatPaste/app-macos/build/DerivedData/Build/Intermediates.noindex/MacKit.build/Release/MacKitOverlay.build/Objects-normal/arm64/MacKitOverlay.SwiftConstValuesFileList

WriteAuxiliaryFile /Users/geraltgraham/Codes/NeatPaste/app-macos/build/DerivedData/Build/Intermediates.noindex/MacKit.build/Release/MacKitOverlay.build/Objects-normal/arm64/MacKitOverlay.LinkFileList (in target 'MacKitOverlay' from project 'MacKit')
    cd /Users/geraltgraham/Codes/NeatPaste/app-macos/build/DerivedData/SourcePackages/checkouts/mac-kit-swift
    write-file /Users/geraltgraham/Codes/NeatPaste/app-macos/build/DerivedData/Build/Intermediates.noindex/MacKit.build/Release/MacKitOverlay.build/Objects-normal/arm64/MacKitOverlay.LinkFileList

WriteAuxiliaryFile /Users/geraltgraham/Codes/NeatPaste/app-macos/build/DerivedData/Build/Intermediates.noindex/MacKit.build/Release/MacKitOverlay.build/Objects-normal/arm64/MacKitOverlay-OutputFileMap.json (in target 'MacKitOverlay' from project 'MacKit')
    cd /Users/geraltgraham/Codes/NeatPaste/app-macos/build/DerivedData/SourcePackages/checkouts/mac-kit-swift
    write-file /Users/geraltgraham/Codes/NeatPaste/app-macos/build/DerivedData/Build/Intermediates.noindex/MacKit.build/Release/MacKitOverlay.build/Objects-normal/arm64/MacKitOverlay-OutputFileMap.json

WriteAuxiliaryFile /Users/geraltgraham/Codes/NeatPaste/app-macos/build/DerivedData/Build/Intermediates.noindex/MacKit.build/Release/MacKitOverlay.build/MacKitOverlay.modulemap (in target 'MacKitOverlay' from project 'MacKit')
    cd /Users/geraltgraham/Codes/NeatPaste/app-macos/build/DerivedData/SourcePackages/checkouts/mac-kit-swift
    write-file /Users/geraltgraham/Codes/NeatPaste/app-macos/build/DerivedData/Build/Intermediates.noindex/MacKit.build/Release/MacKitOverlay.build/MacKitOverlay.modulemap

WriteAuxiliaryFile /Users/geraltgraham/Codes/NeatPaste/app-macos/build/DerivedData/Build/Intermediates.noindex/MacKit.build/Release/MacKitOverlay.build/MacKitOverlay.DependencyStaticMetadataFileList (in target 'MacKitOverlay' from project 'MacKit')
    cd /Users/geraltgraham/Codes/NeatPaste/app-macos/build/DerivedData/SourcePackages/checkouts/mac-kit-swift
    write-file /Users/geraltgraham/Codes/NeatPaste/app-macos/build/DerivedData/Build/Intermediates.noindex/MacKit.build/Release/MacKitOverlay.build/MacKitOverlay.DependencyStaticMetadataFileList

WriteAuxiliaryFile /Users/geraltgraham/Codes/NeatPaste/app-macos/build/DerivedData/Build/Intermediates.noindex/MacKit.build/Release/MacKitOverlay.build/MacKitOverlay.DependencyMetadataFileList (in target 'MacKitOverlay' from project 'MacKit')
    cd /Users/geraltgraham/Codes/NeatPaste/app-macos/build/DerivedData/SourcePackages/checkouts/mac-kit-swift
    write-file /Users/geraltgraham/Codes/NeatPaste/app-macos/build/DerivedData/Build/Intermediates.noindex/MacKit.build/Release/MacKitOverlay.build/MacKitOverlay.DependencyMetadataFileList

Copy /Users/geraltgraham/Codes/NeatPaste/app-macos/build/DerivedData/Build/Intermediates.noindex/GeneratedModuleMaps/MacKitLifecycle.modulemap /Users/geraltgraham/Codes/NeatPaste/app-macos/build/DerivedData/Build/Intermediates.noindex/MacKit.build/Release/MacKitLifecycle.build/MacKitLifecycle.modulemap (in target 'MacKitLifecycle' from project 'MacKit')
    cd /Users/geraltgraham/Codes/NeatPaste/app-macos/build/DerivedData/SourcePackages/checkouts/mac-kit-swift
    builtin-copy -exclude .DS_Store -exclude CVS -exclude .svn -exclude .git -exclude .hg -strip-unsigned-binaries -strip-deterministic -strip-tool /Applications/Xcode.app/Contents/Developer/Toolchains/XcodeDefault.xctoolchain/usr/bin/strip -resolve-src-symlinks /Users/geraltgraham/Codes/NeatPaste/app-macos/build/DerivedData/Build/Intermediates.noindex/MacKit.build/Release/MacKitLifecycle.build/MacKitLifecycle.modulemap /Users/geraltgraham/Codes/NeatPaste/app-macos/build/DerivedData/Build/Intermediates.noindex/GeneratedModuleMaps

Copy /Users/geraltgraham/Codes/NeatPaste/app-macos/build/DerivedData/Build/Intermediates.noindex/GeneratedModuleMaps/MacKitLaunchAtLogin.modulemap /Users/geraltgraham/Codes/NeatPaste/app-macos/build/DerivedData/Build/Intermediates.noindex/MacKit.build/Release/MacKitLaunchAtLogin.build/MacKitLaunchAtLogin.modulemap (in target 'MacKitLaunchAtLogin' from project 'MacKit')
    cd /Users/geraltgraham/Codes/NeatPaste/app-macos/build/DerivedData/SourcePackages/checkouts/mac-kit-swift
    builtin-copy -exclude .DS_Store -exclude CVS -exclude .svn -exclude .git -exclude .hg -strip-unsigned-binaries -strip-deterministic -strip-tool /Applications/Xcode.app/Contents/Developer/Toolchains/XcodeDefault.xctoolchain/usr/bin/strip -resolve-src-symlinks /Users/geraltgraham/Codes/NeatPaste/app-macos/build/DerivedData/Build/Intermediates.noindex/MacKit.build/Release/MacKitLaunchAtLogin.build/MacKitLaunchAtLogin.modulemap /Users/geraltgraham/Codes/NeatPaste/app-macos/build/DerivedData/Build/Intermediates.noindex/GeneratedModuleMaps

Copy /Users/geraltgraham/Codes/NeatPaste/app-macos/build/DerivedData/Build/Intermediates.noindex/GeneratedModuleMaps/MacKitCore.modulemap /Users/geraltgraham/Codes/NeatPaste/app-macos/build/DerivedData/Build/Intermediates.noindex/MacKit.build/Release/MacKitCore.build/MacKitCore.modulemap (in target 'MacKitCore' from project 'MacKit')
    cd /Users/geraltgraham/Codes/NeatPaste/app-macos/build/DerivedData/SourcePackages/checkouts/mac-kit-swift
    builtin-copy -exclude .DS_Store -exclude CVS -exclude .svn -exclude .git -exclude .hg -strip-unsigned-binaries -strip-deterministic -strip-tool /Applications/Xcode.app/Contents/Developer/Toolchains/XcodeDefault.xctoolchain/usr/bin/strip -resolve-src-symlinks /Users/geraltgraham/Codes/NeatPaste/app-macos/build/DerivedData/Build/Intermediates.noindex/MacKit.build/Release/MacKitCore.build/MacKitCore.modulemap /Users/geraltgraham/Codes/NeatPaste/app-macos/build/DerivedData/Build/Intermediates.noindex/GeneratedModuleMaps

Copy /Users/geraltgraham/Codes/NeatPaste/app-macos/build/DerivedData/Build/Intermediates.noindex/GeneratedModuleMaps/MacKitOverlay.modulemap /Users/geraltgraham/Codes/NeatPaste/app-macos/build/DerivedData/Build/Intermediates.noindex/MacKit.build/Release/MacKitOverlay.build/MacKitOverlay.modulemap (in target 'MacKitOverlay' from project 'MacKit')
    cd /Users/geraltgraham/Codes/NeatPaste/app-macos/build/DerivedData/SourcePackages/checkouts/mac-kit-swift
    builtin-copy -exclude .DS_Store -exclude CVS -exclude .svn -exclude .git -exclude .hg -strip-unsigned-binaries -strip-deterministic -strip-tool /Applications/Xcode.app/Contents/Developer/Toolchains/XcodeDefault.xctoolchain/usr/bin/strip -resolve-src-symlinks /Users/geraltgraham/Codes/NeatPaste/app-macos/build/DerivedData/Build/Intermediates.noindex/MacKit.build/Release/MacKitOverlay.build/MacKitOverlay.modulemap /Users/geraltgraham/Codes/NeatPaste/app-macos/build/DerivedData/Build/Intermediates.noindex/GeneratedModuleMaps

WriteAuxiliaryFile /Users/geraltgraham/Codes/NeatPaste/app-macos/build/DerivedData/Build/Intermediates.noindex/NeatPaste.build/Release/NeatPaste.build/Objects-normal/x86_64/NeatPaste.SwiftFileList (in target 'NeatPaste' from project 'NeatPaste')
    cd /Users/geraltgraham/Codes/NeatPaste/app-macos
    write-file /Users/geraltgraham/Codes/NeatPaste/app-macos/build/DerivedData/Build/Intermediates.noindex/NeatPaste.build/Release/NeatPaste.build/Objects-normal/x86_64/NeatPaste.SwiftFileList

WriteAuxiliaryFile /Users/geraltgraham/Codes/NeatPaste/app-macos/build/DerivedData/Build/Intermediates.noindex/NeatPaste.build/Release/NeatPaste.build/Objects-normal/x86_64/NeatPaste.LinkFileList (in target 'NeatPaste' from project 'NeatPaste')
    cd /Users/geraltgraham/Codes/NeatPaste/app-macos
    write-file /Users/geraltgraham/Codes/NeatPaste/app-macos/build/DerivedData/Build/Intermediates.noindex/NeatPaste.build/Release/NeatPaste.build/Objects-normal/x86_64/NeatPaste.LinkFileList

WriteAuxiliaryFile /Users/geraltgraham/Codes/NeatPaste/app-macos/build/DerivedData/Build/Intermediates.noindex/NeatPaste.build/Release/NeatPaste.build/Objects-normal/x86_64/NeatPaste-OutputFileMap.json (in target 'NeatPaste' from project 'NeatPaste')
    cd /Users/geraltgraham/Codes/NeatPaste/app-macos
    write-file /Users/geraltgraham/Codes/NeatPaste/app-macos/build/DerivedData/Build/Intermediates.noindex/NeatPaste.build/Release/NeatPaste.build/Objects-normal/x86_64/NeatPaste-OutputFileMap.json

WriteAuxiliaryFile /Users/geraltgraham/Codes/NeatPaste/app-macos/build/DerivedData/Build/Intermediates.noindex/NeatPaste.build/Release/NeatPaste.build/Objects-normal/arm64/NeatPaste.SwiftFileList (in target 'NeatPaste' from project 'NeatPaste')
    cd /Users/geraltgraham/Codes/NeatPaste/app-macos
    write-file /Users/geraltgraham/Codes/NeatPaste/app-macos/build/DerivedData/Build/Intermediates.noindex/NeatPaste.build/Release/NeatPaste.build/Objects-normal/arm64/NeatPaste.SwiftFileList

WriteAuxiliaryFile /Users/geraltgraham/Codes/NeatPaste/app-macos/build/DerivedData/Build/Intermediates.noindex/NeatPaste.build/Release/NeatPaste.build/Objects-normal/arm64/NeatPaste.LinkFileList (in target 'NeatPaste' from project 'NeatPaste')
    cd /Users/geraltgraham/Codes/NeatPaste/app-macos
    write-file /Users/geraltgraham/Codes/NeatPaste/app-macos/build/DerivedData/Build/Intermediates.noindex/NeatPaste.build/Release/NeatPaste.build/Objects-normal/arm64/NeatPaste.LinkFileList

WriteAuxiliaryFile /Users/geraltgraham/Codes/NeatPaste/app-macos/build/DerivedData/Build/Intermediates.noindex/NeatPaste.build/Release/NeatPaste.build/Objects-normal/arm64/NeatPaste-OutputFileMap.json (in target 'NeatPaste' from project 'NeatPaste')
    cd /Users/geraltgraham/Codes/NeatPaste/app-macos
    write-file /Users/geraltgraham/Codes/NeatPaste/app-macos/build/DerivedData/Build/Intermediates.noindex/NeatPaste.build/Release/NeatPaste.build/Objects-normal/arm64/NeatPaste-OutputFileMap.json

WriteAuxiliaryFile /Users/geraltgraham/Codes/NeatPaste/app-macos/build/DerivedData/Build/Intermediates.noindex/NeatPaste.build/Release/NeatPaste.build/NeatPaste.DependencyStaticMetadataFileList (in target 'NeatPaste' from project 'NeatPaste')
    cd /Users/geraltgraham/Codes/NeatPaste/app-macos
    write-file /Users/geraltgraham/Codes/NeatPaste/app-macos/build/DerivedData/Build/Intermediates.noindex/NeatPaste.build/Release/NeatPaste.build/NeatPaste.DependencyStaticMetadataFileList

SwiftDriver MacKitLifecycle normal arm64 com.apple.xcode.tools.swift.compiler (in target 'MacKitLifecycle' from project 'MacKit')
    cd /Users/geraltgraham/Codes/NeatPaste/app-macos/NeatPaste.xcodeproj
    builtin-SwiftDriver -- /Applications/Xcode.app/Contents/Developer/Toolchains/XcodeDefault.xctoolchain/usr/bin/swiftc -module-name MacKitLifecycle -O -whole-module-optimization -enforce-exclusivity\=checked @/Users/geraltgraham/Codes/NeatPaste/app-macos/build/DerivedData/Build/Intermediates.noindex/MacKit.build/Release/MacKitLifecycle.build/Objects-normal/arm64/MacKitLifecycle.SwiftFileList -DSWIFT_PACKAGE -DSWIFT_MODULE_RESOURCE_BUNDLE_UNAVAILABLE -DXcode -plugin-path /Applications/Xcode.app/Contents/Developer/Toolchains/XcodeDefault.xctoolchain/usr/lib/swift/host/plugins/testing -enable-experimental-feature DebugDescriptionMacro -sdk /Applications/Xcode.app/Contents/Developer/Platforms/MacOSX.platform/Developer/SDKs/MacOSX26.2.sdk -target arm64-apple-macos14.0 -g -module-cache-path /Users/geraltgraham/Codes/NeatPaste/app-macos/build/DerivedData/ModuleCache.noindex -Xfrontend -serialize-debugging-options -suppress-warnings -swift-version 6 -I /Users/geraltgraham/Codes/NeatPaste/app-macos/build/DerivedData/Build/Products/Release -Isystem /Applications/Xcode.app/Contents/Developer/Platforms/MacOSX.platform/Developer/usr/lib -F /Users/geraltgraham/Codes/NeatPaste/app-macos/build/DerivedData/Build/Products/Release -F /Applications/Xcode.app/Contents/Developer/Platforms/MacOSX.platform/Developer/Library/Frameworks -c -num-threads 8 -Xcc -ivfsstatcache -Xcc /Users/geraltgraham/Codes/NeatPaste/app-macos/build/DerivedData/SDKStatCaches.noindex/macosx26.2-25C58-e8867d0c40613ffc63e0238af232dc5000fa09913b459cbbc988d1f6730289ae.sdkstatcache -output-file-map /Users/geraltgraham/Codes/NeatPaste/app-macos/build/DerivedData/Build/Intermediates.noindex/MacKit.build/Release/MacKitLifecycle.build/Objects-normal/arm64/MacKitLifecycle-OutputFileMap.json -use-frontend-parseable-output -save-temps -no-color-diagnostics -explicit-module-build -module-cache-path /Users/geraltgraham/Codes/NeatPaste/app-macos/build/DerivedData/Build/Intermediates.noindex/SwiftExplicitPrecompiledModules -clang-scanner-module-cache-path /Users/geraltgraham/Codes/NeatPaste/app-macos/build/DerivedData/ModuleCache.noindex -sdk-module-cache-path /Users/geraltgraham/Codes/NeatPaste/app-macos/build/DerivedData/ModuleCache.noindex -serialize-diagnostics -emit-dependencies -emit-module -emit-module-path /Users/geraltgraham/Codes/NeatPaste/app-macos/build/DerivedData/Build/Intermediates.noindex/MacKit.build/Release/MacKitLifecycle.build/Objects-normal/arm64/MacKitLifecycle.swiftmodule -user-module-version 0.1.4 -validate-clang-modules-once -clang-build-session-file /Users/geraltgraham/Codes/NeatPaste/app-macos/build/DerivedData/ModuleCache.noindex/Session.modulevalidation -package-name mac_kit_swift -Xcc -I/Users/geraltgraham/Codes/NeatPaste/app-macos/build/DerivedData/Build/Intermediates.noindex/MacKit.build/Release/MacKitLifecycle.build/swift-overrides.hmap -emit-const-values -Xfrontend -const-gather-protocols-file -Xfrontend /Users/geraltgraham/Codes/NeatPaste/app-macos/build/DerivedData/Build/Intermediates.noindex/MacKit.build/Release/MacKitLifecycle.build/Objects-normal/arm64/MacKitLifecycle_const_extract_protocols.json -Xcc -I/Users/geraltgraham/Codes/NeatPaste/app-macos/build/DerivedData/Build/Products/Release/include -Xcc -I/Users/geraltgraham/Codes/NeatPaste/app-macos/build/DerivedData/Build/Intermediates.noindex/MacKit.build/Release/MacKitLifecycle.build/DerivedSources-normal/arm64 -Xcc -I/Users/geraltgraham/Codes/NeatPaste/app-macos/build/DerivedData/Build/Intermediates.noindex/MacKit.build/Release/MacKitLifecycle.build/DerivedSources/arm64 -Xcc -I/Users/geraltgraham/Codes/NeatPaste/app-macos/build/DerivedData/Build/Intermediates.noindex/MacKit.build/Release/MacKitLifecycle.build/DerivedSources -Xcc -DSWIFT_PACKAGE -emit-objc-header -emit-objc-header-path /Users/geraltgraham/Codes/NeatPaste/app-macos/build/DerivedData/Build/Intermediates.noindex/MacKit.build/Release/MacKitLifecycle.build/Objects-normal/arm64/MacKitLifecycle-Swift.h -working-directory /Users/geraltgraham/Codes/NeatPaste/app-macos/NeatPaste.xcodeproj -no-emit-module-separately-wmo

SwiftDriver MacKitLifecycle normal x86_64 com.apple.xcode.tools.swift.compiler (in target 'MacKitLifecycle' from project 'MacKit')
    cd /Users/geraltgraham/Codes/NeatPaste/app-macos/NeatPaste.xcodeproj
    builtin-SwiftDriver -- /Applications/Xcode.app/Contents/Developer/Toolchains/XcodeDefault.xctoolchain/usr/bin/swiftc -module-name MacKitLifecycle -O -whole-module-optimization -enforce-exclusivity\=checked @/Users/geraltgraham/Codes/NeatPaste/app-macos/build/DerivedData/Build/Intermediates.noindex/MacKit.build/Release/MacKitLifecycle.build/Objects-normal/x86_64/MacKitLifecycle.SwiftFileList -DSWIFT_PACKAGE -DSWIFT_MODULE_RESOURCE_BUNDLE_UNAVAILABLE -DXcode -plugin-path /Applications/Xcode.app/Contents/Developer/Toolchains/XcodeDefault.xctoolchain/usr/lib/swift/host/plugins/testing -enable-experimental-feature DebugDescriptionMacro -sdk /Applications/Xcode.app/Contents/Developer/Platforms/MacOSX.platform/Developer/SDKs/MacOSX26.2.sdk -target x86_64-apple-macos14.0 -g -module-cache-path /Users/geraltgraham/Codes/NeatPaste/app-macos/build/DerivedData/ModuleCache.noindex -Xfrontend -serialize-debugging-options -suppress-warnings -swift-version 6 -I /Users/geraltgraham/Codes/NeatPaste/app-macos/build/DerivedData/Build/Products/Release -Isystem /Applications/Xcode.app/Contents/Developer/Platforms/MacOSX.platform/Developer/usr/lib -F /Users/geraltgraham/Codes/NeatPaste/app-macos/build/DerivedData/Build/Products/Release -F /Applications/Xcode.app/Contents/Developer/Platforms/MacOSX.platform/Developer/Library/Frameworks -c -num-threads 8 -Xcc -ivfsstatcache -Xcc /Users/geraltgraham/Codes/NeatPaste/app-macos/build/DerivedData/SDKStatCaches.noindex/macosx26.2-25C58-e8867d0c40613ffc63e0238af232dc5000fa09913b459cbbc988d1f6730289ae.sdkstatcache -output-file-map /Users/geraltgraham/Codes/NeatPaste/app-macos/build/DerivedData/Build/Intermediates.noindex/MacKit.build/Release/MacKitLifecycle.build/Objects-normal/x86_64/MacKitLifecycle-OutputFileMap.json -use-frontend-parseable-output -save-temps -no-color-diagnostics -explicit-module-build -module-cache-path /Users/geraltgraham/Codes/NeatPaste/app-macos/build/DerivedData/Build/Intermediates.noindex/SwiftExplicitPrecompiledModules -clang-scanner-module-cache-path /Users/geraltgraham/Codes/NeatPaste/app-macos/build/DerivedData/ModuleCache.noindex -sdk-module-cache-path /Users/geraltgraham/Codes/NeatPaste/app-macos/build/DerivedData/ModuleCache.noindex -serialize-diagnostics -emit-dependencies -emit-module -emit-module-path /Users/geraltgraham/Codes/NeatPaste/app-macos/build/DerivedData/Build/Intermediates.noindex/MacKit.build/Release/MacKitLifecycle.build/Objects-normal/x86_64/MacKitLifecycle.swiftmodule -user-module-version 0.1.4 -validate-clang-modules-once -clang-build-session-file /Users/geraltgraham/Codes/NeatPaste/app-macos/build/DerivedData/ModuleCache.noindex/Session.modulevalidation -package-name mac_kit_swift -Xcc -I/Users/geraltgraham/Codes/NeatPaste/app-macos/build/DerivedData/Build/Intermediates.noindex/MacKit.build/Release/MacKitLifecycle.build/swift-overrides.hmap -emit-const-values -Xfrontend -const-gather-protocols-file -Xfrontend /Users/geraltgraham/Codes/NeatPaste/app-macos/build/DerivedData/Build/Intermediates.noindex/MacKit.build/Release/MacKitLifecycle.build/Objects-normal/x86_64/MacKitLifecycle_const_extract_protocols.json -Xcc -I/Users/geraltgraham/Codes/NeatPaste/app-macos/build/DerivedData/Build/Products/Release/include -Xcc -I/Users/geraltgraham/Codes/NeatPaste/app-macos/build/DerivedData/Build/Intermediates.noindex/MacKit.build/Release/MacKitLifecycle.build/DerivedSources-normal/x86_64 -Xcc -I/Users/geraltgraham/Codes/NeatPaste/app-macos/build/DerivedData/Build/Intermediates.noindex/MacKit.build/Release/MacKitLifecycle.build/DerivedSources/x86_64 -Xcc -I/Users/geraltgraham/Codes/NeatPaste/app-macos/build/DerivedData/Build/Intermediates.noindex/MacKit.build/Release/MacKitLifecycle.build/DerivedSources -Xcc -DSWIFT_PACKAGE -emit-objc-header -emit-objc-header-path /Users/geraltgraham/Codes/NeatPaste/app-macos/build/DerivedData/Build/Intermediates.noindex/MacKit.build/Release/MacKitLifecycle.build/Objects-normal/x86_64/MacKitLifecycle-Swift.h -working-directory /Users/geraltgraham/Codes/NeatPaste/app-macos/NeatPaste.xcodeproj -no-emit-module-separately-wmo

SwiftDriver MacKitCore normal arm64 com.apple.xcode.tools.swift.compiler (in target 'MacKitCore' from project 'MacKit')
    cd /Users/geraltgraham/Codes/NeatPaste/app-macos/NeatPaste.xcodeproj
    builtin-SwiftDriver -- /Applications/Xcode.app/Contents/Developer/Toolchains/XcodeDefault.xctoolchain/usr/bin/swiftc -module-name MacKitCore -O -whole-module-optimization -enforce-exclusivity\=checked @/Users/geraltgraham/Codes/NeatPaste/app-macos/build/DerivedData/Build/Intermediates.noindex/MacKit.build/Release/MacKitCore.build/Objects-normal/arm64/MacKitCore.SwiftFileList -DSWIFT_PACKAGE -DSWIFT_MODULE_RESOURCE_BUNDLE_UNAVAILABLE -DXcode -plugin-path /Applications/Xcode.app/Contents/Developer/Toolchains/XcodeDefault.xctoolchain/usr/lib/swift/host/plugins/testing -enable-experimental-feature DebugDescriptionMacro -sdk /Applications/Xcode.app/Contents/Developer/Platforms/MacOSX.platform/Developer/SDKs/MacOSX26.2.sdk -target arm64-apple-macos14.0 -g -module-cache-path /Users/geraltgraham/Codes/NeatPaste/app-macos/build/DerivedData/ModuleCache.noindex -Xfrontend -serialize-debugging-options -suppress-warnings -swift-version 6 -I /Users/geraltgraham/Codes/NeatPaste/app-macos/build/DerivedData/Build/Products/Release -Isystem /Applications/Xcode.app/Contents/Developer/Platforms/MacOSX.platform/Developer/usr/lib -F /Users/geraltgraham/Codes/NeatPaste/app-macos/build/DerivedData/Build/Products/Release -F /Applications/Xcode.app/Contents/Developer/Platforms/MacOSX.platform/Developer/Library/Frameworks -c -num-threads 8 -Xcc -ivfsstatcache -Xcc /Users/geraltgraham/Codes/NeatPaste/app-macos/build/DerivedData/SDKStatCaches.noindex/macosx26.2-25C58-e8867d0c40613ffc63e0238af232dc5000fa09913b459cbbc988d1f6730289ae.sdkstatcache -output-file-map /Users/geraltgraham/Codes/NeatPaste/app-macos/build/DerivedData/Build/Intermediates.noindex/MacKit.build/Release/MacKitCore.build/Objects-normal/arm64/MacKitCore-OutputFileMap.json -use-frontend-parseable-output -save-temps -no-color-diagnostics -explicit-module-build -module-cache-path /Users/geraltgraham/Codes/NeatPaste/app-macos/build/DerivedData/Build/Intermediates.noindex/SwiftExplicitPrecompiledModules -clang-scanner-module-cache-path /Users/geraltgraham/Codes/NeatPaste/app-macos/build/DerivedData/ModuleCache.noindex -sdk-module-cache-path /Users/geraltgraham/Codes/NeatPaste/app-macos/build/DerivedData/ModuleCache.noindex -serialize-diagnostics -emit-dependencies -emit-module -emit-module-path /Users/geraltgraham/Codes/NeatPaste/app-macos/build/DerivedData/Build/Intermediates.noindex/MacKit.build/Release/MacKitCore.build/Objects-normal/arm64/MacKitCore.swiftmodule -user-module-version 0.1.4 -validate-clang-modules-once -clang-build-session-file /Users/geraltgraham/Codes/NeatPaste/app-macos/build/DerivedData/ModuleCache.noindex/Session.modulevalidation -package-name mac_kit_swift -Xcc -I/Users/geraltgraham/Codes/NeatPaste/app-macos/build/DerivedData/Build/Intermediates.noindex/MacKit.build/Release/MacKitCore.build/swift-overrides.hmap -emit-const-values -Xfrontend -const-gather-protocols-file -Xfrontend /Users/geraltgraham/Codes/NeatPaste/app-macos/build/DerivedData/Build/Intermediates.noindex/MacKit.build/Release/MacKitCore.build/Objects-normal/arm64/MacKitCore_const_extract_protocols.json -Xcc -I/Users/geraltgraham/Codes/NeatPaste/app-macos/build/DerivedData/Build/Products/Release/include -Xcc -I/Users/geraltgraham/Codes/NeatPaste/app-macos/build/DerivedData/Build/Intermediates.noindex/MacKit.build/Release/MacKitCore.build/DerivedSources-normal/arm64 -Xcc -I/Users/geraltgraham/Codes/NeatPaste/app-macos/build/DerivedData/Build/Intermediates.noindex/MacKit.build/Release/MacKitCore.build/DerivedSources/arm64 -Xcc -I/Users/geraltgraham/Codes/NeatPaste/app-macos/build/DerivedData/Build/Intermediates.noindex/MacKit.build/Release/MacKitCore.build/DerivedSources -Xcc -DSWIFT_PACKAGE -emit-objc-header -emit-objc-header-path /Users/geraltgraham/Codes/NeatPaste/app-macos/build/DerivedData/Build/Intermediates.noindex/MacKit.build/Release/MacKitCore.build/Objects-normal/arm64/MacKitCore-Swift.h -working-directory /Users/geraltgraham/Codes/NeatPaste/app-macos/NeatPaste.xcodeproj -no-emit-module-separately-wmo

SwiftDriver MacKitCore normal x86_64 com.apple.xcode.tools.swift.compiler (in target 'MacKitCore' from project 'MacKit')
    cd /Users/geraltgraham/Codes/NeatPaste/app-macos/NeatPaste.xcodeproj
    builtin-SwiftDriver -- /Applications/Xcode.app/Contents/Developer/Toolchains/XcodeDefault.xctoolchain/usr/bin/swiftc -module-name MacKitCore -O -whole-module-optimization -enforce-exclusivity\=checked @/Users/geraltgraham/Codes/NeatPaste/app-macos/build/DerivedData/Build/Intermediates.noindex/MacKit.build/Release/MacKitCore.build/Objects-normal/x86_64/MacKitCore.SwiftFileList -DSWIFT_PACKAGE -DSWIFT_MODULE_RESOURCE_BUNDLE_UNAVAILABLE -DXcode -plugin-path /Applications/Xcode.app/Contents/Developer/Toolchains/XcodeDefault.xctoolchain/usr/lib/swift/host/plugins/testing -enable-experimental-feature DebugDescriptionMacro -sdk /Applications/Xcode.app/Contents/Developer/Platforms/MacOSX.platform/Developer/SDKs/MacOSX26.2.sdk -target x86_64-apple-macos14.0 -g -module-cache-path /Users/geraltgraham/Codes/NeatPaste/app-macos/build/DerivedData/ModuleCache.noindex -Xfrontend -serialize-debugging-options -suppress-warnings -swift-version 6 -I /Users/geraltgraham/Codes/NeatPaste/app-macos/build/DerivedData/Build/Products/Release -Isystem /Applications/Xcode.app/Contents/Developer/Platforms/MacOSX.platform/Developer/usr/lib -F /Users/geraltgraham/Codes/NeatPaste/app-macos/build/DerivedData/Build/Products/Release -F /Applications/Xcode.app/Contents/Developer/Platforms/MacOSX.platform/Developer/Library/Frameworks -c -num-threads 8 -Xcc -ivfsstatcache -Xcc /Users/geraltgraham/Codes/NeatPaste/app-macos/build/DerivedData/SDKStatCaches.noindex/macosx26.2-25C58-e8867d0c40613ffc63e0238af232dc5000fa09913b459cbbc988d1f6730289ae.sdkstatcache -output-file-map /Users/geraltgraham/Codes/NeatPaste/app-macos/build/DerivedData/Build/Intermediates.noindex/MacKit.build/Release/MacKitCore.build/Objects-normal/x86_64/MacKitCore-OutputFileMap.json -use-frontend-parseable-output -save-temps -no-color-diagnostics -explicit-module-build -module-cache-path /Users/geraltgraham/Codes/NeatPaste/app-macos/build/DerivedData/Build/Intermediates.noindex/SwiftExplicitPrecompiledModules -clang-scanner-module-cache-path /Users/geraltgraham/Codes/NeatPaste/app-macos/build/DerivedData/ModuleCache.noindex -sdk-module-cache-path /Users/geraltgraham/Codes/NeatPaste/app-macos/build/DerivedData/ModuleCache.noindex -serialize-diagnostics -emit-dependencies -emit-module -emit-module-path /Users/geraltgraham/Codes/NeatPaste/app-macos/build/DerivedData/Build/Intermediates.noindex/MacKit.build/Release/MacKitCore.build/Objects-normal/x86_64/MacKitCore.swiftmodule -user-module-version 0.1.4 -validate-clang-modules-once -clang-build-session-file /Users/geraltgraham/Codes/NeatPaste/app-macos/build/DerivedData/ModuleCache.noindex/Session.modulevalidation -package-name mac_kit_swift -Xcc -I/Users/geraltgraham/Codes/NeatPaste/app-macos/build/DerivedData/Build/Intermediates.noindex/MacKit.build/Release/MacKitCore.build/swift-overrides.hmap -emit-const-values -Xfrontend -const-gather-protocols-file -Xfrontend /Users/geraltgraham/Codes/NeatPaste/app-macos/build/DerivedData/Build/Intermediates.noindex/MacKit.build/Release/MacKitCore.build/Objects-normal/x86_64/MacKitCore_const_extract_protocols.json -Xcc -I/Users/geraltgraham/Codes/NeatPaste/app-macos/build/DerivedData/Build/Products/Release/include -Xcc -I/Users/geraltgraham/Codes/NeatPaste/app-macos/build/DerivedData/Build/Intermediates.noindex/MacKit.build/Release/MacKitCore.build/DerivedSources-normal/x86_64 -Xcc -I/Users/geraltgraham/Codes/NeatPaste/app-macos/build/DerivedData/Build/Intermediates.noindex/MacKit.build/Release/MacKitCore.build/DerivedSources/x86_64 -Xcc -I/Users/geraltgraham/Codes/NeatPaste/app-macos/build/DerivedData/Build/Intermediates.noindex/MacKit.build/Release/MacKitCore.build/DerivedSources -Xcc -DSWIFT_PACKAGE -emit-objc-header -emit-objc-header-path /Users/geraltgraham/Codes/NeatPaste/app-macos/build/DerivedData/Build/Intermediates.noindex/MacKit.build/Release/MacKitCore.build/Objects-normal/x86_64/MacKitCore-Swift.h -working-directory /Users/geraltgraham/Codes/NeatPaste/app-macos/NeatPaste.xcodeproj -no-emit-module-separately-wmo

SwiftCompile normal arm64 Compiling\ ConcentricCorner.swift,\ Geometry.swift,\ LaunchAtLoginStatus.swift,\ MenuBarAnchorPolicy.swift,\ MenuBarReopenPolicy.swift,\ PanelDismissPolicy.swift,\ UpdateCheckOutcome.swift /Users/geraltgraham/Codes/NeatPaste/app-macos/build/DerivedData/SourcePackages/checkouts/mac-kit-swift/Sources/MacKitCore/ConcentricCorner.swift /Users/geraltgraham/Codes/NeatPaste/app-macos/build/DerivedData/SourcePackages/checkouts/mac-kit-swift/Sources/MacKitCore/Geometry.swift /Users/geraltgraham/Codes/NeatPaste/app-macos/build/DerivedData/SourcePackages/checkouts/mac-kit-swift/Sources/MacKitCore/LaunchAtLoginStatus.swift /Users/geraltgraham/Codes/NeatPaste/app-macos/build/DerivedData/SourcePackages/checkouts/mac-kit-swift/Sources/MacKitCore/MenuBarAnchorPolicy.swift /Users/geraltgraham/Codes/NeatPaste/app-macos/build/DerivedData/SourcePackages/checkouts/mac-kit-swift/Sources/MacKitCore/MenuBarReopenPolicy.swift /Users/geraltgraham/Codes/NeatPaste/app-macos/build/DerivedData/SourcePackages/checkouts/mac-kit-swift/Sources/MacKitCore/PanelDismissPolicy.swift /Users/geraltgraham/Codes/NeatPaste/app-macos/build/DerivedData/SourcePackages/checkouts/mac-kit-swift/Sources/MacKitCore/UpdateCheckOutcome.swift /Applications/Xcode.app/Contents/Developer/Toolchains/XcodeDefault.xctoolchain/usr/lib/swift/macosx/prebuilt-modules/26.2/Swift.swiftmodule/arm64e-apple-macos.swiftmodule /Applications/Xcode.app/Contents/Developer/Toolchains/XcodeDefault.xctoolchain/usr/lib/swift/macosx/prebuilt-modules/26.2/_Concurrency.swiftmodule/arm64e-apple-macos.swiftmodule /Applications/Xcode.app/Contents/Developer/Toolchains/XcodeDefault.xctoolchain/usr/lib/swift/macosx/prebuilt-modules/26.2/_StringProcessing.swiftmodule/arm64e-apple-macos.swiftmodule /Users/geraltgraham/Codes/NeatPaste/app-macos/build/DerivedData/ModuleCache.noindex/SwiftShims-3GQA22IRDAI597RGCSMPKBUJY.pcm /Users/geraltgraham/Codes/NeatPaste/app-macos/build/DerivedData/ModuleCache.noindex/_SwiftConcurrencyShims-BDP01P6OKU8A8ACGO8TCC7OQ3.pcm /Users/geraltgraham/Codes/NeatPaste/app-macos/build/DerivedData/Build/Intermediates.noindex/MacKit.build/Release/MacKitCore.build/Objects-normal/arm64/MacKitCore-dependencies-1.json (in target 'MacKitCore' from project 'MacKit')

CompileSwift normal arm64 (in target 'MacKitCore' from project 'MacKit')
    cd /Users/geraltgraham/Codes/NeatPaste/app-macos/NeatPaste.xcodeproj
    

SwiftDriver\ Compilation MacKitCore normal arm64 com.apple.xcode.tools.swift.compiler (in target 'MacKitCore' from project 'MacKit')
    cd /Users/geraltgraham/Codes/NeatPaste/app-macos/NeatPaste.xcodeproj
    builtin-Swift-Compilation -- /Applications/Xcode.app/Contents/Developer/Toolchains/XcodeDefault.xctoolchain/usr/bin/swiftc -module-name MacKitCore -O -whole-module-optimization -enforce-exclusivity\=checked @/Users/geraltgraham/Codes/NeatPaste/app-macos/build/DerivedData/Build/Intermediates.noindex/MacKit.build/Release/MacKitCore.build/Objects-normal/arm64/MacKitCore.SwiftFileList -DSWIFT_PACKAGE -DSWIFT_MODULE_RESOURCE_BUNDLE_UNAVAILABLE -DXcode -plugin-path /Applications/Xcode.app/Contents/Developer/Toolchains/XcodeDefault.xctoolchain/usr/lib/swift/host/plugins/testing -enable-experimental-feature DebugDescriptionMacro -sdk /Applications/Xcode.app/Contents/Developer/Platforms/MacOSX.platform/Developer/SDKs/MacOSX26.2.sdk -target arm64-apple-macos14.0 -g -module-cache-path /Users/geraltgraham/Codes/NeatPaste/app-macos/build/DerivedData/ModuleCache.noindex -Xfrontend -serialize-debugging-options -suppress-warnings -swift-version 6 -I /Users/geraltgraham/Codes/NeatPaste/app-macos/build/DerivedData/Build/Products/Release -Isystem /Applications/Xcode.app/Contents/Developer/Platforms/MacOSX.platform/Developer/usr/lib -F /Users/geraltgraham/Codes/NeatPaste/app-macos/build/DerivedData/Build/Products/Release -F /Applications/Xcode.app/Contents/Developer/Platforms/MacOSX.platform/Developer/Library/Frameworks -c -num-threads 8 -Xcc -ivfsstatcache -Xcc /Users/geraltgraham/Codes/NeatPaste/app-macos/build/DerivedData/SDKStatCaches.noindex/macosx26.2-25C58-e8867d0c40613ffc63e0238af232dc5000fa09913b459cbbc988d1f6730289ae.sdkstatcache -output-file-map /Users/geraltgraham/Codes/NeatPaste/app-macos/build/DerivedData/Build/Intermediates.noindex/MacKit.build/Release/MacKitCore.build/Objects-normal/arm64/MacKitCore-OutputFileMap.json -use-frontend-parseable-output -save-temps -no-color-diagnostics -explicit-module-build -module-cache-path /Users/geraltgraham/Codes/NeatPaste/app-macos/build/DerivedData/Build/Intermediates.noindex/SwiftExplicitPrecompiledModules -clang-scanner-module-cache-path /Users/geraltgraham/Codes/NeatPaste/app-macos/build/DerivedData/ModuleCache.noindex -sdk-module-cache-path /Users/geraltgraham/Codes/NeatPaste/app-macos/build/DerivedData/ModuleCache.noindex -serialize-diagnostics -emit-dependencies -emit-module -emit-module-path /Users/geraltgraham/Codes/NeatPaste/app-macos/build/DerivedData/Build/Intermediates.noindex/MacKit.build/Release/MacKitCore.build/Objects-normal/arm64/MacKitCore.swiftmodule -user-module-version 0.1.4 -validate-clang-modules-once -clang-build-session-file /Users/geraltgraham/Codes/NeatPaste/app-macos/build/DerivedData/ModuleCache.noindex/Session.modulevalidation -package-name mac_kit_swift -Xcc -I/Users/geraltgraham/Codes/NeatPaste/app-macos/build/DerivedData/Build/Intermediates.noindex/MacKit.build/Release/MacKitCore.build/swift-overrides.hmap -emit-const-values -Xfrontend -const-gather-protocols-file -Xfrontend /Users/geraltgraham/Codes/NeatPaste/app-macos/build/DerivedData/Build/Intermediates.noindex/MacKit.build/Release/MacKitCore.build/Objects-normal/arm64/MacKitCore_const_extract_protocols.json -Xcc -I/Users/geraltgraham/Codes/NeatPaste/app-macos/build/DerivedData/Build/Products/Release/include -Xcc -I/Users/geraltgraham/Codes/NeatPaste/app-macos/build/DerivedData/Build/Intermediates.noindex/MacKit.build/Release/MacKitCore.build/DerivedSources-normal/arm64 -Xcc -I/Users/geraltgraham/Codes/NeatPaste/app-macos/build/DerivedData/Build/Intermediates.noindex/MacKit.build/Release/MacKitCore.build/DerivedSources/arm64 -Xcc -I/Users/geraltgraham/Codes/NeatPaste/app-macos/build/DerivedData/Build/Intermediates.noindex/MacKit.build/Release/MacKitCore.build/DerivedSources -Xcc -DSWIFT_PACKAGE -emit-objc-header -emit-objc-header-path /Users/geraltgraham/Codes/NeatPaste/app-macos/build/DerivedData/Build/Intermediates.noindex/MacKit.build/Release/MacKitCore.build/Objects-normal/arm64/MacKitCore-Swift.h -working-directory /Users/geraltgraham/Codes/NeatPaste/app-macos/NeatPaste.xcodeproj -no-emit-module-separately-wmo

SwiftCompile normal x86_64 Compiling\ ConcentricCorner.swift,\ Geometry.swift,\ LaunchAtLoginStatus.swift,\ MenuBarAnchorPolicy.swift,\ MenuBarReopenPolicy.swift,\ PanelDismissPolicy.swift,\ UpdateCheckOutcome.swift /Users/geraltgraham/Codes/NeatPaste/app-macos/build/DerivedData/SourcePackages/checkouts/mac-kit-swift/Sources/MacKitCore/ConcentricCorner.swift /Users/geraltgraham/Codes/NeatPaste/app-macos/build/DerivedData/SourcePackages/checkouts/mac-kit-swift/Sources/MacKitCore/Geometry.swift /Users/geraltgraham/Codes/NeatPaste/app-macos/build/DerivedData/SourcePackages/checkouts/mac-kit-swift/Sources/MacKitCore/LaunchAtLoginStatus.swift /Users/geraltgraham/Codes/NeatPaste/app-macos/build/DerivedData/SourcePackages/checkouts/mac-kit-swift/Sources/MacKitCore/MenuBarAnchorPolicy.swift /Users/geraltgraham/Codes/NeatPaste/app-macos/build/DerivedData/SourcePackages/checkouts/mac-kit-swift/Sources/MacKitCore/MenuBarReopenPolicy.swift /Users/geraltgraham/Codes/NeatPaste/app-macos/build/DerivedData/SourcePackages/checkouts/mac-kit-swift/Sources/MacKitCore/PanelDismissPolicy.swift /Users/geraltgraham/Codes/NeatPaste/app-macos/build/DerivedData/SourcePackages/checkouts/mac-kit-swift/Sources/MacKitCore/UpdateCheckOutcome.swift /Applications/Xcode.app/Contents/Developer/Toolchains/XcodeDefault.xctoolchain/usr/lib/swift/macosx/prebuilt-modules/26.2/_StringProcessing.swiftmodule/x86_64-apple-macos.swiftmodule /Applications/Xcode.app/Contents/Developer/Toolchains/XcodeDefault.xctoolchain/usr/lib/swift/macosx/prebuilt-modules/26.2/Swift.swiftmodule/x86_64-apple-macos.swiftmodule /Applications/Xcode.app/Contents/Developer/Toolchains/XcodeDefault.xctoolchain/usr/lib/swift/macosx/prebuilt-modules/26.2/_Concurrency.swiftmodule/x86_64-apple-macos.swiftmodule /Users/geraltgraham/Codes/NeatPaste/app-macos/build/DerivedData/ModuleCache.noindex/SwiftShims-7EI86ASOBGJXNED1Q82QBNAWH.pcm /Users/geraltgraham/Codes/NeatPaste/app-macos/build/DerivedData/ModuleCache.noindex/_SwiftConcurrencyShims-4VHUJTMTR974006FR206IRTTJ.pcm /Users/geraltgraham/Codes/NeatPaste/app-macos/build/DerivedData/Build/Intermediates.noindex/MacKit.build/Release/MacKitCore.build/Objects-normal/x86_64/MacKitCore-dependencies-2.json (in target 'MacKitCore' from project 'MacKit')

CompileSwift normal x86_64 (in target 'MacKitCore' from project 'MacKit')
    cd /Users/geraltgraham/Codes/NeatPaste/app-macos/NeatPaste.xcodeproj
    

SwiftDriver\ Compilation MacKitCore normal x86_64 com.apple.xcode.tools.swift.compiler (in target 'MacKitCore' from project 'MacKit')
    cd /Users/geraltgraham/Codes/NeatPaste/app-macos/NeatPaste.xcodeproj
    builtin-Swift-Compilation -- /Applications/Xcode.app/Contents/Developer/Toolchains/XcodeDefault.xctoolchain/usr/bin/swiftc -module-name MacKitCore -O -whole-module-optimization -enforce-exclusivity\=checked @/Users/geraltgraham/Codes/NeatPaste/app-macos/build/DerivedData/Build/Intermediates.noindex/MacKit.build/Release/MacKitCore.build/Objects-normal/x86_64/MacKitCore.SwiftFileList -DSWIFT_PACKAGE -DSWIFT_MODULE_RESOURCE_BUNDLE_UNAVAILABLE -DXcode -plugin-path /Applications/Xcode.app/Contents/Developer/Toolchains/XcodeDefault.xctoolchain/usr/lib/swift/host/plugins/testing -enable-experimental-feature DebugDescriptionMacro -sdk /Applications/Xcode.app/Contents/Developer/Platforms/MacOSX.platform/Developer/SDKs/MacOSX26.2.sdk -target x86_64-apple-macos14.0 -g -module-cache-path /Users/geraltgraham/Codes/NeatPaste/app-macos/build/DerivedData/ModuleCache.noindex -Xfrontend -serialize-debugging-options -suppress-warnings -swift-version 6 -I /Users/geraltgraham/Codes/NeatPaste/app-macos/build/DerivedData/Build/Products/Release -Isystem /Applications/Xcode.app/Contents/Developer/Platforms/MacOSX.platform/Developer/usr/lib -F /Users/geraltgraham/Codes/NeatPaste/app-macos/build/DerivedData/Build/Products/Release -F /Applications/Xcode.app/Contents/Developer/Platforms/MacOSX.platform/Developer/Library/Frameworks -c -num-threads 8 -Xcc -ivfsstatcache -Xcc /Users/geraltgraham/Codes/NeatPaste/app-macos/build/DerivedData/SDKStatCaches.noindex/macosx26.2-25C58-e8867d0c40613ffc63e0238af232dc5000fa09913b459cbbc988d1f6730289ae.sdkstatcache -output-file-map /Users/geraltgraham/Codes/NeatPaste/app-macos/build/DerivedData/Build/Intermediates.noindex/MacKit.build/Release/MacKitCore.build/Objects-normal/x86_64/MacKitCore-OutputFileMap.json -use-frontend-parseable-output -save-temps -no-color-diagnostics -explicit-module-build -module-cache-path /Users/geraltgraham/Codes/NeatPaste/app-macos/build/DerivedData/Build/Intermediates.noindex/SwiftExplicitPrecompiledModules -clang-scanner-module-cache-path /Users/geraltgraham/Codes/NeatPaste/app-macos/build/DerivedData/ModuleCache.noindex -sdk-module-cache-path /Users/geraltgraham/Codes/NeatPaste/app-macos/build/DerivedData/ModuleCache.noindex -serialize-diagnostics -emit-dependencies -emit-module -emit-module-path /Users/geraltgraham/Codes/NeatPaste/app-macos/build/DerivedData/Build/Intermediates.noindex/MacKit.build/Release/MacKitCore.build/Objects-normal/x86_64/MacKitCore.swiftmodule -user-module-version 0.1.4 -validate-clang-modules-once -clang-build-session-file /Users/geraltgraham/Codes/NeatPaste/app-macos/build/DerivedData/ModuleCache.noindex/Session.modulevalidation -package-name mac_kit_swift -Xcc -I/Users/geraltgraham/Codes/NeatPaste/app-macos/build/DerivedData/Build/Intermediates.noindex/MacKit.build/Release/MacKitCore.build/swift-overrides.hmap -emit-const-values -Xfrontend -const-gather-protocols-file -Xfrontend /Users/geraltgraham/Codes/NeatPaste/app-macos/build/DerivedData/Build/Intermediates.noindex/MacKit.build/Release/MacKitCore.build/Objects-normal/x86_64/MacKitCore_const_extract_protocols.json -Xcc -I/Users/geraltgraham/Codes/NeatPaste/app-macos/build/DerivedData/Build/Products/Release/include -Xcc -I/Users/geraltgraham/Codes/NeatPaste/app-macos/build/DerivedData/Build/Intermediates.noindex/MacKit.build/Release/MacKitCore.build/DerivedSources-normal/x86_64 -Xcc -I/Users/geraltgraham/Codes/NeatPaste/app-macos/build/DerivedData/Build/Intermediates.noindex/MacKit.build/Release/MacKitCore.build/DerivedSources/x86_64 -Xcc -I/Users/geraltgraham/Codes/NeatPaste/app-macos/build/DerivedData/Build/Intermediates.noindex/MacKit.build/Release/MacKitCore.build/DerivedSources -Xcc -DSWIFT_PACKAGE -emit-objc-header -emit-objc-header-path /Users/geraltgraham/Codes/NeatPaste/app-macos/build/DerivedData/Build/Intermediates.noindex/MacKit.build/Release/MacKitCore.build/Objects-normal/x86_64/MacKitCore-Swift.h -working-directory /Users/geraltgraham/Codes/NeatPaste/app-macos/NeatPaste.xcodeproj -no-emit-module-separately-wmo

SwiftDriverJobDiscovery normal arm64 Compiling ConcentricCorner.swift, Geometry.swift, LaunchAtLoginStatus.swift, MenuBarAnchorPolicy.swift, MenuBarReopenPolicy.swift, PanelDismissPolicy.swift, UpdateCheckOutcome.swift (in target 'MacKitCore' from project 'MacKit')

SwiftDriver\ Compilation\ Requirements MacKitCore normal arm64 com.apple.xcode.tools.swift.compiler (in target 'MacKitCore' from project 'MacKit')
    cd /Users/geraltgraham/Codes/NeatPaste/app-macos/NeatPaste.xcodeproj
    builtin-Swift-Compilation-Requirements -- /Applications/Xcode.app/Contents/Developer/Toolchains/XcodeDefault.xctoolchain/usr/bin/swiftc -module-name MacKitCore -O -whole-module-optimization -enforce-exclusivity\=checked @/Users/geraltgraham/Codes/NeatPaste/app-macos/build/DerivedData/Build/Intermediates.noindex/MacKit.build/Release/MacKitCore.build/Objects-normal/arm64/MacKitCore.SwiftFileList -DSWIFT_PACKAGE -DSWIFT_MODULE_RESOURCE_BUNDLE_UNAVAILABLE -DXcode -plugin-path /Applications/Xcode.app/Contents/Developer/Toolchains/XcodeDefault.xctoolchain/usr/lib/swift/host/plugins/testing -enable-experimental-feature DebugDescriptionMacro -sdk /Applications/Xcode.app/Contents/Developer/Platforms/MacOSX.platform/Developer/SDKs/MacOSX26.2.sdk -target arm64-apple-macos14.0 -g -module-cache-path /Users/geraltgraham/Codes/NeatPaste/app-macos/build/DerivedData/ModuleCache.noindex -Xfrontend -serialize-debugging-options -suppress-warnings -swift-version 6 -I /Users/geraltgraham/Codes/NeatPaste/app-macos/build/DerivedData/Build/Products/Release -Isystem /Applications/Xcode.app/Contents/Developer/Platforms/MacOSX.platform/Developer/usr/lib -F /Users/geraltgraham/Codes/NeatPaste/app-macos/build/DerivedData/Build/Products/Release -F /Applications/Xcode.app/Contents/Developer/Platforms/MacOSX.platform/Developer/Library/Frameworks -c -num-threads 8 -Xcc -ivfsstatcache -Xcc /Users/geraltgraham/Codes/NeatPaste/app-macos/build/DerivedData/SDKStatCaches.noindex/macosx26.2-25C58-e8867d0c40613ffc63e0238af232dc5000fa09913b459cbbc988d1f6730289ae.sdkstatcache -output-file-map /Users/geraltgraham/Codes/NeatPaste/app-macos/build/DerivedData/Build/Intermediates.noindex/MacKit.build/Release/MacKitCore.build/Objects-normal/arm64/MacKitCore-OutputFileMap.json -use-frontend-parseable-output -save-temps -no-color-diagnostics -explicit-module-build -module-cache-path /Users/geraltgraham/Codes/NeatPaste/app-macos/build/DerivedData/Build/Intermediates.noindex/SwiftExplicitPrecompiledModules -clang-scanner-module-cache-path /Users/geraltgraham/Codes/NeatPaste/app-macos/build/DerivedData/ModuleCache.noindex -sdk-module-cache-path /Users/geraltgraham/Codes/NeatPaste/app-macos/build/DerivedData/ModuleCache.noindex -serialize-diagnostics -emit-dependencies -emit-module -emit-module-path /Users/geraltgraham/Codes/NeatPaste/app-macos/build/DerivedData/Build/Intermediates.noindex/MacKit.build/Release/MacKitCore.build/Objects-normal/arm64/MacKitCore.swiftmodule -user-module-version 0.1.4 -validate-clang-modules-once -clang-build-session-file /Users/geraltgraham/Codes/NeatPaste/app-macos/build/DerivedData/ModuleCache.noindex/Session.modulevalidation -package-name mac_kit_swift -Xcc -I/Users/geraltgraham/Codes/NeatPaste/app-macos/build/DerivedData/Build/Intermediates.noindex/MacKit.build/Release/MacKitCore.build/swift-overrides.hmap -emit-const-values -Xfrontend -const-gather-protocols-file -Xfrontend /Users/geraltgraham/Codes/NeatPaste/app-macos/build/DerivedData/Build/Intermediates.noindex/MacKit.build/Release/MacKitCore.build/Objects-normal/arm64/MacKitCore_const_extract_protocols.json -Xcc -I/Users/geraltgraham/Codes/NeatPaste/app-macos/build/DerivedData/Build/Products/Release/include -Xcc -I/Users/geraltgraham/Codes/NeatPaste/app-macos/build/DerivedData/Build/Intermediates.noindex/MacKit.build/Release/MacKitCore.build/DerivedSources-normal/arm64 -Xcc -I/Users/geraltgraham/Codes/NeatPaste/app-macos/build/DerivedData/Build/Intermediates.noindex/MacKit.build/Release/MacKitCore.build/DerivedSources/arm64 -Xcc -I/Users/geraltgraham/Codes/NeatPaste/app-macos/build/DerivedData/Build/Intermediates.noindex/MacKit.build/Release/MacKitCore.build/DerivedSources -Xcc -DSWIFT_PACKAGE -emit-objc-header -emit-objc-header-path /Users/geraltgraham/Codes/NeatPaste/app-macos/build/DerivedData/Build/Intermediates.noindex/MacKit.build/Release/MacKitCore.build/Objects-normal/arm64/MacKitCore-Swift.h -working-directory /Users/geraltgraham/Codes/NeatPaste/app-macos/NeatPaste.xcodeproj -no-emit-module-separately-wmo

Copy /Users/geraltgraham/Codes/NeatPaste/app-macos/build/DerivedData/Build/Products/Release/MacKitCore.swiftmodule/arm64-apple-macos.swiftmodule /Users/geraltgraham/Codes/NeatPaste/app-macos/build/DerivedData/Build/Intermediates.noindex/MacKit.build/Release/MacKitCore.build/Objects-normal/arm64/MacKitCore.swiftmodule (in target 'MacKitCore' from project 'MacKit')
    cd /Users/geraltgraham/Codes/NeatPaste/app-macos/build/DerivedData/SourcePackages/checkouts/mac-kit-swift
    builtin-copy -exclude .DS_Store -exclude CVS -exclude .svn -exclude .git -exclude .hg -strip-unsigned-binaries -strip-deterministic -strip-tool /Applications/Xcode.app/Contents/Developer/Toolchains/XcodeDefault.xctoolchain/usr/bin/strip -resolve-src-symlinks -rename /Users/geraltgraham/Codes/NeatPaste/app-macos/build/DerivedData/Build/Intermediates.noindex/MacKit.build/Release/MacKitCore.build/Objects-normal/arm64/MacKitCore.swiftmodule /Users/geraltgraham/Codes/NeatPaste/app-macos/build/DerivedData/Build/Products/Release/MacKitCore.swiftmodule/arm64-apple-macos.swiftmodule

Copy /Users/geraltgraham/Codes/NeatPaste/app-macos/build/DerivedData/Build/Products/Release/MacKitCore.swiftmodule/arm64-apple-macos.swiftdoc /Users/geraltgraham/Codes/NeatPaste/app-macos/build/DerivedData/Build/Intermediates.noindex/MacKit.build/Release/MacKitCore.build/Objects-normal/arm64/MacKitCore.swiftdoc (in target 'MacKitCore' from project 'MacKit')
    cd /Users/geraltgraham/Codes/NeatPaste/app-macos/build/DerivedData/SourcePackages/checkouts/mac-kit-swift
    builtin-copy -exclude .DS_Store -exclude CVS -exclude .svn -exclude .git -exclude .hg -strip-unsigned-binaries -strip-deterministic -strip-tool /Applications/Xcode.app/Contents/Developer/Toolchains/XcodeDefault.xctoolchain/usr/bin/strip -resolve-src-symlinks -rename /Users/geraltgraham/Codes/NeatPaste/app-macos/build/DerivedData/Build/Intermediates.noindex/MacKit.build/Release/MacKitCore.build/Objects-normal/arm64/MacKitCore.swiftdoc /Users/geraltgraham/Codes/NeatPaste/app-macos/build/DerivedData/Build/Products/Release/MacKitCore.swiftmodule/arm64-apple-macos.swiftdoc

Copy /Users/geraltgraham/Codes/NeatPaste/app-macos/build/DerivedData/Build/Products/Release/MacKitCore.swiftmodule/arm64-apple-macos.abi.json /Users/geraltgraham/Codes/NeatPaste/app-macos/build/DerivedData/Build/Intermediates.noindex/MacKit.build/Release/MacKitCore.build/Objects-normal/arm64/MacKitCore.abi.json (in target 'MacKitCore' from project 'MacKit')
    cd /Users/geraltgraham/Codes/NeatPaste/app-macos/build/DerivedData/SourcePackages/checkouts/mac-kit-swift
    builtin-copy -exclude .DS_Store -exclude CVS -exclude .svn -exclude .git -exclude .hg -strip-unsigned-binaries -strip-deterministic -strip-tool /Applications/Xcode.app/Contents/Developer/Toolchains/XcodeDefault.xctoolchain/usr/bin/strip -resolve-src-symlinks -rename /Users/geraltgraham/Codes/NeatPaste/app-macos/build/DerivedData/Build/Intermediates.noindex/MacKit.build/Release/MacKitCore.build/Objects-normal/arm64/MacKitCore.abi.json /Users/geraltgraham/Codes/NeatPaste/app-macos/build/DerivedData/Build/Products/Release/MacKitCore.swiftmodule/arm64-apple-macos.abi.json

Copy /Users/geraltgraham/Codes/NeatPaste/app-macos/build/DerivedData/Build/Products/Release/MacKitCore.swiftmodule/Project/arm64-apple-macos.swiftsourceinfo /Users/geraltgraham/Codes/NeatPaste/app-macos/build/DerivedData/Build/Intermediates.noindex/MacKit.build/Release/MacKitCore.build/Objects-normal/arm64/MacKitCore.swiftsourceinfo (in target 'MacKitCore' from project 'MacKit')
    cd /Users/geraltgraham/Codes/NeatPaste/app-macos/build/DerivedData/SourcePackages/checkouts/mac-kit-swift
    builtin-copy -exclude .DS_Store -exclude CVS -exclude .svn -exclude .git -exclude .hg -strip-unsigned-binaries -strip-deterministic -strip-tool /Applications/Xcode.app/Contents/Developer/Toolchains/XcodeDefault.xctoolchain/usr/bin/strip -resolve-src-symlinks -rename /Users/geraltgraham/Codes/NeatPaste/app-macos/build/DerivedData/Build/Intermediates.noindex/MacKit.build/Release/MacKitCore.build/Objects-normal/arm64/MacKitCore.swiftsourceinfo /Users/geraltgraham/Codes/NeatPaste/app-macos/build/DerivedData/Build/Products/Release/MacKitCore.swiftmodule/Project/arm64-apple-macos.swiftsourceinfo

SwiftDriverJobDiscovery normal x86_64 Compiling ConcentricCorner.swift, Geometry.swift, LaunchAtLoginStatus.swift, MenuBarAnchorPolicy.swift, MenuBarReopenPolicy.swift, PanelDismissPolicy.swift, UpdateCheckOutcome.swift (in target 'MacKitCore' from project 'MacKit')

SwiftDriver\ Compilation\ Requirements MacKitCore normal x86_64 com.apple.xcode.tools.swift.compiler (in target 'MacKitCore' from project 'MacKit')
    cd /Users/geraltgraham/Codes/NeatPaste/app-macos/NeatPaste.xcodeproj
    builtin-Swift-Compilation-Requirements -- /Applications/Xcode.app/Contents/Developer/Toolchains/XcodeDefault.xctoolchain/usr/bin/swiftc -module-name MacKitCore -O -whole-module-optimization -enforce-exclusivity\=checked @/Users/geraltgraham/Codes/NeatPaste/app-macos/build/DerivedData/Build/Intermediates.noindex/MacKit.build/Release/MacKitCore.build/Objects-normal/x86_64/MacKitCore.SwiftFileList -DSWIFT_PACKAGE -DSWIFT_MODULE_RESOURCE_BUNDLE_UNAVAILABLE -DXcode -plugin-path /Applications/Xcode.app/Contents/Developer/Toolchains/XcodeDefault.xctoolchain/usr/lib/swift/host/plugins/testing -enable-experimental-feature DebugDescriptionMacro -sdk /Applications/Xcode.app/Contents/Developer/Platforms/MacOSX.platform/Developer/SDKs/MacOSX26.2.sdk -target x86_64-apple-macos14.0 -g -module-cache-path /Users/geraltgraham/Codes/NeatPaste/app-macos/build/DerivedData/ModuleCache.noindex -Xfrontend -serialize-debugging-options -suppress-warnings -swift-version 6 -I /Users/geraltgraham/Codes/NeatPaste/app-macos/build/DerivedData/Build/Products/Release -Isystem /Applications/Xcode.app/Contents/Developer/Platforms/MacOSX.platform/Developer/usr/lib -F /Users/geraltgraham/Codes/NeatPaste/app-macos/build/DerivedData/Build/Products/Release -F /Applications/Xcode.app/Contents/Developer/Platforms/MacOSX.platform/Developer/Library/Frameworks -c -num-threads 8 -Xcc -ivfsstatcache -Xcc /Users/geraltgraham/Codes/NeatPaste/app-macos/build/DerivedData/SDKStatCaches.noindex/macosx26.2-25C58-e8867d0c40613ffc63e0238af232dc5000fa09913b459cbbc988d1f6730289ae.sdkstatcache -output-file-map /Users/geraltgraham/Codes/NeatPaste/app-macos/build/DerivedData/Build/Intermediates.noindex/MacKit.build/Release/MacKitCore.build/Objects-normal/x86_64/MacKitCore-OutputFileMap.json -use-frontend-parseable-output -save-temps -no-color-diagnostics -explicit-module-build -module-cache-path /Users/geraltgraham/Codes/NeatPaste/app-macos/build/DerivedData/Build/Intermediates.noindex/SwiftExplicitPrecompiledModules -clang-scanner-module-cache-path /Users/geraltgraham/Codes/NeatPaste/app-macos/build/DerivedData/ModuleCache.noindex -sdk-module-cache-path /Users/geraltgraham/Codes/NeatPaste/app-macos/build/DerivedData/ModuleCache.noindex -serialize-diagnostics -emit-dependencies -emit-module -emit-module-path /Users/geraltgraham/Codes/NeatPaste/app-macos/build/DerivedData/Build/Intermediates.noindex/MacKit.build/Release/MacKitCore.build/Objects-normal/x86_64/MacKitCore.swiftmodule -user-module-version 0.1.4 -validate-clang-modules-once -clang-build-session-file /Users/geraltgraham/Codes/NeatPaste/app-macos/build/DerivedData/ModuleCache.noindex/Session.modulevalidation -package-name mac_kit_swift -Xcc -I/Users/geraltgraham/Codes/NeatPaste/app-macos/build/DerivedData/Build/Intermediates.noindex/MacKit.build/Release/MacKitCore.build/swift-overrides.hmap -emit-const-values -Xfrontend -const-gather-protocols-file -Xfrontend /Users/geraltgraham/Codes/NeatPaste/app-macos/build/DerivedData/Build/Intermediates.noindex/MacKit.build/Release/MacKitCore.build/Objects-normal/x86_64/MacKitCore_const_extract_protocols.json -Xcc -I/Users/geraltgraham/Codes/NeatPaste/app-macos/build/DerivedData/Build/Products/Release/include -Xcc -I/Users/geraltgraham/Codes/NeatPaste/app-macos/build/DerivedData/Build/Intermediates.noindex/MacKit.build/Release/MacKitCore.build/DerivedSources-normal/x86_64 -Xcc -I/Users/geraltgraham/Codes/NeatPaste/app-macos/build/DerivedData/Build/Intermediates.noindex/MacKit.build/Release/MacKitCore.build/DerivedSources/x86_64 -Xcc -I/Users/geraltgraham/Codes/NeatPaste/app-macos/build/DerivedData/Build/Intermediates.noindex/MacKit.build/Release/MacKitCore.build/DerivedSources -Xcc -DSWIFT_PACKAGE -emit-objc-header -emit-objc-header-path /Users/geraltgraham/Codes/NeatPaste/app-macos/build/DerivedData/Build/Intermediates.noindex/MacKit.build/Release/MacKitCore.build/Objects-normal/x86_64/MacKitCore-Swift.h -working-directory /Users/geraltgraham/Codes/NeatPaste/app-macos/NeatPaste.xcodeproj -no-emit-module-separately-wmo

SwiftMergeGeneratedHeaders /Users/geraltgraham/Codes/NeatPaste/app-macos/build/DerivedData/Build/Intermediates.noindex/GeneratedModuleMaps/MacKitCore-Swift.h /Users/geraltgraham/Codes/NeatPaste/app-macos/build/DerivedData/Build/Intermediates.noindex/MacKit.build/Release/MacKitCore.build/Objects-normal/arm64/MacKitCore-Swift.h /Users/geraltgraham/Codes/NeatPaste/app-macos/build/DerivedData/Build/Intermediates.noindex/MacKit.build/Release/MacKitCore.build/Objects-normal/x86_64/MacKitCore-Swift.h (in target 'MacKitCore' from project 'MacKit')
    cd /Users/geraltgraham/Codes/NeatPaste/app-macos/build/DerivedData/SourcePackages/checkouts/mac-kit-swift
    builtin-swiftHeaderTool -arch arm64 /Users/geraltgraham/Codes/NeatPaste/app-macos/build/DerivedData/Build/Intermediates.noindex/MacKit.build/Release/MacKitCore.build/Objects-normal/arm64/MacKitCore-Swift.h -arch x86_64 /Users/geraltgraham/Codes/NeatPaste/app-macos/build/DerivedData/Build/Intermediates.noindex/MacKit.build/Release/MacKitCore.build/Objects-normal/x86_64/MacKitCore-Swift.h -o /Users/geraltgraham/Codes/NeatPaste/app-macos/build/DerivedData/Build/Intermediates.noindex/GeneratedModuleMaps/MacKitCore-Swift.h

Copy /Users/geraltgraham/Codes/NeatPaste/app-macos/build/DerivedData/Build/Products/Release/MacKitCore.swiftmodule/x86_64-apple-macos.swiftdoc /Users/geraltgraham/Codes/NeatPaste/app-macos/build/DerivedData/Build/Intermediates.noindex/MacKit.build/Release/MacKitCore.build/Objects-normal/x86_64/MacKitCore.swiftdoc (in target 'MacKitCore' from project 'MacKit')
    cd /Users/geraltgraham/Codes/NeatPaste/app-macos/build/DerivedData/SourcePackages/checkouts/mac-kit-swift
    builtin-copy -exclude .DS_Store -exclude CVS -exclude .svn -exclude .git -exclude .hg -strip-unsigned-binaries -strip-deterministic -strip-tool /Applications/Xcode.app/Contents/Developer/Toolchains/XcodeDefault.xctoolchain/usr/bin/strip -resolve-src-symlinks -rename /Users/geraltgraham/Codes/NeatPaste/app-macos/build/DerivedData/Build/Intermediates.noindex/MacKit.build/Release/MacKitCore.build/Objects-normal/x86_64/MacKitCore.swiftdoc /Users/geraltgraham/Codes/NeatPaste/app-macos/build/DerivedData/Build/Products/Release/MacKitCore.swiftmodule/x86_64-apple-macos.swiftdoc

Copy /Users/geraltgraham/Codes/NeatPaste/app-macos/build/DerivedData/Build/Products/Release/MacKitCore.swiftmodule/x86_64-apple-macos.abi.json /Users/geraltgraham/Codes/NeatPaste/app-macos/build/DerivedData/Build/Intermediates.noindex/MacKit.build/Release/MacKitCore.build/Objects-normal/x86_64/MacKitCore.abi.json (in target 'MacKitCore' from project 'MacKit')
    cd /Users/geraltgraham/Codes/NeatPaste/app-macos/build/DerivedData/SourcePackages/checkouts/mac-kit-swift
    builtin-copy -exclude .DS_Store -exclude CVS -exclude .svn -exclude .git -exclude .hg -strip-unsigned-binaries -strip-deterministic -strip-tool /Applications/Xcode.app/Contents/Developer/Toolchains/XcodeDefault.xctoolchain/usr/bin/strip -resolve-src-symlinks -rename /Users/geraltgraham/Codes/NeatPaste/app-macos/build/DerivedData/Build/Intermediates.noindex/MacKit.build/Release/MacKitCore.build/Objects-normal/x86_64/MacKitCore.abi.json /Users/geraltgraham/Codes/NeatPaste/app-macos/build/DerivedData/Build/Products/Release/MacKitCore.swiftmodule/x86_64-apple-macos.abi.json

Copy /Users/geraltgraham/Codes/NeatPaste/app-macos/build/DerivedData/Build/Products/Release/MacKitCore.swiftmodule/Project/x86_64-apple-macos.swiftsourceinfo /Users/geraltgraham/Codes/NeatPaste/app-macos/build/DerivedData/Build/Intermediates.noindex/MacKit.build/Release/MacKitCore.build/Objects-normal/x86_64/MacKitCore.swiftsourceinfo (in target 'MacKitCore' from project 'MacKit')
    cd /Users/geraltgraham/Codes/NeatPaste/app-macos/build/DerivedData/SourcePackages/checkouts/mac-kit-swift
    builtin-copy -exclude .DS_Store -exclude CVS -exclude .svn -exclude .git -exclude .hg -strip-unsigned-binaries -strip-deterministic -strip-tool /Applications/Xcode.app/Contents/Developer/Toolchains/XcodeDefault.xctoolchain/usr/bin/strip -resolve-src-symlinks -rename /Users/geraltgraham/Codes/NeatPaste/app-macos/build/DerivedData/Build/Intermediates.noindex/MacKit.build/Release/MacKitCore.build/Objects-normal/x86_64/MacKitCore.swiftsourceinfo /Users/geraltgraham/Codes/NeatPaste/app-macos/build/DerivedData/Build/Products/Release/MacKitCore.swiftmodule/Project/x86_64-apple-macos.swiftsourceinfo

Copy /Users/geraltgraham/Codes/NeatPaste/app-macos/build/DerivedData/Build/Products/Release/MacKitCore.swiftmodule/x86_64-apple-macos.swiftmodule /Users/geraltgraham/Codes/NeatPaste/app-macos/build/DerivedData/Build/Intermediates.noindex/MacKit.build/Release/MacKitCore.build/Objects-normal/x86_64/MacKitCore.swiftmodule (in target 'MacKitCore' from project 'MacKit')
    cd /Users/geraltgraham/Codes/NeatPaste/app-macos/build/DerivedData/SourcePackages/checkouts/mac-kit-swift
    builtin-copy -exclude .DS_Store -exclude CVS -exclude .svn -exclude .git -exclude .hg -strip-unsigned-binaries -strip-deterministic -strip-tool /Applications/Xcode.app/Contents/Developer/Toolchains/XcodeDefault.xctoolchain/usr/bin/strip -resolve-src-symlinks -rename /Users/geraltgraham/Codes/NeatPaste/app-macos/build/DerivedData/Build/Intermediates.noindex/MacKit.build/Release/MacKitCore.build/Objects-normal/x86_64/MacKitCore.swiftmodule /Users/geraltgraham/Codes/NeatPaste/app-macos/build/DerivedData/Build/Products/Release/MacKitCore.swiftmodule/x86_64-apple-macos.swiftmodule

Ld /Users/geraltgraham/Codes/NeatPaste/app-macos/build/DerivedData/Build/Intermediates.noindex/MacKit.build/Release/MacKitCore.build/Objects-normal/arm64/Binary/MacKitCore.o normal arm64 (in target 'MacKitCore' from project 'MacKit')
    cd /Users/geraltgraham/Codes/NeatPaste/app-macos/build/DerivedData/SourcePackages/checkouts/mac-kit-swift
    /Applications/Xcode.app/Contents/Developer/Toolchains/XcodeDefault.xctoolchain/usr/bin/clang -Xlinker -reproducible -target arm64-apple-macos14.0 -r -isysroot /Applications/Xcode.app/Contents/Developer/Platforms/MacOSX.platform/Developer/SDKs/MacOSX26.2.sdk -Os -w -L/Users/geraltgraham/Codes/NeatPaste/app-macos/build/DerivedData/Build/Intermediates.noindex/EagerLinkingTBDs/Release -L/Users/geraltgraham/Codes/NeatPaste/app-macos/build/DerivedData/Build/Products/Release -L/Applications/Xcode.app/Contents/Developer/Platforms/MacOSX.platform/Developer/usr/lib -F/Users/geraltgraham/Codes/NeatPaste/app-macos/build/DerivedData/Build/Intermediates.noindex/EagerLinkingTBDs/Release -F/Users/geraltgraham/Codes/NeatPaste/app-macos/build/DerivedData/Build/Products/Release -iframework /Applications/Xcode.app/Contents/Developer/Platforms/MacOSX.platform/Developer/Library/Frameworks -filelist /Users/geraltgraham/Codes/NeatPaste/app-macos/build/DerivedData/Build/Intermediates.noindex/MacKit.build/Release/MacKitCore.build/Objects-normal/arm64/MacKitCore.LinkFileList -nostdlib -Xlinker -object_path_lto -Xlinker /Users/geraltgraham/Codes/NeatPaste/app-macos/build/DerivedData/Build/Intermediates.noindex/MacKit.build/Release/MacKitCore.build/Objects-normal/arm64/MacKitCore_lto.o -Xlinker -dependency_info -Xlinker /Users/geraltgraham/Codes/NeatPaste/app-macos/build/DerivedData/Build/Intermediates.noindex/MacKit.build/Release/MacKitCore.build/Objects-normal/arm64/MacKitCore_dependency_info.dat -fobjc-link-runtime -L/Applications/Xcode.app/Contents/Developer/Toolchains/XcodeDefault.xctoolchain/usr/lib/swift/macosx -L/usr/lib/swift -Xlinker -add_ast_path -Xlinker /Users/geraltgraham/Codes/NeatPaste/app-macos/build/DerivedData/Build/Intermediates.noindex/MacKit.build/Release/MacKitCore.build/Objects-normal/arm64/MacKitCore.swiftmodule @/Users/geraltgraham/Codes/NeatPaste/app-macos/build/DerivedData/Build/Intermediates.noindex/MacKit.build/Release/MacKitCore.build/Objects-normal/arm64/MacKitCore-linker-args.resp -o /Users/geraltgraham/Codes/NeatPaste/app-macos/build/DerivedData/Build/Intermediates.noindex/MacKit.build/Release/MacKitCore.build/Objects-normal/arm64/Binary/MacKitCore.o

Ld /Users/geraltgraham/Codes/NeatPaste/app-macos/build/DerivedData/Build/Intermediates.noindex/MacKit.build/Release/MacKitCore.build/Objects-normal/x86_64/Binary/MacKitCore.o normal x86_64 (in target 'MacKitCore' from project 'MacKit')
    cd /Users/geraltgraham/Codes/NeatPaste/app-macos/build/DerivedData/SourcePackages/checkouts/mac-kit-swift
    /Applications/Xcode.app/Contents/Developer/Toolchains/XcodeDefault.xctoolchain/usr/bin/clang -Xlinker -reproducible -target x86_64-apple-macos14.0 -r -isysroot /Applications/Xcode.app/Contents/Developer/Platforms/MacOSX.platform/Developer/SDKs/MacOSX26.2.sdk -Os -w -L/Users/geraltgraham/Codes/NeatPaste/app-macos/build/DerivedData/Build/Intermediates.noindex/EagerLinkingTBDs/Release -L/Users/geraltgraham/Codes/NeatPaste/app-macos/build/DerivedData/Build/Products/Release -L/Applications/Xcode.app/Contents/Developer/Platforms/MacOSX.platform/Developer/usr/lib -F/Users/geraltgraham/Codes/NeatPaste/app-macos/build/DerivedData/Build/Intermediates.noindex/EagerLinkingTBDs/Release -F/Users/geraltgraham/Codes/NeatPaste/app-macos/build/DerivedData/Build/Products/Release -iframework /Applications/Xcode.app/Contents/Developer/Platforms/MacOSX.platform/Developer/Library/Frameworks -filelist /Users/geraltgraham/Codes/NeatPaste/app-macos/build/DerivedData/Build/Intermediates.noindex/MacKit.build/Release/MacKitCore.build/Objects-normal/x86_64/MacKitCore.LinkFileList -nostdlib -Xlinker -object_path_lto -Xlinker /Users/geraltgraham/Codes/NeatPaste/app-macos/build/DerivedData/Build/Intermediates.noindex/MacKit.build/Release/MacKitCore.build/Objects-normal/x86_64/MacKitCore_lto.o -Xlinker -dependency_info -Xlinker /Users/geraltgraham/Codes/NeatPaste/app-macos/build/DerivedData/Build/Intermediates.noindex/MacKit.build/Release/MacKitCore.build/Objects-normal/x86_64/MacKitCore_dependency_info.dat -fobjc-link-runtime -L/Applications/Xcode.app/Contents/Developer/Toolchains/XcodeDefault.xctoolchain/usr/lib/swift/macosx -L/usr/lib/swift -Xlinker -add_ast_path -Xlinker /Users/geraltgraham/Codes/NeatPaste/app-macos/build/DerivedData/Build/Intermediates.noindex/MacKit.build/Release/MacKitCore.build/Objects-normal/x86_64/MacKitCore.swiftmodule @/Users/geraltgraham/Codes/NeatPaste/app-macos/build/DerivedData/Build/Intermediates.noindex/MacKit.build/Release/MacKitCore.build/Objects-normal/x86_64/MacKitCore-linker-args.resp -o /Users/geraltgraham/Codes/NeatPaste/app-macos/build/DerivedData/Build/Intermediates.noindex/MacKit.build/Release/MacKitCore.build/Objects-normal/x86_64/Binary/MacKitCore.o

SwiftDriver MacKitLaunchAtLogin normal arm64 com.apple.xcode.tools.swift.compiler (in target 'MacKitLaunchAtLogin' from project 'MacKit')
    cd /Users/geraltgraham/Codes/NeatPaste/app-macos/NeatPaste.xcodeproj
    builtin-SwiftDriver -- /Applications/Xcode.app/Contents/Developer/Toolchains/XcodeDefault.xctoolchain/usr/bin/swiftc -module-name MacKitLaunchAtLogin -O -whole-module-optimization -enforce-exclusivity\=checked @/Users/geraltgraham/Codes/NeatPaste/app-macos/build/DerivedData/Build/Intermediates.noindex/MacKit.build/Release/MacKitLaunchAtLogin.build/Objects-normal/arm64/MacKitLaunchAtLogin.SwiftFileList -DSWIFT_PACKAGE -DSWIFT_MODULE_RESOURCE_BUNDLE_UNAVAILABLE -DXcode -plugin-path /Applications/Xcode.app/Contents/Developer/Toolchains/XcodeDefault.xctoolchain/usr/lib/swift/host/plugins/testing -enable-experimental-feature DebugDescriptionMacro -sdk /Applications/Xcode.app/Contents/Developer/Platforms/MacOSX.platform/Developer/SDKs/MacOSX26.2.sdk -target arm64-apple-macos14.0 -g -module-cache-path /Users/geraltgraham/Codes/NeatPaste/app-macos/build/DerivedData/ModuleCache.noindex -Xfrontend -serialize-debugging-options -suppress-warnings -swift-version 6 -I /Users/geraltgraham/Codes/NeatPaste/app-macos/build/DerivedData/Build/Products/Release -Isystem /Applications/Xcode.app/Contents/Developer/Platforms/MacOSX.platform/Developer/usr/lib -F /Users/geraltgraham/Codes/NeatPaste/app-macos/build/DerivedData/Build/Products/Release/PackageFrameworks -F /Users/geraltgraham/Codes/NeatPaste/app-macos/build/DerivedData/Build/Products/Release -F /Applications/Xcode.app/Contents/Developer/Platforms/MacOSX.platform/Developer/Library/Frameworks -parse-as-library -c -num-threads 8 -Xcc -ivfsstatcache -Xcc /Users/geraltgraham/Codes/NeatPaste/app-macos/build/DerivedData/SDKStatCaches.noindex/macosx26.2-25C58-e8867d0c40613ffc63e0238af232dc5000fa09913b459cbbc988d1f6730289ae.sdkstatcache -output-file-map /Users/geraltgraham/Codes/NeatPaste/app-macos/build/DerivedData/Build/Intermediates.noindex/MacKit.build/Release/MacKitLaunchAtLogin.build/Objects-normal/arm64/MacKitLaunchAtLogin-OutputFileMap.json -use-frontend-parseable-output -save-temps -no-color-diagnostics -explicit-module-build -module-cache-path /Users/geraltgraham/Codes/NeatPaste/app-macos/build/DerivedData/Build/Intermediates.noindex/SwiftExplicitPrecompiledModules -clang-scanner-module-cache-path /Users/geraltgraham/Codes/NeatPaste/app-macos/build/DerivedData/ModuleCache.noindex -sdk-module-cache-path /Users/geraltgraham/Codes/NeatPaste/app-macos/build/DerivedData/ModuleCache.noindex -serialize-diagnostics -emit-dependencies -emit-module -emit-module-path /Users/geraltgraham/Codes/NeatPaste/app-macos/build/DerivedData/Build/Intermediates.noindex/MacKit.build/Release/MacKitLaunchAtLogin.build/Objects-normal/arm64/MacKitLaunchAtLogin.swiftmodule -user-module-version 0.1.4 -validate-clang-modules-once -clang-build-session-file /Users/geraltgraham/Codes/NeatPaste/app-macos/build/DerivedData/ModuleCache.noindex/Session.modulevalidation -package-name mac_kit_swift -Xcc -I/Users/geraltgraham/Codes/NeatPaste/app-macos/build/DerivedData/Build/Intermediates.noindex/MacKit.build/Release/MacKitLaunchAtLogin.build/swift-overrides.hmap -emit-const-values -Xfrontend -const-gather-protocols-file -Xfrontend /Users/geraltgraham/Codes/NeatPaste/app-macos/build/DerivedData/Build/Intermediates.noindex/MacKit.build/Release/MacKitLaunchAtLogin.build/Objects-normal/arm64/MacKitLaunchAtLogin_const_extract_protocols.json -Xcc -I/Users/geraltgraham/Codes/NeatPaste/app-macos/build/DerivedData/Build/Products/Release/include -Xcc -I/Users/geraltgraham/Codes/NeatPaste/app-macos/build/DerivedData/Build/Intermediates.noindex/MacKit.build/Release/MacKitLaunchAtLogin.build/DerivedSources-normal/arm64 -Xcc -I/Users/geraltgraham/Codes/NeatPaste/app-macos/build/DerivedData/Build/Intermediates.noindex/MacKit.build/Release/MacKitLaunchAtLogin.build/DerivedSources/arm64 -Xcc -I/Users/geraltgraham/Codes/NeatPaste/app-macos/build/DerivedData/Build/Intermediates.noindex/MacKit.build/Release/MacKitLaunchAtLogin.build/DerivedSources -Xcc -DSWIFT_PACKAGE -emit-objc-header -emit-objc-header-path /Users/geraltgraham/Codes/NeatPaste/app-macos/build/DerivedData/Build/Intermediates.noindex/MacKit.build/Release/MacKitLaunchAtLogin.build/Objects-normal/arm64/MacKitLaunchAtLogin-Swift.h -working-directory /Users/geraltgraham/Codes/NeatPaste/app-macos/NeatPaste.xcodeproj -no-emit-module-separately-wmo

SwiftDriver MacKitLaunchAtLogin normal x86_64 com.apple.xcode.tools.swift.compiler (in target 'MacKitLaunchAtLogin' from project 'MacKit')
    cd /Users/geraltgraham/Codes/NeatPaste/app-macos/NeatPaste.xcodeproj
    builtin-SwiftDriver -- /Applications/Xcode.app/Contents/Developer/Toolchains/XcodeDefault.xctoolchain/usr/bin/swiftc -module-name MacKitLaunchAtLogin -O -whole-module-optimization -enforce-exclusivity\=checked @/Users/geraltgraham/Codes/NeatPaste/app-macos/build/DerivedData/Build/Intermediates.noindex/MacKit.build/Release/MacKitLaunchAtLogin.build/Objects-normal/x86_64/MacKitLaunchAtLogin.SwiftFileList -DSWIFT_PACKAGE -DSWIFT_MODULE_RESOURCE_BUNDLE_UNAVAILABLE -DXcode -plugin-path /Applications/Xcode.app/Contents/Developer/Toolchains/XcodeDefault.xctoolchain/usr/lib/swift/host/plugins/testing -enable-experimental-feature DebugDescriptionMacro -sdk /Applications/Xcode.app/Contents/Developer/Platforms/MacOSX.platform/Developer/SDKs/MacOSX26.2.sdk -target x86_64-apple-macos14.0 -g -module-cache-path /Users/geraltgraham/Codes/NeatPaste/app-macos/build/DerivedData/ModuleCache.noindex -Xfrontend -serialize-debugging-options -suppress-warnings -swift-version 6 -I /Users/geraltgraham/Codes/NeatPaste/app-macos/build/DerivedData/Build/Products/Release -Isystem /Applications/Xcode.app/Contents/Developer/Platforms/MacOSX.platform/Developer/usr/lib -F /Users/geraltgraham/Codes/NeatPaste/app-macos/build/DerivedData/Build/Products/Release/PackageFrameworks -F /Users/geraltgraham/Codes/NeatPaste/app-macos/build/DerivedData/Build/Products/Release -F /Applications/Xcode.app/Contents/Developer/Platforms/MacOSX.platform/Developer/Library/Frameworks -parse-as-library -c -num-threads 8 -Xcc -ivfsstatcache -Xcc /Users/geraltgraham/Codes/NeatPaste/app-macos/build/DerivedData/SDKStatCaches.noindex/macosx26.2-25C58-e8867d0c40613ffc63e0238af232dc5000fa09913b459cbbc988d1f6730289ae.sdkstatcache -output-file-map /Users/geraltgraham/Codes/NeatPaste/app-macos/build/DerivedData/Build/Intermediates.noindex/MacKit.build/Release/MacKitLaunchAtLogin.build/Objects-normal/x86_64/MacKitLaunchAtLogin-OutputFileMap.json -use-frontend-parseable-output -save-temps -no-color-diagnostics -explicit-module-build -module-cache-path /Users/geraltgraham/Codes/NeatPaste/app-macos/build/DerivedData/Build/Intermediates.noindex/SwiftExplicitPrecompiledModules -clang-scanner-module-cache-path /Users/geraltgraham/Codes/NeatPaste/app-macos/build/DerivedData/ModuleCache.noindex -sdk-module-cache-path /Users/geraltgraham/Codes/NeatPaste/app-macos/build/DerivedData/ModuleCache.noindex -serialize-diagnostics -emit-dependencies -emit-module -emit-module-path /Users/geraltgraham/Codes/NeatPaste/app-macos/build/DerivedData/Build/Intermediates.noindex/MacKit.build/Release/MacKitLaunchAtLogin.build/Objects-normal/x86_64/MacKitLaunchAtLogin.swiftmodule -user-module-version 0.1.4 -validate-clang-modules-once -clang-build-session-file /Users/geraltgraham/Codes/NeatPaste/app-macos/build/DerivedData/ModuleCache.noindex/Session.modulevalidation -package-name mac_kit_swift -Xcc -I/Users/geraltgraham/Codes/NeatPaste/app-macos/build/DerivedData/Build/Intermediates.noindex/MacKit.build/Release/MacKitLaunchAtLogin.build/swift-overrides.hmap -emit-const-values -Xfrontend -const-gather-protocols-file -Xfrontend /Users/geraltgraham/Codes/NeatPaste/app-macos/build/DerivedData/Build/Intermediates.noindex/MacKit.build/Release/MacKitLaunchAtLogin.build/Objects-normal/x86_64/MacKitLaunchAtLogin_const_extract_protocols.json -Xcc -I/Users/geraltgraham/Codes/NeatPaste/app-macos/build/DerivedData/Build/Products/Release/include -Xcc -I/Users/geraltgraham/Codes/NeatPaste/app-macos/build/DerivedData/Build/Intermediates.noindex/MacKit.build/Release/MacKitLaunchAtLogin.build/DerivedSources-normal/x86_64 -Xcc -I/Users/geraltgraham/Codes/NeatPaste/app-macos/build/DerivedData/Build/Intermediates.noindex/MacKit.build/Release/MacKitLaunchAtLogin.build/DerivedSources/x86_64 -Xcc -I/Users/geraltgraham/Codes/NeatPaste/app-macos/build/DerivedData/Build/Intermediates.noindex/MacKit.build/Release/MacKitLaunchAtLogin.build/DerivedSources -Xcc -DSWIFT_PACKAGE -emit-objc-header -emit-objc-header-path /Users/geraltgraham/Codes/NeatPaste/app-macos/build/DerivedData/Build/Intermediates.noindex/MacKit.build/Release/MacKitLaunchAtLogin.build/Objects-normal/x86_64/MacKitLaunchAtLogin-Swift.h -working-directory /Users/geraltgraham/Codes/NeatPaste/app-macos/NeatPaste.xcodeproj -no-emit-module-separately-wmo

SwiftDriver MacKitUpdater normal x86_64 com.apple.xcode.tools.swift.compiler (in target 'MacKitUpdater' from project 'MacKit')
    cd /Users/geraltgraham/Codes/NeatPaste/app-macos/NeatPaste.xcodeproj
    builtin-SwiftDriver -- /Applications/Xcode.app/Contents/Developer/Toolchains/XcodeDefault.xctoolchain/usr/bin/swiftc -module-name MacKitUpdater -O -whole-module-optimization -enforce-exclusivity\=checked @/Users/geraltgraham/Codes/NeatPaste/app-macos/build/DerivedData/Build/Intermediates.noindex/MacKit.build/Release/MacKitUpdater.build/Objects-normal/x86_64/MacKitUpdater.SwiftFileList -DSWIFT_PACKAGE -DSWIFT_MODULE_RESOURCE_BUNDLE_UNAVAILABLE -DXcode -plugin-path /Applications/Xcode.app/Contents/Developer/Toolchains/XcodeDefault.xctoolchain/usr/lib/swift/host/plugins/testing -enable-experimental-feature DebugDescriptionMacro -sdk /Applications/Xcode.app/Contents/Developer/Platforms/MacOSX.platform/Developer/SDKs/MacOSX26.2.sdk -target x86_64-apple-macos14.0 -g -module-cache-path /Users/geraltgraham/Codes/NeatPaste/app-macos/build/DerivedData/ModuleCache.noindex -Xfrontend -serialize-debugging-options -suppress-warnings -swift-version 6 -I /Users/geraltgraham/Codes/NeatPaste/app-macos/build/DerivedData/Build/Products/Release -Isystem /Applications/Xcode.app/Contents/Developer/Platforms/MacOSX.platform/Developer/usr/lib -F /Users/geraltgraham/Codes/NeatPaste/app-macos/build/DerivedData/Build/Products/Release/PackageFrameworks -F /Users/geraltgraham/Codes/NeatPaste/app-macos/build/DerivedData/Build/Products/Release -F /Applications/Xcode.app/Contents/Developer/Platforms/MacOSX.platform/Developer/Library/Frameworks -parse-as-library -c -num-threads 8 -Xcc -ivfsstatcache -Xcc /Users/geraltgraham/Codes/NeatPaste/app-macos/build/DerivedData/SDKStatCaches.noindex/macosx26.2-25C58-e8867d0c40613ffc63e0238af232dc5000fa09913b459cbbc988d1f6730289ae.sdkstatcache -output-file-map /Users/geraltgraham/Codes/NeatPaste/app-macos/build/DerivedData/Build/Intermediates.noindex/MacKit.build/Release/MacKitUpdater.build/Objects-normal/x86_64/MacKitUpdater-OutputFileMap.json -use-frontend-parseable-output -save-temps -no-color-diagnostics -explicit-module-build -module-cache-path /Users/geraltgraham/Codes/NeatPaste/app-macos/build/DerivedData/Build/Intermediates.noindex/SwiftExplicitPrecompiledModules -clang-scanner-module-cache-path /Users/geraltgraham/Codes/NeatPaste/app-macos/build/DerivedData/ModuleCache.noindex -sdk-module-cache-path /Users/geraltgraham/Codes/NeatPaste/app-macos/build/DerivedData/ModuleCache.noindex -serialize-diagnostics -emit-dependencies -emit-module -emit-module-path /Users/geraltgraham/Codes/NeatPaste/app-macos/build/DerivedData/Build/Intermediates.noindex/MacKit.build/Release/MacKitUpdater.build/Objects-normal/x86_64/MacKitUpdater.swiftmodule -user-module-version 0.1.4 -validate-clang-modules-once -clang-build-session-file /Users/geraltgraham/Codes/NeatPaste/app-macos/build/DerivedData/ModuleCache.noindex/Session.modulevalidation -package-name mac_kit_swift -Xcc -I/Users/geraltgraham/Codes/NeatPaste/app-macos/build/DerivedData/Build/Intermediates.noindex/MacKit.build/Release/MacKitUpdater.build/swift-overrides.hmap -emit-const-values -Xfrontend -const-gather-protocols-file -Xfrontend /Users/geraltgraham/Codes/NeatPaste/app-macos/build/DerivedData/Build/Intermediates.noindex/MacKit.build/Release/MacKitUpdater.build/Objects-normal/x86_64/MacKitUpdater_const_extract_protocols.json -Xcc -I/Users/geraltgraham/Codes/NeatPaste/app-macos/build/DerivedData/Build/Products/Release/include -Xcc -I/Users/geraltgraham/Codes/NeatPaste/app-macos/build/DerivedData/Build/Intermediates.noindex/MacKit.build/Release/MacKitUpdater.build/DerivedSources-normal/x86_64 -Xcc -I/Users/geraltgraham/Codes/NeatPaste/app-macos/build/DerivedData/Build/Intermediates.noindex/MacKit.build/Release/MacKitUpdater.build/DerivedSources/x86_64 -Xcc -I/Users/geraltgraham/Codes/NeatPaste/app-macos/build/DerivedData/Build/Intermediates.noindex/MacKit.build/Release/MacKitUpdater.build/DerivedSources -Xcc -DSWIFT_PACKAGE -emit-objc-header -emit-objc-header-path /Users/geraltgraham/Codes/NeatPaste/app-macos/build/DerivedData/Build/Intermediates.noindex/MacKit.build/Release/MacKitUpdater.build/Objects-normal/x86_64/MacKitUpdater-Swift.h -working-directory /Users/geraltgraham/Codes/NeatPaste/app-macos/NeatPaste.xcodeproj -no-emit-module-separately-wmo

SwiftDriver MacKitUpdater normal arm64 com.apple.xcode.tools.swift.compiler (in target 'MacKitUpdater' from project 'MacKit')
    cd /Users/geraltgraham/Codes/NeatPaste/app-macos/NeatPaste.xcodeproj
    builtin-SwiftDriver -- /Applications/Xcode.app/Contents/Developer/Toolchains/XcodeDefault.xctoolchain/usr/bin/swiftc -module-name MacKitUpdater -O -whole-module-optimization -enforce-exclusivity\=checked @/Users/geraltgraham/Codes/NeatPaste/app-macos/build/DerivedData/Build/Intermediates.noindex/MacKit.build/Release/MacKitUpdater.build/Objects-normal/arm64/MacKitUpdater.SwiftFileList -DSWIFT_PACKAGE -DSWIFT_MODULE_RESOURCE_BUNDLE_UNAVAILABLE -DXcode -plugin-path /Applications/Xcode.app/Contents/Developer/Toolchains/XcodeDefault.xctoolchain/usr/lib/swift/host/plugins/testing -enable-experimental-feature DebugDescriptionMacro -sdk /Applications/Xcode.app/Contents/Developer/Platforms/MacOSX.platform/Developer/SDKs/MacOSX26.2.sdk -target arm64-apple-macos14.0 -g -module-cache-path /Users/geraltgraham/Codes/NeatPaste/app-macos/build/DerivedData/ModuleCache.noindex -Xfrontend -serialize-debugging-options -suppress-warnings -swift-version 6 -I /Users/geraltgraham/Codes/NeatPaste/app-macos/build/DerivedData/Build/Products/Release -Isystem /Applications/Xcode.app/Contents/Developer/Platforms/MacOSX.platform/Developer/usr/lib -F /Users/geraltgraham/Codes/NeatPaste/app-macos/build/DerivedData/Build/Products/Release/PackageFrameworks -F /Users/geraltgraham/Codes/NeatPaste/app-macos/build/DerivedData/Build/Products/Release -F /Applications/Xcode.app/Contents/Developer/Platforms/MacOSX.platform/Developer/Library/Frameworks -parse-as-library -c -num-threads 8 -Xcc -ivfsstatcache -Xcc /Users/geraltgraham/Codes/NeatPaste/app-macos/build/DerivedData/SDKStatCaches.noindex/macosx26.2-25C58-e8867d0c40613ffc63e0238af232dc5000fa09913b459cbbc988d1f6730289ae.sdkstatcache -output-file-map /Users/geraltgraham/Codes/NeatPaste/app-macos/build/DerivedData/Build/Intermediates.noindex/MacKit.build/Release/MacKitUpdater.build/Objects-normal/arm64/MacKitUpdater-OutputFileMap.json -use-frontend-parseable-output -save-temps -no-color-diagnostics -explicit-module-build -module-cache-path /Users/geraltgraham/Codes/NeatPaste/app-macos/build/DerivedData/Build/Intermediates.noindex/SwiftExplicitPrecompiledModules -clang-scanner-module-cache-path /Users/geraltgraham/Codes/NeatPaste/app-macos/build/DerivedData/ModuleCache.noindex -sdk-module-cache-path /Users/geraltgraham/Codes/NeatPaste/app-macos/build/DerivedData/ModuleCache.noindex -serialize-diagnostics -emit-dependencies -emit-module -emit-module-path /Users/geraltgraham/Codes/NeatPaste/app-macos/build/DerivedData/Build/Intermediates.noindex/MacKit.build/Release/MacKitUpdater.build/Objects-normal/arm64/MacKitUpdater.swiftmodule -user-module-version 0.1.4 -validate-clang-modules-once -clang-build-session-file /Users/geraltgraham/Codes/NeatPaste/app-macos/build/DerivedData/ModuleCache.noindex/Session.modulevalidation -package-name mac_kit_swift -Xcc -I/Users/geraltgraham/Codes/NeatPaste/app-macos/build/DerivedData/Build/Intermediates.noindex/MacKit.build/Release/MacKitUpdater.build/swift-overrides.hmap -emit-const-values -Xfrontend -const-gather-protocols-file -Xfrontend /Users/geraltgraham/Codes/NeatPaste/app-macos/build/DerivedData/Build/Intermediates.noindex/MacKit.build/Release/MacKitUpdater.build/Objects-normal/arm64/MacKitUpdater_const_extract_protocols.json -Xcc -I/Users/geraltgraham/Codes/NeatPaste/app-macos/build/DerivedData/Build/Products/Release/include -Xcc -I/Users/geraltgraham/Codes/NeatPaste/app-macos/build/DerivedData/Build/Intermediates.noindex/MacKit.build/Release/MacKitUpdater.build/DerivedSources-normal/arm64 -Xcc -I/Users/geraltgraham/Codes/NeatPaste/app-macos/build/DerivedData/Build/Intermediates.noindex/MacKit.build/Release/MacKitUpdater.build/DerivedSources/arm64 -Xcc -I/Users/geraltgraham/Codes/NeatPaste/app-macos/build/DerivedData/Build/Intermediates.noindex/MacKit.build/Release/MacKitUpdater.build/DerivedSources -Xcc -DSWIFT_PACKAGE -emit-objc-header -emit-objc-header-path /Users/geraltgraham/Codes/NeatPaste/app-macos/build/DerivedData/Build/Intermediates.noindex/MacKit.build/Release/MacKitUpdater.build/Objects-normal/arm64/MacKitUpdater-Swift.h -working-directory /Users/geraltgraham/Codes/NeatPaste/app-macos/NeatPaste.xcodeproj -no-emit-module-separately-wmo

SwiftDriver MacKitOverlay normal x86_64 com.apple.xcode.tools.swift.compiler (in target 'MacKitOverlay' from project 'MacKit')
    cd /Users/geraltgraham/Codes/NeatPaste/app-macos/NeatPaste.xcodeproj
    builtin-SwiftDriver -- /Applications/Xcode.app/Contents/Developer/Toolchains/XcodeDefault.xctoolchain/usr/bin/swiftc -module-name MacKitOverlay -O -whole-module-optimization -enforce-exclusivity\=checked @/Users/geraltgraham/Codes/NeatPaste/app-macos/build/DerivedData/Build/Intermediates.noindex/MacKit.build/Release/MacKitOverlay.build/Objects-normal/x86_64/MacKitOverlay.SwiftFileList -DSWIFT_PACKAGE -DSWIFT_MODULE_RESOURCE_BUNDLE_UNAVAILABLE -DXcode -plugin-path /Applications/Xcode.app/Contents/Developer/Toolchains/XcodeDefault.xctoolchain/usr/lib/swift/host/plugins/testing -enable-experimental-feature DebugDescriptionMacro -sdk /Applications/Xcode.app/Contents/Developer/Platforms/MacOSX.platform/Developer/SDKs/MacOSX26.2.sdk -target x86_64-apple-macos14.0 -g -module-cache-path /Users/geraltgraham/Codes/NeatPaste/app-macos/build/DerivedData/ModuleCache.noindex -Xfrontend -serialize-debugging-options -suppress-warnings -swift-version 6 -I /Users/geraltgraham/Codes/NeatPaste/app-macos/build/DerivedData/Build/Products/Release -Isystem /Applications/Xcode.app/Contents/Developer/Platforms/MacOSX.platform/Developer/usr/lib -F /Users/geraltgraham/Codes/NeatPaste/app-macos/build/DerivedData/Build/Products/Release/PackageFrameworks -F /Users/geraltgraham/Codes/NeatPaste/app-macos/build/DerivedData/Build/Products/Release -F /Applications/Xcode.app/Contents/Developer/Platforms/MacOSX.platform/Developer/Library/Frameworks -parse-as-library -c -num-threads 8 -Xcc -ivfsstatcache -Xcc /Users/geraltgraham/Codes/NeatPaste/app-macos/build/DerivedData/SDKStatCaches.noindex/macosx26.2-25C58-e8867d0c40613ffc63e0238af232dc5000fa09913b459cbbc988d1f6730289ae.sdkstatcache -output-file-map /Users/geraltgraham/Codes/NeatPaste/app-macos/build/DerivedData/Build/Intermediates.noindex/MacKit.build/Release/MacKitOverlay.build/Objects-normal/x86_64/MacKitOverlay-OutputFileMap.json -use-frontend-parseable-output -save-temps -no-color-diagnostics -explicit-module-build -module-cache-path /Users/geraltgraham/Codes/NeatPaste/app-macos/build/DerivedData/Build/Intermediates.noindex/SwiftExplicitPrecompiledModules -clang-scanner-module-cache-path /Users/geraltgraham/Codes/NeatPaste/app-macos/build/DerivedData/ModuleCache.noindex -sdk-module-cache-path /Users/geraltgraham/Codes/NeatPaste/app-macos/build/DerivedData/ModuleCache.noindex -serialize-diagnostics -emit-dependencies -emit-module -emit-module-path /Users/geraltgraham/Codes/NeatPaste/app-macos/build/DerivedData/Build/Intermediates.noindex/MacKit.build/Release/MacKitOverlay.build/Objects-normal/x86_64/MacKitOverlay.swiftmodule -user-module-version 0.1.4 -validate-clang-modules-once -clang-build-session-file /Users/geraltgraham/Codes/NeatPaste/app-macos/build/DerivedData/ModuleCache.noindex/Session.modulevalidation -package-name mac_kit_swift -Xcc -I/Users/geraltgraham/Codes/NeatPaste/app-macos/build/DerivedData/Build/Intermediates.noindex/MacKit.build/Release/MacKitOverlay.build/swift-overrides.hmap -emit-const-values -Xfrontend -const-gather-protocols-file -Xfrontend /Users/geraltgraham/Codes/NeatPaste/app-macos/build/DerivedData/Build/Intermediates.noindex/MacKit.build/Release/MacKitOverlay.build/Objects-normal/x86_64/MacKitOverlay_const_extract_protocols.json -Xcc -I/Users/geraltgraham/Codes/NeatPaste/app-macos/build/DerivedData/Build/Products/Release/include -Xcc -I/Users/geraltgraham/Codes/NeatPaste/app-macos/build/DerivedData/Build/Intermediates.noindex/MacKit.build/Release/MacKitOverlay.build/DerivedSources-normal/x86_64 -Xcc -I/Users/geraltgraham/Codes/NeatPaste/app-macos/build/DerivedData/Build/Intermediates.noindex/MacKit.build/Release/MacKitOverlay.build/DerivedSources/x86_64 -Xcc -I/Users/geraltgraham/Codes/NeatPaste/app-macos/build/DerivedData/Build/Intermediates.noindex/MacKit.build/Release/MacKitOverlay.build/DerivedSources -Xcc -DSWIFT_PACKAGE -emit-objc-header -emit-objc-header-path /Users/geraltgraham/Codes/NeatPaste/app-macos/build/DerivedData/Build/Intermediates.noindex/MacKit.build/Release/MacKitOverlay.build/Objects-normal/x86_64/MacKitOverlay-Swift.h -working-directory /Users/geraltgraham/Codes/NeatPaste/app-macos/NeatPaste.xcodeproj -no-emit-module-separately-wmo

SwiftDriver MacKitOverlay normal arm64 com.apple.xcode.tools.swift.compiler (in target 'MacKitOverlay' from project 'MacKit')
    cd /Users/geraltgraham/Codes/NeatPaste/app-macos/NeatPaste.xcodeproj
    builtin-SwiftDriver -- /Applications/Xcode.app/Contents/Developer/Toolchains/XcodeDefault.xctoolchain/usr/bin/swiftc -module-name MacKitOverlay -O -whole-module-optimization -enforce-exclusivity\=checked @/Users/geraltgraham/Codes/NeatPaste/app-macos/build/DerivedData/Build/Intermediates.noindex/MacKit.build/Release/MacKitOverlay.build/Objects-normal/arm64/MacKitOverlay.SwiftFileList -DSWIFT_PACKAGE -DSWIFT_MODULE_RESOURCE_BUNDLE_UNAVAILABLE -DXcode -plugin-path /Applications/Xcode.app/Contents/Developer/Toolchains/XcodeDefault.xctoolchain/usr/lib/swift/host/plugins/testing -enable-experimental-feature DebugDescriptionMacro -sdk /Applications/Xcode.app/Contents/Developer/Platforms/MacOSX.platform/Developer/SDKs/MacOSX26.2.sdk -target arm64-apple-macos14.0 -g -module-cache-path /Users/geraltgraham/Codes/NeatPaste/app-macos/build/DerivedData/ModuleCache.noindex -Xfrontend -serialize-debugging-options -suppress-warnings -swift-version 6 -I /Users/geraltgraham/Codes/NeatPaste/app-macos/build/DerivedData/Build/Products/Release -Isystem /Applications/Xcode.app/Contents/Developer/Platforms/MacOSX.platform/Developer/usr/lib -F /Users/geraltgraham/Codes/NeatPaste/app-macos/build/DerivedData/Build/Products/Release/PackageFrameworks -F /Users/geraltgraham/Codes/NeatPaste/app-macos/build/DerivedData/Build/Products/Release -F /Applications/Xcode.app/Contents/Developer/Platforms/MacOSX.platform/Developer/Library/Frameworks -parse-as-library -c -num-threads 8 -Xcc -ivfsstatcache -Xcc /Users/geraltgraham/Codes/NeatPaste/app-macos/build/DerivedData/SDKStatCaches.noindex/macosx26.2-25C58-e8867d0c40613ffc63e0238af232dc5000fa09913b459cbbc988d1f6730289ae.sdkstatcache -output-file-map /Users/geraltgraham/Codes/NeatPaste/app-macos/build/DerivedData/Build/Intermediates.noindex/MacKit.build/Release/MacKitOverlay.build/Objects-normal/arm64/MacKitOverlay-OutputFileMap.json -use-frontend-parseable-output -save-temps -no-color-diagnostics -explicit-module-build -module-cache-path /Users/geraltgraham/Codes/NeatPaste/app-macos/build/DerivedData/Build/Intermediates.noindex/SwiftExplicitPrecompiledModules -clang-scanner-module-cache-path /Users/geraltgraham/Codes/NeatPaste/app-macos/build/DerivedData/ModuleCache.noindex -sdk-module-cache-path /Users/geraltgraham/Codes/NeatPaste/app-macos/build/DerivedData/ModuleCache.noindex -serialize-diagnostics -emit-dependencies -emit-module -emit-module-path /Users/geraltgraham/Codes/NeatPaste/app-macos/build/DerivedData/Build/Intermediates.noindex/MacKit.build/Release/MacKitOverlay.build/Objects-normal/arm64/MacKitOverlay.swiftmodule -user-module-version 0.1.4 -validate-clang-modules-once -clang-build-session-file /Users/geraltgraham/Codes/NeatPaste/app-macos/build/DerivedData/ModuleCache.noindex/Session.modulevalidation -package-name mac_kit_swift -Xcc -I/Users/geraltgraham/Codes/NeatPaste/app-macos/build/DerivedData/Build/Intermediates.noindex/MacKit.build/Release/MacKitOverlay.build/swift-overrides.hmap -emit-const-values -Xfrontend -const-gather-protocols-file -Xfrontend /Users/geraltgraham/Codes/NeatPaste/app-macos/build/DerivedData/Build/Intermediates.noindex/MacKit.build/Release/MacKitOverlay.build/Objects-normal/arm64/MacKitOverlay_const_extract_protocols.json -Xcc -I/Users/geraltgraham/Codes/NeatPaste/app-macos/build/DerivedData/Build/Products/Release/include -Xcc -I/Users/geraltgraham/Codes/NeatPaste/app-macos/build/DerivedData/Build/Intermediates.noindex/MacKit.build/Release/MacKitOverlay.build/DerivedSources-normal/arm64 -Xcc -I/Users/geraltgraham/Codes/NeatPaste/app-macos/build/DerivedData/Build/Intermediates.noindex/MacKit.build/Release/MacKitOverlay.build/DerivedSources/arm64 -Xcc -I/Users/geraltgraham/Codes/NeatPaste/app-macos/build/DerivedData/Build/Intermediates.noindex/MacKit.build/Release/MacKitOverlay.build/DerivedSources -Xcc -DSWIFT_PACKAGE -emit-objc-header -emit-objc-header-path /Users/geraltgraham/Codes/NeatPaste/app-macos/build/DerivedData/Build/Intermediates.noindex/MacKit.build/Release/MacKitOverlay.build/Objects-normal/arm64/MacKitOverlay-Swift.h -working-directory /Users/geraltgraham/Codes/NeatPaste/app-macos/NeatPaste.xcodeproj -no-emit-module-separately-wmo

CreateUniversalBinary /Users/geraltgraham/Codes/NeatPaste/app-macos/build/DerivedData/Build/Products/Release/MacKitCore.o normal arm64\ x86_64 (in target 'MacKitCore' from project 'MacKit')
    cd /Users/geraltgraham/Codes/NeatPaste/app-macos/build/DerivedData/SourcePackages/checkouts/mac-kit-swift
    /Applications/Xcode.app/Contents/Developer/Toolchains/XcodeDefault.xctoolchain/usr/bin/lipo -create /Users/geraltgraham/Codes/NeatPaste/app-macos/build/DerivedData/Build/Intermediates.noindex/MacKit.build/Release/MacKitCore.build/Objects-normal/arm64/Binary/MacKitCore.o /Users/geraltgraham/Codes/NeatPaste/app-macos/build/DerivedData/Build/Intermediates.noindex/MacKit.build/Release/MacKitCore.build/Objects-normal/x86_64/Binary/MacKitCore.o -output /Users/geraltgraham/Codes/NeatPaste/app-macos/build/DerivedData/Build/Products/Release/MacKitCore.o

SwiftCompile normal arm64 Compiling\ AccessoryActivationSession.swift,\ AutofillHeuristicGuard.swift,\ LoginLaunchDetector.swift,\ TerminationGuard.swift /Users/geraltgraham/Codes/NeatPaste/app-macos/build/DerivedData/SourcePackages/checkouts/mac-kit-swift/Sources/MacKitLifecycle/AccessoryActivationSession.swift /Users/geraltgraham/Codes/NeatPaste/app-macos/build/DerivedData/SourcePackages/checkouts/mac-kit-swift/Sources/MacKitLifecycle/AutofillHeuristicGuard.swift /Users/geraltgraham/Codes/NeatPaste/app-macos/build/DerivedData/SourcePackages/checkouts/mac-kit-swift/Sources/MacKitLifecycle/LoginLaunchDetector.swift /Users/geraltgraham/Codes/NeatPaste/app-macos/build/DerivedData/SourcePackages/checkouts/mac-kit-swift/Sources/MacKitLifecycle/TerminationGuard.swift /Applications/Xcode.app/Contents/Developer/Toolchains/XcodeDefault.xctoolchain/usr/lib/swift/macosx/prebuilt-modules/26.2/CoreImage.swiftmodule/arm64e-apple-macos.swiftmodule /Applications/Xcode.app/Contents/Developer/Toolchains/XcodeDefault.xctoolchain/usr/lib/swift/macosx/prebuilt-modules/26.2/System.swiftmodule/arm64e-apple-macos.swiftmodule /Applications/Xcode.app/Contents/Developer/Toolchains/XcodeDefault.xctoolchain/usr/lib/swift/macosx/prebuilt-modules/26.2/XPC.swiftmodule/arm64e-apple-macos.swiftmodule /Applications/Xcode.app/Contents/Developer/Toolchains/XcodeDefault.xctoolchain/usr/lib/swift/macosx/prebuilt-modules/26.2/_DarwinFoundation1.swiftmodule/arm64e-apple-macos.swiftmodule /Applications/Xcode.app/Contents/Developer/Toolchains/XcodeDefault.xctoolchain/usr/lib/swift/macosx/prebuilt-modules/26.2/CoreGraphics.swiftmodule/arm64e-apple-macos.swiftmodule /Applications/Xcode.app/Contents/Developer/Toolchains/XcodeDefault.xctoolchain/usr/lib/swift/macosx/prebuilt-modules/26.2/CoreFoundation.swiftmodule/arm64e-apple-macos.swiftmodule /Applications/Xcode.app/Contents/Developer/Toolchains/XcodeDefault.xctoolchain/usr/lib/swift/macosx/prebuilt-modules/26.2/UniformTypeIdentifiers.swiftmodule/arm64e-apple-macos.swiftmodule /Applications/Xcode.app/Contents/Developer/Toolchains/XcodeDefault.xctoolchain/usr/lib/swift/macosx/prebuilt-modules/26.2/Observation.swiftmodule/arm64e-apple-macos.swiftmodule /Applications/Xcode.app/Contents/Developer/Toolchains/XcodeDefault.xctoolchain/usr/lib/swift/macosx/prebuilt-modules/26.2/AppKit.swiftmodule/arm64e-apple-macos.swiftmodule /Applications/Xcode.app/Contents/Developer/Toolchains/XcodeDefault.xctoolchain/usr/lib/swift/macosx/prebuilt-modules/26.2/CoreTransferable.swiftmodule/arm64e-apple-macos.swiftmodule /Applications/Xcode.app/Contents/Developer/Toolchains/XcodeDefault.xctoolchain/usr/lib/swift/macosx/prebuilt-modules/26.2/_Builtin_float.swiftmodule/arm64e-apple-macos.swiftmodule /Applications/Xcode.app/Contents/Developer/Toolchains/XcodeDefault.xctoolchain/usr/lib/swift/macosx/prebuilt-modules/26.2/Dispatch.swiftmodule/arm64e-apple-macos.swiftmodule /Applications/Xcode.app/Contents/Developer/Toolchains/XcodeDefault.xctoolchain/usr/lib/swift/macosx/prebuilt-modules/26.2/ObjectiveC.swiftmodule/arm64e-apple-macos.swiftmodule /Applications/Xcode.app/Contents/Developer/Toolchains/XcodeDefault.xctoolchain/usr/lib/swift/macosx/prebuilt-modules/26.2/CoreVideo.swiftmodule/arm64e-apple-macos.swiftmodule /Applications/Xcode.app/Contents/Developer/Toolchains/XcodeDefault.xctoolchain/usr/lib/swift/macosx/prebuilt-modules/26.2/Combine.swiftmodule/arm64e-apple-macos.swiftmodule /Applications/Xcode.app/Contents/Developer/Toolchains/XcodeDefault.xctoolchain/usr/lib/swift/macosx/prebuilt-modules/26.2/Foundation.swiftmodule/arm64e-apple-macos.swiftmodule /Applications/Xcode.app/Contents/Developer/Toolchains/XcodeDefault.xctoolchain/usr/lib/swift/macosx/prebuilt-modules/26.2/Swift.swiftmodule/arm64e-apple-macos.swiftmodule /Applications/Xcode.app/Contents/Developer/Toolchains/XcodeDefault.xctoolchain/usr/lib/swift/macosx/prebuilt-modules/26.2/Accessibility.swiftmodule/arm64e-apple-macos.swiftmodule /Applications/Xcode.app/Contents/Developer/Toolchains/XcodeDefault.xctoolchain/usr/lib/swift/macosx/prebuilt-modules/26.2/_DarwinFoundation3.swiftmodule/arm64e-apple-macos.swiftmodule /Applications/Xcode.app/Contents/Developer/Toolchains/XcodeDefault.xctoolchain/usr/lib/swift/macosx/prebuilt-modules/26.2/simd.swiftmodule/arm64e-apple-macos.swiftmodule /Applications/Xcode.app/Contents/Developer/Toolchains/XcodeDefault.xctoolchain/usr/lib/swift/macosx/prebuilt-modules/26.2/Darwin.swiftmodule/arm64e-apple-macos.swiftmodule /Applications/Xcode.app/Contents/Developer/Toolchains/XcodeDefault.xctoolchain/usr/lib/swift/macosx/prebuilt-modules/26.2/SwiftUICore.swiftmodule/arm64e-apple-macos.swiftmodule /Applications/Xcode.app/Contents/Developer/Toolchains/XcodeDefault.xctoolchain/usr/lib/swift/macosx/prebuilt-modules/26.2/_StringProcessing.swiftmodule/arm64e-apple-macos.swiftmodule /Applications/Xcode.app/Contents/Developer/Toolchains/XcodeDefault.xctoolchain/usr/lib/swift/macosx/prebuilt-modules/26.2/QuartzCore.swiftmodule/arm64e-apple-macos.swiftmodule /Applications/Xcode.app/Contents/Developer/Toolchains/XcodeDefault.xctoolchain/usr/lib/swift/macosx/prebuilt-modules/26.2/DataDetection.swiftmodule/arm64e-apple-macos.swiftmodule /Applications/Xcode.app/Contents/Developer/Toolchains/XcodeDefault.xctoolchain/usr/lib/swift/macosx/prebuilt-modules/26.2/IOKit.swiftmodule/arm64e-apple-macos.swiftmodule /Applications/Xcode.app/Contents/Developer/Toolchains/XcodeDefault.xctoolchain/usr/lib/swift/macosx/prebuilt-modules/26.2/Metal.swiftmodule/arm64e-apple-macos.swiftmodule /Applications/Xcode.app/Contents/Developer/Toolchains/XcodeDefault.xctoolchain/usr/lib/swift/macosx/prebuilt-modules/26.2/OSLog.swiftmodule/arm64e-apple-macos.swiftmodule /Applications/Xcode.app/Contents/Developer/Toolchains/XcodeDefault.xctoolchain/usr/lib/swift/macosx/prebuilt-modules/26.2/_Concurrency.swiftmodule/arm64e-apple-macos.swiftmodule /Applications/Xcode.app/Contents/Developer/Toolchains/XcodeDefault.xctoolchain/usr/lib/swift/macosx/prebuilt-modules/26.2/_DarwinFoundation2.swiftmodule/arm64e-apple-macos.swiftmodule /Applications/Xcode.app/Contents/Developer/Toolchains/XcodeDefault.xctoolchain/usr/lib/swift/macosx/prebuilt-modules/26.2/DeveloperToolsSupport.swiftmodule/arm64e-apple-macos.swiftmodule /Applications/Xcode.app/Contents/Developer/Toolchains/XcodeDefault.xctoolchain/usr/lib/swift/macosx/prebuilt-modules/26.2/CoreText.swiftmodule/arm64e-apple-macos.swiftmodule /Applications/Xcode.app/Contents/Developer/Toolchains/XcodeDefault.xctoolchain/usr/lib/swift/macosx/prebuilt-modules/26.2/Symbols.swiftmodule/arm64e-apple-macos.swiftmodule /Applications/Xcode.app/Contents/Developer/Toolchains/XcodeDefault.xctoolchain/usr/lib/swift/macosx/prebuilt-modules/26.2/os.swiftmodule/arm64e-apple-macos.swiftmodule /Applications/Xcode.app/Contents/Developer/Toolchains/XcodeDefault.xctoolchain/usr/lib/swift/macosx/prebuilt-modules/26.2/CoreData.swiftmodule/arm64e-apple-macos.swiftmodule /Users/geraltgraham/Codes/NeatPaste/app-macos/build/DerivedData/ModuleCache.noindex/CoreImage-CP3HX69M6OPCX3J8SWYIKA28V.pcm /Users/geraltgraham/Codes/NeatPaste/app-macos/build/DerivedData/ModuleCache.noindex/_Builtin_stdatomic-DNJD15YHPUOEA8XMW5A5NBEKO.pcm /Users/geraltgraham/Codes/NeatPaste/app-macos/build/DerivedData/ModuleCache.noindex/Symbols-7D9QS2TNO9KXSV25X6LYZJQ85.pcm /Users/geraltgraham/Codes/NeatPaste/app-macos/build/DerivedData/ModuleCache.noindex/DiskArbitration-EKIYWIQBRPI068IGAXUYWRAK6.pcm /Users/geraltgraham/Codes/NeatPaste/app-macos/build/DerivedData/ModuleCache.noindex/CUPS-3KSZW17A6LJ2S0CBAN0L9YNCT.pcm /Users/geraltgraham/Codes/NeatPaste/app-macos/build/DerivedData/ModuleCache.noindex/ObjectiveC-463IQRX3PM3VF13L7I9G64O8P.pcm /Users/geraltgraham/Codes/NeatPaste/app-macos/build/DerivedData/ModuleCache.noindex/_Builtin_inttypes-CPRY3LUE3DXFVEP5427QKEHO3.pcm /Users/geraltgraham/Codes/NeatPaste/app-macos/build/DerivedData/ModuleCache.noindex/_Builtin_stdbool-D3WF8MSC2N9YLV0SN7WZZQEW1.pcm /Users/geraltgraham/Codes/NeatPaste/app-macos/build/DerivedData/ModuleCache.noindex/CoreFoundation-5D9F45F2SNHFSNDUM58JD3UPE.pcm /Users/geraltgraham/Codes/NeatPaste/app-macos/build/DerivedData/ModuleCache.noindex/libDER-EZCR38TM4WA3M69GZQTEAK0GN.pcm /Users/geraltgraham/Codes/NeatPaste/app-macos/build/DerivedData/ModuleCache.noindex/CoreVideo-86I4LTBPT6V93NEK6KT0JBYD.pcm /Users/geraltgraham/Codes/NeatPaste/app-macos/build/DerivedData/ModuleCache.noindex/CoreData-4NFQJPZUCDTA6MNOW1Q5XPGBW.pcm /Users/geraltgraham/Codes/NeatPaste/app-macos/build/DerivedData/ModuleCache.noindex/ImageIO-6ZL3UPX2HGC7HGZAJZM2ZYG0U.pcm /Users/geraltgraham/Codes/NeatPaste/app-macos/build/DerivedData/ModuleCache.noindex/_Builtin_limits-5HKTMMB9GPSW0BHJQABQIDZ3R.pcm /Users/geraltgraham/Codes/NeatPaste/app-macos/build/DerivedData/ModuleCache.noindex/CoreTransferable-4V6QYGXZ2STKNHHZ0TO7E5ZCU.pcm /Users/geraltgraham/Codes/NeatPaste/app-macos/build/DerivedData/ModuleCache.noindex/os_workgroup-4TXSR1EJVOL0BL3VXOKDHSXXW.pcm /Users/geraltgraham/Codes/NeatPaste/app-macos/build/DerivedData/ModuleCache.noindex/SwiftUICore-6BZTCQ01UUYW8RZPET8DGAAZZ.pcm /Users/geraltgraham/Codes/NeatPaste/app-macos/build/DerivedData/ModuleCache.noindex/ptrcheck-6GR9661DAZ420N8LV6Q96WUD2.pcm /Users/geraltgraham/Codes/NeatPaste/app-macos/build/DerivedData/ModuleCache.noindex/OSLog-9ODRFLGAR7P6U27IM9W2RFEUK.pcm /Users/geraltgraham/Codes/NeatPaste/app-macos/build/DerivedData/ModuleCache.noindex/SwiftShims-3GQA22IRDAI597RGCSMPKBUJY.pcm /Users/geraltgraham/Codes/NeatPaste/app-macos/build/DerivedData/ModuleCache.noindex/ColorSync-9YKPM5KJ89Y1A9KL81G5US1WG.pcm /Users/geraltgraham/Codes/NeatPaste/app-macos/build/DerivedData/ModuleCache.noindex/Dispatch-BUCU3JQK3VLT4K1Y0BDV98TF4.pcm /Users/geraltgraham/Codes/NeatPaste/app-macos/build/DerivedData/ModuleCache.noindex/Security-7N4LRJYRPL2FP08B732L4G26F.pcm /Users/geraltgraham/Codes/NeatPaste/app-macos/build/DerivedData/ModuleCache.noindex/AppKit-87YDH99IG9GRO0W1FYIUZ5HN7.pcm /Users/geraltgraham/Codes/NeatPaste/app-macos/build/DerivedData/ModuleCache.noindex/os_object-11I6XC2LELQ4T2DNM1GLGFFHO.pcm /Users/geraltgraham/Codes/NeatPaste/app-macos/build/DerivedData/ModuleCache.noindex/OpenGL-7033D3XSEMWYVKTHATQTVR0WJ.pcm /Users/geraltgraham/Codes/NeatPaste/app-macos/build/DerivedData/ModuleCache.noindex/_Builtin_intrinsics-ER0H0KHBWFXCXNKAI09HPZMJK.pcm /Users/geraltgraham/Codes/NeatPaste/app-macos/build/DerivedData/ModuleCache.noindex/CFNetwork-BJ4RN12DHLDFF0I3QC7LA1AK3.pcm /Users/geraltgraham/Codes/NeatPaste/app-macos/build/DerivedData/ModuleCache.noindex/_Builtin_float-12AJ912187YGMRGB8M2R56YWY.pcm /Users/geraltgraham/Codes/NeatPaste/app-macos/build/DerivedData/ModuleCache.noindex/_AvailabilityInternal-BWUIOQSBNTEP5CB33QOPOOXZ1.pcm /Users/geraltgraham/Codes/NeatPaste/app-macos/build/DerivedData/ModuleCache.noindex/_Builtin_tgmath-9EZRMPZ0DZFVTC8JP4LTBV6MX.pcm /Users/geraltgraham/Codes/NeatPaste/app-macos/build/DerivedData/ModuleCache.noindex/os-CZHLUW5P1VKJPM8Y1OPI0DG4U.pcm /Users/geraltgraham/Codes/NeatPaste/app-macos/build/DerivedData/ModuleCache.noindex/DataDetection-4KQAFACHQKV5KU9LWQILSLGUZ.pcm /Users/geraltgraham/Codes/NeatPaste/app-macos/build/DerivedData/ModuleCache.noindex/XPC-6KF5V41QT9NJZ9K01JO6920D1.pcm /Users/geraltgraham/Codes/NeatPaste/app-macos/build/DerivedData/ModuleCache.noindex/_Builtin_stdarg-3DYKW71XR7DTFOR1GZK0JIRH2.pcm /Users/geraltgraham/Codes/NeatPaste/app-macos/build/DerivedData/ModuleCache.noindex/_Builtin_stddef-7TF1TWHEU90HVMDLOZZEE56QD.pcm /Users/geraltgraham/Codes/NeatPaste/app-macos/build/DerivedData/ModuleCache.noindex/CoreServices-7KTR68W580WS2H3JAB5OOCVN7.pcm /Users/geraltgraham/Codes/NeatPaste/app-macos/build/DerivedData/ModuleCache.noindex/Foundation-6GQOODQ0EC5DCUE7PTWG496G2.pcm /Users/geraltgraham/Codes/NeatPaste/app-macos/build/DerivedData/ModuleCache.noindex/Accessibility-6XAHVT3JNKJG61A8Y2RNKMHGR.pcm /Users/geraltgraham/Codes/NeatPaste/app-macos/build/DerivedData/ModuleCache.noindex/UniformTypeIdentifiers-71BS6EEP6XI8WPD1AA1WR3ELF.pcm /Users/geraltgraham/Codes/NeatPaste/app-macos/build/DerivedData/ModuleCache.noindex/ptrauth-7KUHPYKIGTNTCXIJGMDGZH6PL.pcm /Users/geraltgraham/Codes/NeatPaste/app-macos/build/DerivedData/ModuleCache.noindex/sys_types-4A3Y5UA5CVRJQ5R9RJ11HYFGT.pcm /Users/geraltgraham/Codes/NeatPaste/app-macos/build/DerivedData/ModuleCache.noindex/_SwiftConcurrencyShims-BDP01P6OKU8A8ACGO8TCC7OQ3.pcm /Users/geraltgraham/Codes/NeatPaste/app-macos/build/DerivedData/ModuleCache.noindex/_Builtin_stdint-2C4N3W7CRW4VURTEG8WOVR9AW.pcm /Users/geraltgraham/Codes/NeatPaste/app-macos/build/DerivedData/ModuleCache.noindex/libkern-CLKOEXX7WTNXX2TTXAX3EN04R.pcm /Users/geraltgraham/Codes/NeatPaste/app-macos/build/DerivedData/ModuleCache.noindex/_DarwinFoundation2-AC9OD7W4N88KYSKNUVSNN6FFP.pcm /Users/geraltgraham/Codes/NeatPaste/app-macos/build/DerivedData/ModuleCache.noindex/MachO-6CPJYNKLC5A1GTT3VB04ULFDG.pcm /Users/geraltgraham/Codes/NeatPaste/app-macos/build/DerivedData/ModuleCache.noindex/QuartzCore-734P6BK2BF7QJHRJWY2YDDSI1.pcm /Users/geraltgraham/Codes/NeatPaste/app-macos/build/DerivedData/ModuleCache.noindex/Darwin-B9QRQH1EJ3OLO0KWDJQ5TAS27.pcm /Users/geraltgraham/Codes/NeatPaste/app-macos/build/DerivedData/ModuleCache.noindex/IOSurface-C4G2993D9MXW6IMGCZUING6V6.pcm /Users/geraltgraham/Codes/NeatPaste/app-macos/build/DerivedData/ModuleCache.noindex/simd-9BFPK7VUZK3YF3XBDRVB9W7YM.pcm /Users/geraltgraham/Codes/NeatPaste/app-macos/build/DerivedData/ModuleCache.noindex/launch-82201O9EZXFWE7OVPL009ZSQN.pcm /Users/geraltgraham/Codes/NeatPaste/app-macos/build/DerivedData/ModuleCache.noindex/ApplicationServices-TQKHC01MTND2JRLU0JG6WV83.pcm /Users/geraltgraham/Codes/NeatPaste/app-macos/build/DerivedData/ModuleCache.noindex/_DarwinFoundation1-BB9DZOHVB9KKTLZYMG5RS8XFT.pcm /Users/geraltgraham/Codes/NeatPaste/app-macos/build/DerivedData/ModuleCache.noindex/CoreGraphics-8NC974GKW7ZYAA2OWDB4TIVN8.pcm /Users/geraltgraham/Codes/NeatPaste/app-macos/build/DerivedData/ModuleCache.noindex/CoreText-7P82XYLMTCJEHJPKM686ULKI9.pcm /Users/geraltgraham/Codes/NeatPaste/app-macos/build/DerivedData/ModuleCache.noindex/IOKit-C7FD35V3ENOMO2GBH8W78PACS.pcm /Users/geraltgraham/Codes/NeatPaste/app-macos/build/DerivedData/ModuleCache.noindex/_DarwinFoundation3-PJ615H9D85F42HA3JOU3QSGU.pcm /Users/geraltgraham/Codes/NeatPaste/app-macos/build/DerivedData/ModuleCache.noindex/Metal-ODGZA6IKTVJW0HC5CR50K046.pcm /Users/geraltgraham/Codes/NeatPaste/app-macos/build/DerivedData/ModuleCache.noindex/DeveloperToolsSupport-BXBSL7EL6JJHD7RV3JHKAAJ8K.pcm /Users/geraltgraham/Codes/NeatPaste/app-macos/build/DerivedData/Build/Intermediates.noindex/MacKit.build/Release/MacKitLifecycle.build/Objects-normal/arm64/MacKitLifecycle-dependencies-1.json (in target 'MacKitLifecycle' from project 'MacKit')
CompileSwift normal arm64 (in target 'MacKitLifecycle' from project 'MacKit')
    cd /Users/geraltgraham/Codes/NeatPaste/app-macos/NeatPaste.xcodeproj
    

SwiftDriver\ Compilation MacKitLifecycle normal arm64 com.apple.xcode.tools.swift.compiler (in target 'MacKitLifecycle' from project 'MacKit')
    cd /Users/geraltgraham/Codes/NeatPaste/app-macos/NeatPaste.xcodeproj
    builtin-Swift-Compilation -- /Applications/Xcode.app/Contents/Developer/Toolchains/XcodeDefault.xctoolchain/usr/bin/swiftc -module-name MacKitLifecycle -O -whole-module-optimization -enforce-exclusivity\=checked @/Users/geraltgraham/Codes/NeatPaste/app-macos/build/DerivedData/Build/Intermediates.noindex/MacKit.build/Release/MacKitLifecycle.build/Objects-normal/arm64/MacKitLifecycle.SwiftFileList -DSWIFT_PACKAGE -DSWIFT_MODULE_RESOURCE_BUNDLE_UNAVAILABLE -DXcode -plugin-path /Applications/Xcode.app/Contents/Developer/Toolchains/XcodeDefault.xctoolchain/usr/lib/swift/host/plugins/testing -enable-experimental-feature DebugDescriptionMacro -sdk /Applications/Xcode.app/Contents/Developer/Platforms/MacOSX.platform/Developer/SDKs/MacOSX26.2.sdk -target arm64-apple-macos14.0 -g -module-cache-path /Users/geraltgraham/Codes/NeatPaste/app-macos/build/DerivedData/ModuleCache.noindex -Xfrontend -serialize-debugging-options -suppress-warnings -swift-version 6 -I /Users/geraltgraham/Codes/NeatPaste/app-macos/build/DerivedData/Build/Products/Release -Isystem /Applications/Xcode.app/Contents/Developer/Platforms/MacOSX.platform/Developer/usr/lib -F /Users/geraltgraham/Codes/NeatPaste/app-macos/build/DerivedData/Build/Products/Release -F /Applications/Xcode.app/Contents/Developer/Platforms/MacOSX.platform/Developer/Library/Frameworks -c -num-threads 8 -Xcc -ivfsstatcache -Xcc /Users/geraltgraham/Codes/NeatPaste/app-macos/build/DerivedData/SDKStatCaches.noindex/macosx26.2-25C58-e8867d0c40613ffc63e0238af232dc5000fa09913b459cbbc988d1f6730289ae.sdkstatcache -output-file-map /Users/geraltgraham/Codes/NeatPaste/app-macos/build/DerivedData/Build/Intermediates.noindex/MacKit.build/Release/MacKitLifecycle.build/Objects-normal/arm64/MacKitLifecycle-OutputFileMap.json -use-frontend-parseable-output -save-temps -no-color-diagnostics -explicit-module-build -module-cache-path /Users/geraltgraham/Codes/NeatPaste/app-macos/build/DerivedData/Build/Intermediates.noindex/SwiftExplicitPrecompiledModules -clang-scanner-module-cache-path /Users/geraltgraham/Codes/NeatPaste/app-macos/build/DerivedData/ModuleCache.noindex -sdk-module-cache-path /Users/geraltgraham/Codes/NeatPaste/app-macos/build/DerivedData/ModuleCache.noindex -serialize-diagnostics -emit-dependencies -emit-module -emit-module-path /Users/geraltgraham/Codes/NeatPaste/app-macos/build/DerivedData/Build/Intermediates.noindex/MacKit.build/Release/MacKitLifecycle.build/Objects-normal/arm64/MacKitLifecycle.swiftmodule -user-module-version 0.1.4 -validate-clang-modules-once -clang-build-session-file /Users/geraltgraham/Codes/NeatPaste/app-macos/build/DerivedData/ModuleCache.noindex/Session.modulevalidation -package-name mac_kit_swift -Xcc -I/Users/geraltgraham/Codes/NeatPaste/app-macos/build/DerivedData/Build/Intermediates.noindex/MacKit.build/Release/MacKitLifecycle.build/swift-overrides.hmap -emit-const-values -Xfrontend -const-gather-protocols-file -Xfrontend /Users/geraltgraham/Codes/NeatPaste/app-macos/build/DerivedData/Build/Intermediates.noindex/MacKit.build/Release/MacKitLifecycle.build/Objects-normal/arm64/MacKitLifecycle_const_extract_protocols.json -Xcc -I/Users/geraltgraham/Codes/NeatPaste/app-macos/build/DerivedData/Build/Products/Release/include -Xcc -I/Users/geraltgraham/Codes/NeatPaste/app-macos/build/DerivedData/Build/Intermediates.noindex/MacKit.build/Release/MacKitLifecycle.build/DerivedSources-normal/arm64 -Xcc -I/Users/geraltgraham/Codes/NeatPaste/app-macos/build/DerivedData/Build/Intermediates.noindex/MacKit.build/Release/MacKitLifecycle.build/DerivedSources/arm64 -Xcc -I/Users/geraltgraham/Codes/NeatPaste/app-macos/build/DerivedData/Build/Intermediates.noindex/MacKit.build/Release/MacKitLifecycle.build/DerivedSources -Xcc -DSWIFT_PACKAGE -emit-objc-header -emit-objc-header-path /Users/geraltgraham/Codes/NeatPaste/app-macos/build/DerivedData/Build/Intermediates.noindex/MacKit.build/Release/MacKitLifecycle.build/Objects-normal/arm64/MacKitLifecycle-Swift.h -working-directory /Users/geraltgraham/Codes/NeatPaste/app-macos/NeatPaste.xcodeproj -no-emit-module-separately-wmo

SwiftCompile normal x86_64 Compiling\ AccessoryActivationSession.swift,\ AutofillHeuristicGuard.swift,\ LoginLaunchDetector.swift,\ TerminationGuard.swift /Users/geraltgraham/Codes/NeatPaste/app-macos/build/DerivedData/SourcePackages/checkouts/mac-kit-swift/Sources/MacKitLifecycle/AccessoryActivationSession.swift /Users/geraltgraham/Codes/NeatPaste/app-macos/build/DerivedData/SourcePackages/checkouts/mac-kit-swift/Sources/MacKitLifecycle/AutofillHeuristicGuard.swift /Users/geraltgraham/Codes/NeatPaste/app-macos/build/DerivedData/SourcePackages/checkouts/mac-kit-swift/Sources/MacKitLifecycle/LoginLaunchDetector.swift /Users/geraltgraham/Codes/NeatPaste/app-macos/build/DerivedData/SourcePackages/checkouts/mac-kit-swift/Sources/MacKitLifecycle/TerminationGuard.swift /Applications/Xcode.app/Contents/Developer/Toolchains/XcodeDefault.xctoolchain/usr/lib/swift/macosx/prebuilt-modules/26.2/simd.swiftmodule/x86_64-apple-macos.swiftmodule /Applications/Xcode.app/Contents/Developer/Toolchains/XcodeDefault.xctoolchain/usr/lib/swift/macosx/prebuilt-modules/26.2/DataDetection.swiftmodule/x86_64-apple-macos.swiftmodule /Applications/Xcode.app/Contents/Developer/Toolchains/XcodeDefault.xctoolchain/usr/lib/swift/macosx/prebuilt-modules/26.2/CoreVideo.swiftmodule/x86_64-apple-macos.swiftmodule /Applications/Xcode.app/Contents/Developer/Toolchains/XcodeDefault.xctoolchain/usr/lib/swift/macosx/prebuilt-modules/26.2/ObjectiveC.swiftmodule/x86_64-apple-macos.swiftmodule /Applications/Xcode.app/Contents/Developer/Toolchains/XcodeDefault.xctoolchain/usr/lib/swift/macosx/prebuilt-modules/26.2/AppKit.swiftmodule/x86_64-apple-macos.swiftmodule /Applications/Xcode.app/Contents/Developer/Toolchains/XcodeDefault.xctoolchain/usr/lib/swift/macosx/prebuilt-modules/26.2/Metal.swiftmodule/x86_64-apple-macos.swiftmodule /Applications/Xcode.app/Contents/Developer/Toolchains/XcodeDefault.xctoolchain/usr/lib/swift/macosx/prebuilt-modules/26.2/os.swiftmodule/x86_64-apple-macos.swiftmodule /Applications/Xcode.app/Contents/Developer/Toolchains/XcodeDefault.xctoolchain/usr/lib/swift/macosx/prebuilt-modules/26.2/Dispatch.swiftmodule/x86_64-apple-macos.swiftmodule /Applications/Xcode.app/Contents/Developer/Toolchains/XcodeDefault.xctoolchain/usr/lib/swift/macosx/prebuilt-modules/26.2/XPC.swiftmodule/x86_64-apple-macos.swiftmodule /Applications/Xcode.app/Contents/Developer/Toolchains/XcodeDefault.xctoolchain/usr/lib/swift/macosx/prebuilt-modules/26.2/CoreTransferable.swiftmodule/x86_64-apple-macos.swiftmodule /Applications/Xcode.app/Contents/Developer/Toolchains/XcodeDefault.xctoolchain/usr/lib/swift/macosx/prebuilt-modules/26.2/UniformTypeIdentifiers.swiftmodule/x86_64-apple-macos.swiftmodule /Applications/Xcode.app/Contents/Developer/Toolchains/XcodeDefault.xctoolchain/usr/lib/swift/macosx/prebuilt-modules/26.2/System.swiftmodule/x86_64-apple-macos.swiftmodule /Applications/Xcode.app/Contents/Developer/Toolchains/XcodeDefault.xctoolchain/usr/lib/swift/macosx/prebuilt-modules/26.2/CoreText.swiftmodule/x86_64-apple-macos.swiftmodule /Applications/Xcode.app/Contents/Developer/Toolchains/XcodeDefault.xctoolchain/usr/lib/swift/macosx/prebuilt-modules/26.2/IOKit.swiftmodule/x86_64-apple-macos.swiftmodule /Applications/Xcode.app/Contents/Developer/Toolchains/XcodeDefault.xctoolchain/usr/lib/swift/macosx/prebuilt-modules/26.2/OSLog.swiftmodule/x86_64-apple-macos.swiftmodule /Applications/Xcode.app/Contents/Developer/Toolchains/XcodeDefault.xctoolchain/usr/lib/swift/macosx/prebuilt-modules/26.2/Accessibility.swiftmodule/x86_64-apple-macos.swiftmodule /Applications/Xcode.app/Contents/Developer/Toolchains/XcodeDefault.xctoolchain/usr/lib/swift/macosx/prebuilt-modules/26.2/Foundation.swiftmodule/x86_64-apple-macos.swiftmodule /Applications/Xcode.app/Contents/Developer/Toolchains/XcodeDefault.xctoolchain/usr/lib/swift/macosx/prebuilt-modules/26.2/QuartzCore.swiftmodule/x86_64-apple-macos.swiftmodule /Applications/Xcode.app/Contents/Developer/Toolchains/XcodeDefault.xctoolchain/usr/lib/swift/macosx/prebuilt-modules/26.2/CoreFoundation.swiftmodule/x86_64-apple-macos.swiftmodule /Applications/Xcode.app/Contents/Developer/Toolchains/XcodeDefault.xctoolchain/usr/lib/swift/macosx/prebuilt-modules/26.2/Combine.swiftmodule/x86_64-apple-macos.swiftmodule /Applications/Xcode.app/Contents/Developer/Toolchains/XcodeDefault.xctoolchain/usr/lib/swift/macosx/prebuilt-modules/26.2/CoreGraphics.swiftmodule/x86_64-apple-macos.swiftmodule /Applications/Xcode.app/Contents/Developer/Toolchains/XcodeDefault.xctoolchain/usr/lib/swift/macosx/prebuilt-modules/26.2/Darwin.swiftmodule/x86_64-apple-macos.swiftmodule /Applications/Xcode.app/Contents/Developer/Toolchains/XcodeDefault.xctoolchain/usr/lib/swift/macosx/prebuilt-modules/26.2/_StringProcessing.swiftmodule/x86_64-apple-macos.swiftmodule /Applications/Xcode.app/Contents/Developer/Toolchains/XcodeDefault.xctoolchain/usr/lib/swift/macosx/prebuilt-modules/26.2/_DarwinFoundation1.swiftmodule/x86_64-apple-macos.swiftmodule /Applications/Xcode.app/Contents/Developer/Toolchains/XcodeDefault.xctoolchain/usr/lib/swift/macosx/prebuilt-modules/26.2/_Builtin_float.swiftmodule/x86_64-apple-macos.swiftmodule /Applications/Xcode.app/Contents/Developer/Toolchains/XcodeDefault.xctoolchain/usr/lib/swift/macosx/prebuilt-modules/26.2/CoreData.swiftmodule/x86_64-apple-macos.swiftmodule /Applications/Xcode.app/Contents/Developer/Toolchains/XcodeDefault.xctoolchain/usr/lib/swift/macosx/prebuilt-modules/26.2/Swift.swiftmodule/x86_64-apple-macos.swiftmodule /Applications/Xcode.app/Contents/Developer/Toolchains/XcodeDefault.xctoolchain/usr/lib/swift/macosx/prebuilt-modules/26.2/CoreImage.swiftmodule/x86_64-apple-macos.swiftmodule /Applications/Xcode.app/Contents/Developer/Toolchains/XcodeDefault.xctoolchain/usr/lib/swift/macosx/prebuilt-modules/26.2/_Concurrency.swiftmodule/x86_64-apple-macos.swiftmodule /Applications/Xcode.app/Contents/Developer/Toolchains/XcodeDefault.xctoolchain/usr/lib/swift/macosx/prebuilt-modules/26.2/_DarwinFoundation2.swiftmodule/x86_64-apple-macos.swiftmodule /Applications/Xcode.app/Contents/Developer/Toolchains/XcodeDefault.xctoolchain/usr/lib/swift/macosx/prebuilt-modules/26.2/DeveloperToolsSupport.swiftmodule/x86_64-apple-macos.swiftmodule /Applications/Xcode.app/Contents/Developer/Toolchains/XcodeDefault.xctoolchain/usr/lib/swift/macosx/prebuilt-modules/26.2/Observation.swiftmodule/x86_64-apple-macos.swiftmodule /Applications/Xcode.app/Contents/Developer/Toolchains/XcodeDefault.xctoolchain/usr/lib/swift/macosx/prebuilt-modules/26.2/_DarwinFoundation3.swiftmodule/x86_64-apple-macos.swiftmodule /Applications/Xcode.app/Contents/Developer/Toolchains/XcodeDefault.xctoolchain/usr/lib/swift/macosx/prebuilt-modules/26.2/Symbols.swiftmodule/x86_64-apple-macos.swiftmodule /Applications/Xcode.app/Contents/Developer/Toolchains/XcodeDefault.xctoolchain/usr/lib/swift/macosx/prebuilt-modules/26.2/SwiftUICore.swiftmodule/x86_64-apple-macos.swiftmodule /Users/geraltgraham/Codes/NeatPaste/app-macos/build/DerivedData/ModuleCache.noindex/os_object-1PVRF2285U51G6LSCJ2VN7AZF.pcm /Users/geraltgraham/Codes/NeatPaste/app-macos/build/DerivedData/ModuleCache.noindex/_Builtin_stdatomic-1DH4046ZWQNCKQY1T819VU5UG.pcm /Users/geraltgraham/Codes/NeatPaste/app-macos/build/DerivedData/ModuleCache.noindex/ptrcheck-CNWIWNJ6DGY44DVCCS4X7EWFK.pcm /Users/geraltgraham/Codes/NeatPaste/app-macos/build/DerivedData/ModuleCache.noindex/CoreServices-1LG8QNLMZ8SFA35O6N3KLV3G0.pcm /Users/geraltgraham/Codes/NeatPaste/app-macos/build/DerivedData/ModuleCache.noindex/CoreImage-BC04U9VYN6WW4NAFX59AUJMH.pcm /Users/geraltgraham/Codes/NeatPaste/app-macos/build/DerivedData/ModuleCache.noindex/Symbols-2U12P2TNODL8MT2F5ZZETSNU7.pcm /Users/geraltgraham/Codes/NeatPaste/app-macos/build/DerivedData/ModuleCache.noindex/MachO-BS7PR79MOPYKJELPIP1GT52SD.pcm /Users/geraltgraham/Codes/NeatPaste/app-macos/build/DerivedData/ModuleCache.noindex/libDER-AT0H9LT32LUA3464HLK5JK6WD.pcm /Users/geraltgraham/Codes/NeatPaste/app-macos/build/DerivedData/ModuleCache.noindex/CoreTransferable-86G2X0W05BB8XMQMUEGPGSWWL.pcm /Users/geraltgraham/Codes/NeatPaste/app-macos/build/DerivedData/ModuleCache.noindex/CoreText-APXI6UC9RO2AWSGVKU3059FPS.pcm /Users/geraltgraham/Codes/NeatPaste/app-macos/build/DerivedData/ModuleCache.noindex/_AvailabilityInternal-E9MGRXTKA213NKHVA5IWGYZMI.pcm /Users/geraltgraham/Codes/NeatPaste/app-macos/build/DerivedData/ModuleCache.noindex/IOSurface-24QCUXFH80H1YILK0AAWZHZQ7.pcm /Users/geraltgraham/Codes/NeatPaste/app-macos/build/DerivedData/ModuleCache.noindex/CoreFoundation-CH0BF2UTDM0M966VWHBSQV3DQ.pcm /Users/geraltgraham/Codes/NeatPaste/app-macos/build/DerivedData/ModuleCache.noindex/Security-3YEULVKZJX3KYXG7VMA7PXTY1.pcm /Users/geraltgraham/Codes/NeatPaste/app-macos/build/DerivedData/ModuleCache.noindex/ObjectiveC-BZ8VU3KPRY4JYJZN9JF454OGI.pcm /Users/geraltgraham/Codes/NeatPaste/app-macos/build/DerivedData/ModuleCache.noindex/Foundation-90DIJS7IZAGYW5DDYT5PETR15.pcm /Users/geraltgraham/Codes/NeatPaste/app-macos/build/DerivedData/ModuleCache.noindex/_Builtin_stdbool-B551NLCXA4AKXL73VBP7WECE6.pcm /Users/geraltgraham/Codes/NeatPaste/app-macos/build/DerivedData/ModuleCache.noindex/XPC-9LGHAQZ88QASY4SGW2NU3KODG.pcm /Users/geraltgraham/Codes/NeatPaste/app-macos/build/DerivedData/ModuleCache.noindex/os-E79WR1CJWZCRQ3270X8OQMZC7.pcm /Users/geraltgraham/Codes/NeatPaste/app-macos/build/DerivedData/ModuleCache.noindex/launch-4TRG0TC33B2SD1DDGFBQ4PJJ5.pcm /Users/geraltgraham/Codes/NeatPaste/app-macos/build/DerivedData/ModuleCache.noindex/UniformTypeIdentifiers-1FOIFBQKIB9LMKM0SZ5SBOION.pcm /Users/geraltgraham/Codes/NeatPaste/app-macos/build/DerivedData/ModuleCache.noindex/ApplicationServices-6CUFOGQJ943RIW2IYK3SLIJIZ.pcm /Users/geraltgraham/Codes/NeatPaste/app-macos/build/DerivedData/ModuleCache.noindex/_Builtin_intrinsics-5XXAY3BL0WE3OTDVNS99HO1S1.pcm /Users/geraltgraham/Codes/NeatPaste/app-macos/build/DerivedData/ModuleCache.noindex/DeveloperToolsSupport-3S1W4LQT35PF7169D6JQ8T2F5.pcm /Users/geraltgraham/Codes/NeatPaste/app-macos/build/DerivedData/ModuleCache.noindex/_Builtin_stdint-6KX331EEUBQYQFBCVERL91D2K.pcm /Users/geraltgraham/Codes/NeatPaste/app-macos/build/DerivedData/ModuleCache.noindex/ColorSync-A7NBKMVQHBPOZPKUOMUMWQLS4.pcm /Users/geraltgraham/Codes/NeatPaste/app-macos/build/DerivedData/ModuleCache.noindex/libkern-8RWU1PYWIN6WZKS3PR3GWSOWP.pcm /Users/geraltgraham/Codes/NeatPaste/app-macos/build/DerivedData/ModuleCache.noindex/SwiftShims-7EI86ASOBGJXNED1Q82QBNAWH.pcm /Users/geraltgraham/Codes/NeatPaste/app-macos/build/DerivedData/ModuleCache.noindex/_SwiftConcurrencyShims-4VHUJTMTR974006FR206IRTTJ.pcm /Users/geraltgraham/Codes/NeatPaste/app-macos/build/DerivedData/ModuleCache.noindex/CUPS-2DJCOB6FYC5BWY49M8BU0XOJG.pcm /Users/geraltgraham/Codes/NeatPaste/app-macos/build/DerivedData/ModuleCache.noindex/_Builtin_tgmath-7URC5Y35R6J93BTY4F71DBNQG.pcm /Users/geraltgraham/Codes/NeatPaste/app-macos/build/DerivedData/ModuleCache.noindex/_Builtin_stddef-600RENDZ2LWTMQ2DPMFI9B6RL.pcm /Users/geraltgraham/Codes/NeatPaste/app-macos/build/DerivedData/ModuleCache.noindex/CFNetwork-3GS9NTBBT1NB1NR47L1K6OJEI.pcm /Users/geraltgraham/Codes/NeatPaste/app-macos/build/DerivedData/ModuleCache.noindex/_DarwinFoundation1-8OC7IE95H906YUQYYSIHZUOTR.pcm /Users/geraltgraham/Codes/NeatPaste/app-macos/build/DerivedData/ModuleCache.noindex/AppKit-1S9EWQU0NKPBTZNH3MLNBIBDF.pcm /Users/geraltgraham/Codes/NeatPaste/app-macos/build/DerivedData/ModuleCache.noindex/_DarwinFoundation3-20JPK8N6C07JJP54M7DQVBOJ0.pcm /Users/geraltgraham/Codes/NeatPaste/app-macos/build/DerivedData/ModuleCache.noindex/DataDetection-DDD92PSFR2QAA4P3EANXLNSWE.pcm /Users/geraltgraham/Codes/NeatPaste/app-macos/build/DerivedData/ModuleCache.noindex/_Builtin_float-621E62OSO0M88AX476EYUFGM5.pcm /Users/geraltgraham/Codes/NeatPaste/app-macos/build/DerivedData/ModuleCache.noindex/CoreGraphics-2P8JVRR4GDQQKQUKIN025381J.pcm /Users/geraltgraham/Codes/NeatPaste/app-macos/build/DerivedData/ModuleCache.noindex/ImageIO-8UBYJ9V1CYJRLDIOIP1LX031U.pcm /Users/geraltgraham/Codes/NeatPaste/app-macos/build/DerivedData/ModuleCache.noindex/_Builtin_stdarg-DZ1TQP20VKJU1EZ3125SM4WCB.pcm /Users/geraltgraham/Codes/NeatPaste/app-macos/build/DerivedData/ModuleCache.noindex/OSLog-2UGT7MPT6EKT2KSU8CHRCZB21.pcm /Users/geraltgraham/Codes/NeatPaste/app-macos/build/DerivedData/ModuleCache.noindex/ptrauth-3CDIMPEZ7BFDBYDFM22BAO6Y1.pcm /Users/geraltgraham/Codes/NeatPaste/app-macos/build/DerivedData/ModuleCache.noindex/DiskArbitration-C73DBQUSB0Q5AETDJBVKLB82C.pcm /Users/geraltgraham/Codes/NeatPaste/app-macos/build/DerivedData/ModuleCache.noindex/Accessibility-5NXZ3NRZQCBJTHN5JMUGUX8NY.pcm /Users/geraltgraham/Codes/NeatPaste/app-macos/build/DerivedData/ModuleCache.noindex/_DarwinFoundation2-96FGUTC1XF3XN68ZDA44NX1CS.pcm /Users/geraltgraham/Codes/NeatPaste/app-macos/build/DerivedData/ModuleCache.noindex/sys_types-AQPSOWAW51AHIW61CULZNADSC.pcm /Users/geraltgraham/Codes/NeatPaste/app-macos/build/DerivedData/ModuleCache.noindex/_Builtin_limits-AKPW3EWAW4NTNROS2IA44M68X.pcm /Users/geraltgraham/Codes/NeatPaste/app-macos/build/DerivedData/ModuleCache.noindex/QuartzCore-4UOQ0LSQLWX761RG3SH6N4XR1.pcm /Users/geraltgraham/Codes/NeatPaste/app-macos/build/DerivedData/ModuleCache.noindex/os_workgroup-24WML45FF44ED87M3GDKMBK3T.pcm /Users/geraltgraham/Codes/NeatPaste/app-macos/build/DerivedData/ModuleCache.noindex/OpenGL-E81GNHDW6WJF5CVCS4YJ6BHDD.pcm /Users/geraltgraham/Codes/NeatPaste/app-macos/build/DerivedData/ModuleCache.noindex/SwiftUICore-D3G5S2HR6YYDDU8ORKF4MTA54.pcm /Users/geraltgraham/Codes/NeatPaste/app-macos/build/DerivedData/ModuleCache.noindex/Dispatch-5FED5IFTTW31OV1QKVPSOIYBH.pcm /Users/geraltgraham/Codes/NeatPaste/app-macos/build/DerivedData/ModuleCache.noindex/_Builtin_inttypes-DDU5QP7X0WO8HKINC78OORO93.pcm /Users/geraltgraham/Codes/NeatPaste/app-macos/build/DerivedData/ModuleCache.noindex/Darwin-2TQQLNN5USAHT7KMW4TTBHXQ.pcm /Users/geraltgraham/Codes/NeatPaste/app-macos/build/DerivedData/ModuleCache.noindex/IOKit-65ML938OS433SRZEF61AAW3I3.pcm /Users/geraltgraham/Codes/NeatPaste/app-macos/build/DerivedData/ModuleCache.noindex/CoreVideo-9P3Y22XKAKJOTZXJOW84Z52LK.pcm /Users/geraltgraham/Codes/NeatPaste/app-macos/build/DerivedData/ModuleCache.noindex/simd-6Y9IJSPU51D78FHQATQP1NN71.pcm /Users/geraltgraham/Codes/NeatPaste/app-macos/build/DerivedData/ModuleCache.noindex/Metal-6Y7EECDB7L3A2XNXBEY04MTDF.pcm /Users/geraltgraham/Codes/NeatPaste/app-macos/build/DerivedData/ModuleCache.noindex/CoreData-45RMQQZH7HEPA1J3UGF3ZC0CT.pcm /Users/geraltgraham/Codes/NeatPaste/app-macos/build/DerivedData/Build/Intermediates.noindex/MacKit.build/Release/MacKitLifecycle.build/Objects-normal/x86_64/MacKitLifecycle-dependencies-2.json (in target 'MacKitLifecycle' from project 'MacKit')
CompileSwift normal x86_64 (in target 'MacKitLifecycle' from project 'MacKit')
    cd /Users/geraltgraham/Codes/NeatPaste/app-macos/NeatPaste.xcodeproj
    

SwiftDriver\ Compilation MacKitLifecycle normal x86_64 com.apple.xcode.tools.swift.compiler (in target 'MacKitLifecycle' from project 'MacKit')
    cd /Users/geraltgraham/Codes/NeatPaste/app-macos/NeatPaste.xcodeproj
    builtin-Swift-Compilation -- /Applications/Xcode.app/Contents/Developer/Toolchains/XcodeDefault.xctoolchain/usr/bin/swiftc -module-name MacKitLifecycle -O -whole-module-optimization -enforce-exclusivity\=checked @/Users/geraltgraham/Codes/NeatPaste/app-macos/build/DerivedData/Build/Intermediates.noindex/MacKit.build/Release/MacKitLifecycle.build/Objects-normal/x86_64/MacKitLifecycle.SwiftFileList -DSWIFT_PACKAGE -DSWIFT_MODULE_RESOURCE_BUNDLE_UNAVAILABLE -DXcode -plugin-path /Applications/Xcode.app/Contents/Developer/Toolchains/XcodeDefault.xctoolchain/usr/lib/swift/host/plugins/testing -enable-experimental-feature DebugDescriptionMacro -sdk /Applications/Xcode.app/Contents/Developer/Platforms/MacOSX.platform/Developer/SDKs/MacOSX26.2.sdk -target x86_64-apple-macos14.0 -g -module-cache-path /Users/geraltgraham/Codes/NeatPaste/app-macos/build/DerivedData/ModuleCache.noindex -Xfrontend -serialize-debugging-options -suppress-warnings -swift-version 6 -I /Users/geraltgraham/Codes/NeatPaste/app-macos/build/DerivedData/Build/Products/Release -Isystem /Applications/Xcode.app/Contents/Developer/Platforms/MacOSX.platform/Developer/usr/lib -F /Users/geraltgraham/Codes/NeatPaste/app-macos/build/DerivedData/Build/Products/Release -F /Applications/Xcode.app/Contents/Developer/Platforms/MacOSX.platform/Developer/Library/Frameworks -c -num-threads 8 -Xcc -ivfsstatcache -Xcc /Users/geraltgraham/Codes/NeatPaste/app-macos/build/DerivedData/SDKStatCaches.noindex/macosx26.2-25C58-e8867d0c40613ffc63e0238af232dc5000fa09913b459cbbc988d1f6730289ae.sdkstatcache -output-file-map /Users/geraltgraham/Codes/NeatPaste/app-macos/build/DerivedData/Build/Intermediates.noindex/MacKit.build/Release/MacKitLifecycle.build/Objects-normal/x86_64/MacKitLifecycle-OutputFileMap.json -use-frontend-parseable-output -save-temps -no-color-diagnostics -explicit-module-build -module-cache-path /Users/geraltgraham/Codes/NeatPaste/app-macos/build/DerivedData/Build/Intermediates.noindex/SwiftExplicitPrecompiledModules -clang-scanner-module-cache-path /Users/geraltgraham/Codes/NeatPaste/app-macos/build/DerivedData/ModuleCache.noindex -sdk-module-cache-path /Users/geraltgraham/Codes/NeatPaste/app-macos/build/DerivedData/ModuleCache.noindex -serialize-diagnostics -emit-dependencies -emit-module -emit-module-path /Users/geraltgraham/Codes/NeatPaste/app-macos/build/DerivedData/Build/Intermediates.noindex/MacKit.build/Release/MacKitLifecycle.build/Objects-normal/x86_64/MacKitLifecycle.swiftmodule -user-module-version 0.1.4 -validate-clang-modules-once -clang-build-session-file /Users/geraltgraham/Codes/NeatPaste/app-macos/build/DerivedData/ModuleCache.noindex/Session.modulevalidation -package-name mac_kit_swift -Xcc -I/Users/geraltgraham/Codes/NeatPaste/app-macos/build/DerivedData/Build/Intermediates.noindex/MacKit.build/Release/MacKitLifecycle.build/swift-overrides.hmap -emit-const-values -Xfrontend -const-gather-protocols-file -Xfrontend /Users/geraltgraham/Codes/NeatPaste/app-macos/build/DerivedData/Build/Intermediates.noindex/MacKit.build/Release/MacKitLifecycle.build/Objects-normal/x86_64/MacKitLifecycle_const_extract_protocols.json -Xcc -I/Users/geraltgraham/Codes/NeatPaste/app-macos/build/DerivedData/Build/Products/Release/include -Xcc -I/Users/geraltgraham/Codes/NeatPaste/app-macos/build/DerivedData/Build/Intermediates.noindex/MacKit.build/Release/MacKitLifecycle.build/DerivedSources-normal/x86_64 -Xcc -I/Users/geraltgraham/Codes/NeatPaste/app-macos/build/DerivedData/Build/Intermediates.noindex/MacKit.build/Release/MacKitLifecycle.build/DerivedSources/x86_64 -Xcc -I/Users/geraltgraham/Codes/NeatPaste/app-macos/build/DerivedData/Build/Intermediates.noindex/MacKit.build/Release/MacKitLifecycle.build/DerivedSources -Xcc -DSWIFT_PACKAGE -emit-objc-header -emit-objc-header-path /Users/geraltgraham/Codes/NeatPaste/app-macos/build/DerivedData/Build/Intermediates.noindex/MacKit.build/Release/MacKitLifecycle.build/Objects-normal/x86_64/MacKitLifecycle-Swift.h -working-directory /Users/geraltgraham/Codes/NeatPaste/app-macos/NeatPaste.xcodeproj -no-emit-module-separately-wmo

SwiftCompile normal x86_64 Compiling\ LaunchAtLoginService.swift /Users/geraltgraham/Codes/NeatPaste/app-macos/build/DerivedData/SourcePackages/checkouts/mac-kit-swift/Sources/MacKitLaunchAtLogin/LaunchAtLoginService.swift /Applications/Xcode.app/Contents/Developer/Toolchains/XcodeDefault.xctoolchain/usr/lib/swift/macosx/prebuilt-modules/26.2/_DarwinFoundation3.swiftmodule/x86_64-apple-macos.swiftmodule /Applications/Xcode.app/Contents/Developer/Toolchains/XcodeDefault.xctoolchain/usr/lib/swift/macosx/prebuilt-modules/26.2/System.swiftmodule/x86_64-apple-macos.swiftmodule /Applications/Xcode.app/Contents/Developer/Toolchains/XcodeDefault.xctoolchain/usr/lib/swift/macosx/prebuilt-modules/26.2/Swift.swiftmodule/x86_64-apple-macos.swiftmodule /Applications/Xcode.app/Contents/Developer/Toolchains/XcodeDefault.xctoolchain/usr/lib/swift/macosx/prebuilt-modules/26.2/_Concurrency.swiftmodule/x86_64-apple-macos.swiftmodule /Applications/Xcode.app/Contents/Developer/Toolchains/XcodeDefault.xctoolchain/usr/lib/swift/macosx/prebuilt-modules/26.2/IOKit.swiftmodule/x86_64-apple-macos.swiftmodule /Applications/Xcode.app/Contents/Developer/Toolchains/XcodeDefault.xctoolchain/usr/lib/swift/macosx/prebuilt-modules/26.2/_DarwinFoundation1.swiftmodule/x86_64-apple-macos.swiftmodule /Applications/Xcode.app/Contents/Developer/Toolchains/XcodeDefault.xctoolchain/usr/lib/swift/macosx/prebuilt-modules/26.2/XPC.swiftmodule/x86_64-apple-macos.swiftmodule /Applications/Xcode.app/Contents/Developer/Toolchains/XcodeDefault.xctoolchain/usr/lib/swift/macosx/prebuilt-modules/26.2/CoreFoundation.swiftmodule/x86_64-apple-macos.swiftmodule /Applications/Xcode.app/Contents/Developer/Toolchains/XcodeDefault.xctoolchain/usr/lib/swift/macosx/prebuilt-modules/26.2/Dispatch.swiftmodule/x86_64-apple-macos.swiftmodule /Applications/Xcode.app/Contents/Developer/Toolchains/XcodeDefault.xctoolchain/usr/lib/swift/macosx/prebuilt-modules/26.2/Combine.swiftmodule/x86_64-apple-macos.swiftmodule /Applications/Xcode.app/Contents/Developer/Toolchains/XcodeDefault.xctoolchain/usr/lib/swift/macosx/prebuilt-modules/26.2/Darwin.swiftmodule/x86_64-apple-macos.swiftmodule /Applications/Xcode.app/Contents/Developer/Toolchains/XcodeDefault.xctoolchain/usr/lib/swift/macosx/prebuilt-modules/26.2/ObjectiveC.swiftmodule/x86_64-apple-macos.swiftmodule /Applications/Xcode.app/Contents/Developer/Toolchains/XcodeDefault.xctoolchain/usr/lib/swift/macosx/prebuilt-modules/26.2/_StringProcessing.swiftmodule/x86_64-apple-macos.swiftmodule /Applications/Xcode.app/Contents/Developer/Toolchains/XcodeDefault.xctoolchain/usr/lib/swift/macosx/prebuilt-modules/26.2/Observation.swiftmodule/x86_64-apple-macos.swiftmodule /Applications/Xcode.app/Contents/Developer/Toolchains/XcodeDefault.xctoolchain/usr/lib/swift/macosx/prebuilt-modules/26.2/_DarwinFoundation2.swiftmodule/x86_64-apple-macos.swiftmodule /Applications/Xcode.app/Contents/Developer/Toolchains/XcodeDefault.xctoolchain/usr/lib/swift/macosx/prebuilt-modules/26.2/_Builtin_float.swiftmodule/x86_64-apple-macos.swiftmodule /Users/geraltgraham/Codes/NeatPaste/app-macos/build/DerivedData/Build/Products/Release/MacKitCore.swiftmodule/x86_64-apple-macos.swiftmodule /Applications/Xcode.app/Contents/Developer/Toolchains/XcodeDefault.xctoolchain/usr/lib/swift/macosx/prebuilt-modules/26.2/Foundation.swiftmodule/x86_64-apple-macos.swiftmodule /Users/geraltgraham/Codes/NeatPaste/app-macos/build/DerivedData/ModuleCache.noindex/MachO-BS7PR79MOPYKJELPIP1GT52SD.pcm /Users/geraltgraham/Codes/NeatPaste/app-macos/build/DerivedData/ModuleCache.noindex/_AvailabilityInternal-E9MGRXTKA213NKHVA5IWGYZMI.pcm /Users/geraltgraham/Codes/NeatPaste/app-macos/build/DerivedData/ModuleCache.noindex/XPC-9LGHAQZ88QASY4SGW2NU3KODG.pcm /Users/geraltgraham/Codes/NeatPaste/app-macos/build/DerivedData/ModuleCache.noindex/DiskArbitration-C73DBQUSB0Q5AETDJBVKLB82C.pcm /Users/geraltgraham/Codes/NeatPaste/app-macos/build/DerivedData/ModuleCache.noindex/_Builtin_float-621E62OSO0M88AX476EYUFGM5.pcm /Users/geraltgraham/Codes/NeatPaste/app-macos/build/DerivedData/ModuleCache.noindex/libkern-8RWU1PYWIN6WZKS3PR3GWSOWP.pcm /Users/geraltgraham/Codes/NeatPaste/app-macos/build/DerivedData/ModuleCache.noindex/_DarwinFoundation3-20JPK8N6C07JJP54M7DQVBOJ0.pcm /Users/geraltgraham/Codes/NeatPaste/app-macos/build/DerivedData/ModuleCache.noindex/Darwin-2TQQLNN5USAHT7KMW4TTBHXQ.pcm /Users/geraltgraham/Codes/NeatPaste/app-macos/build/DerivedData/ModuleCache.noindex/CoreFoundation-CH0BF2UTDM0M966VWHBSQV3DQ.pcm /Users/geraltgraham/Codes/NeatPaste/app-macos/build/DerivedData/ModuleCache.noindex/_SwiftConcurrencyShims-4VHUJTMTR974006FR206IRTTJ.pcm /Users/geraltgraham/Codes/NeatPaste/app-macos/build/DerivedData/ModuleCache.noindex/ptrauth-3CDIMPEZ7BFDBYDFM22BAO6Y1.pcm /Users/geraltgraham/Codes/NeatPaste/app-macos/build/DerivedData/ModuleCache.noindex/os_workgroup-24WML45FF44ED87M3GDKMBK3T.pcm /Users/geraltgraham/Codes/NeatPaste/app-macos/build/DerivedData/ModuleCache.noindex/IOKit-65ML938OS433SRZEF61AAW3I3.pcm /Users/geraltgraham/Codes/NeatPaste/app-macos/build/DerivedData/ModuleCache.noindex/ptrcheck-CNWIWNJ6DGY44DVCCS4X7EWFK.pcm /Users/geraltgraham/Codes/NeatPaste/app-macos/build/DerivedData/ModuleCache.noindex/SwiftShims-7EI86ASOBGJXNED1Q82QBNAWH.pcm /Users/geraltgraham/Codes/NeatPaste/app-macos/build/DerivedData/ModuleCache.noindex/_Builtin_stddef-600RENDZ2LWTMQ2DPMFI9B6RL.pcm /Users/geraltgraham/Codes/NeatPaste/app-macos/build/DerivedData/ModuleCache.noindex/_DarwinFoundation1-8OC7IE95H906YUQYYSIHZUOTR.pcm /Users/geraltgraham/Codes/NeatPaste/app-macos/build/DerivedData/ModuleCache.noindex/_Builtin_inttypes-DDU5QP7X0WO8HKINC78OORO93.pcm /Users/geraltgraham/Codes/NeatPaste/app-macos/build/DerivedData/ModuleCache.noindex/Foundation-90DIJS7IZAGYW5DDYT5PETR15.pcm /Users/geraltgraham/Codes/NeatPaste/app-macos/build/DerivedData/ModuleCache.noindex/_Builtin_limits-AKPW3EWAW4NTNROS2IA44M68X.pcm /Users/geraltgraham/Codes/NeatPaste/app-macos/build/DerivedData/ModuleCache.noindex/libDER-AT0H9LT32LUA3464HLK5JK6WD.pcm /Users/geraltgraham/Codes/NeatPaste/app-macos/build/DerivedData/ModuleCache.noindex/Security-3YEULVKZJX3KYXG7VMA7PXTY1.pcm /Users/geraltgraham/Codes/NeatPaste/app-macos/build/DerivedData/ModuleCache.noindex/ServiceManagement-EKGOGL6WJ6WE9I3FBIEZLOJWJ.pcm /Users/geraltgraham/Codes/NeatPaste/app-macos/build/DerivedData/ModuleCache.noindex/sys_types-AQPSOWAW51AHIW61CULZNADSC.pcm /Users/geraltgraham/Codes/NeatPaste/app-macos/build/DerivedData/ModuleCache.noindex/_Builtin_stdarg-DZ1TQP20VKJU1EZ3125SM4WCB.pcm /Users/geraltgraham/Codes/NeatPaste/app-macos/build/DerivedData/ModuleCache.noindex/CFNetwork-3GS9NTBBT1NB1NR47L1K6OJEI.pcm /Users/geraltgraham/Codes/NeatPaste/app-macos/build/DerivedData/ModuleCache.noindex/CoreServices-1LG8QNLMZ8SFA35O6N3KLV3G0.pcm /Users/geraltgraham/Codes/NeatPaste/app-macos/build/DerivedData/ModuleCache.noindex/ObjectiveC-BZ8VU3KPRY4JYJZN9JF454OGI.pcm /Users/geraltgraham/Codes/NeatPaste/app-macos/build/DerivedData/ModuleCache.noindex/os_object-1PVRF2285U51G6LSCJ2VN7AZF.pcm /Users/geraltgraham/Codes/NeatPaste/app-macos/build/DerivedData/ModuleCache.noindex/_Builtin_stdint-6KX331EEUBQYQFBCVERL91D2K.pcm /Users/geraltgraham/Codes/NeatPaste/app-macos/build/DerivedData/ModuleCache.noindex/_Builtin_stdbool-B551NLCXA4AKXL73VBP7WECE6.pcm /Users/geraltgraham/Codes/NeatPaste/app-macos/build/DerivedData/ModuleCache.noindex/_DarwinFoundation2-96FGUTC1XF3XN68ZDA44NX1CS.pcm /Users/geraltgraham/Codes/NeatPaste/app-macos/build/DerivedData/ModuleCache.noindex/Dispatch-5FED5IFTTW31OV1QKVPSOIYBH.pcm /Users/geraltgraham/Codes/NeatPaste/app-macos/build/DerivedData/ModuleCache.noindex/_Builtin_intrinsics-5XXAY3BL0WE3OTDVNS99HO1S1.pcm /Users/geraltgraham/Codes/NeatPaste/app-macos/build/DerivedData/ModuleCache.noindex/launch-4TRG0TC33B2SD1DDGFBQ4PJJ5.pcm /Users/geraltgraham/Codes/NeatPaste/app-macos/build/DerivedData/Build/Intermediates.noindex/MacKit.build/Release/MacKitLaunchAtLogin.build/Objects-normal/x86_64/MacKitLaunchAtLogin-dependencies-1.json (in target 'MacKitLaunchAtLogin' from project 'MacKit')

SwiftCompile normal x86_64 /Users/geraltgraham/Codes/NeatPaste/app-macos/build/DerivedData/SourcePackages/checkouts/mac-kit-swift/Sources/MacKitLaunchAtLogin/LaunchAtLoginService.swift (in target 'MacKitLaunchAtLogin' from project 'MacKit')
    cd /Users/geraltgraham/Codes/NeatPaste/app-macos/NeatPaste.xcodeproj
    

SwiftDriver\ Compilation MacKitUpdater normal x86_64 com.apple.xcode.tools.swift.compiler (in target 'MacKitUpdater' from project 'MacKit')
    cd /Users/geraltgraham/Codes/NeatPaste/app-macos/NeatPaste.xcodeproj
    builtin-Swift-Compilation -- /Applications/Xcode.app/Contents/Developer/Toolchains/XcodeDefault.xctoolchain/usr/bin/swiftc -module-name MacKitUpdater -O -whole-module-optimization -enforce-exclusivity\=checked @/Users/geraltgraham/Codes/NeatPaste/app-macos/build/DerivedData/Build/Intermediates.noindex/MacKit.build/Release/MacKitUpdater.build/Objects-normal/x86_64/MacKitUpdater.SwiftFileList -DSWIFT_PACKAGE -DSWIFT_MODULE_RESOURCE_BUNDLE_UNAVAILABLE -DXcode -plugin-path /Applications/Xcode.app/Contents/Developer/Toolchains/XcodeDefault.xctoolchain/usr/lib/swift/host/plugins/testing -enable-experimental-feature DebugDescriptionMacro -sdk /Applications/Xcode.app/Contents/Developer/Platforms/MacOSX.platform/Developer/SDKs/MacOSX26.2.sdk -target x86_64-apple-macos14.0 -g -module-cache-path /Users/geraltgraham/Codes/NeatPaste/app-macos/build/DerivedData/ModuleCache.noindex -Xfrontend -serialize-debugging-options -suppress-warnings -swift-version 6 -I /Users/geraltgraham/Codes/NeatPaste/app-macos/build/DerivedData/Build/Products/Release -Isystem /Applications/Xcode.app/Contents/Developer/Platforms/MacOSX.platform/Developer/usr/lib -F /Users/geraltgraham/Codes/NeatPaste/app-macos/build/DerivedData/Build/Products/Release/PackageFrameworks -F /Users/geraltgraham/Codes/NeatPaste/app-macos/build/DerivedData/Build/Products/Release -F /Applications/Xcode.app/Contents/Developer/Platforms/MacOSX.platform/Developer/Library/Frameworks -parse-as-library -c -num-threads 8 -Xcc -ivfsstatcache -Xcc /Users/geraltgraham/Codes/NeatPaste/app-macos/build/DerivedData/SDKStatCaches.noindex/macosx26.2-25C58-e8867d0c40613ffc63e0238af232dc5000fa09913b459cbbc988d1f6730289ae.sdkstatcache -output-file-map /Users/geraltgraham/Codes/NeatPaste/app-macos/build/DerivedData/Build/Intermediates.noindex/MacKit.build/Release/MacKitUpdater.build/Objects-normal/x86_64/MacKitUpdater-OutputFileMap.json -use-frontend-parseable-output -save-temps -no-color-diagnostics -explicit-module-build -module-cache-path /Users/geraltgraham/Codes/NeatPaste/app-macos/build/DerivedData/Build/Intermediates.noindex/SwiftExplicitPrecompiledModules -clang-scanner-module-cache-path /Users/geraltgraham/Codes/NeatPaste/app-macos/build/DerivedData/ModuleCache.noindex -sdk-module-cache-path /Users/geraltgraham/Codes/NeatPaste/app-macos/build/DerivedData/ModuleCache.noindex -serialize-diagnostics -emit-dependencies -emit-module -emit-module-path /Users/geraltgraham/Codes/NeatPaste/app-macos/build/DerivedData/Build/Intermediates.noindex/MacKit.build/Release/MacKitUpdater.build/Objects-normal/x86_64/MacKitUpdater.swiftmodule -user-module-version 0.1.4 -validate-clang-modules-once -clang-build-session-file /Users/geraltgraham/Codes/NeatPaste/app-macos/build/DerivedData/ModuleCache.noindex/Session.modulevalidation -package-name mac_kit_swift -Xcc -I/Users/geraltgraham/Codes/NeatPaste/app-macos/build/DerivedData/Build/Intermediates.noindex/MacKit.build/Release/MacKitUpdater.build/swift-overrides.hmap -emit-const-values -Xfrontend -const-gather-protocols-file -Xfrontend /Users/geraltgraham/Codes/NeatPaste/app-macos/build/DerivedData/Build/Intermediates.noindex/MacKit.build/Release/MacKitUpdater.build/Objects-normal/x86_64/MacKitUpdater_const_extract_protocols.json -Xcc -I/Users/geraltgraham/Codes/NeatPaste/app-macos/build/DerivedData/Build/Products/Release/include -Xcc -I/Users/geraltgraham/Codes/NeatPaste/app-macos/build/DerivedData/Build/Intermediates.noindex/MacKit.build/Release/MacKitUpdater.build/DerivedSources-normal/x86_64 -Xcc -I/Users/geraltgraham/Codes/NeatPaste/app-macos/build/DerivedData/Build/Intermediates.noindex/MacKit.build/Release/MacKitUpdater.build/DerivedSources/x86_64 -Xcc -I/Users/geraltgraham/Codes/NeatPaste/app-macos/build/DerivedData/Build/Intermediates.noindex/MacKit.build/Release/MacKitUpdater.build/DerivedSources -Xcc -DSWIFT_PACKAGE -emit-objc-header -emit-objc-header-path /Users/geraltgraham/Codes/NeatPaste/app-macos/build/DerivedData/Build/Intermediates.noindex/MacKit.build/Release/MacKitUpdater.build/Objects-normal/x86_64/MacKitUpdater-Swift.h -working-directory /Users/geraltgraham/Codes/NeatPaste/app-macos/NeatPaste.xcodeproj -no-emit-module-separately-wmo

SwiftDriver\ Compilation MacKitLaunchAtLogin normal x86_64 com.apple.xcode.tools.swift.compiler (in target 'MacKitLaunchAtLogin' from project 'MacKit')
    cd /Users/geraltgraham/Codes/NeatPaste/app-macos/NeatPaste.xcodeproj
    builtin-Swift-Compilation -- /Applications/Xcode.app/Contents/Developer/Toolchains/XcodeDefault.xctoolchain/usr/bin/swiftc -module-name MacKitLaunchAtLogin -O -whole-module-optimization -enforce-exclusivity\=checked @/Users/geraltgraham/Codes/NeatPaste/app-macos/build/DerivedData/Build/Intermediates.noindex/MacKit.build/Release/MacKitLaunchAtLogin.build/Objects-normal/x86_64/MacKitLaunchAtLogin.SwiftFileList -DSWIFT_PACKAGE -DSWIFT_MODULE_RESOURCE_BUNDLE_UNAVAILABLE -DXcode -plugin-path /Applications/Xcode.app/Contents/Developer/Toolchains/XcodeDefault.xctoolchain/usr/lib/swift/host/plugins/testing -enable-experimental-feature DebugDescriptionMacro -sdk /Applications/Xcode.app/Contents/Developer/Platforms/MacOSX.platform/Developer/SDKs/MacOSX26.2.sdk -target x86_64-apple-macos14.0 -g -module-cache-path /Users/geraltgraham/Codes/NeatPaste/app-macos/build/DerivedData/ModuleCache.noindex -Xfrontend -serialize-debugging-options -suppress-warnings -swift-version 6 -I /Users/geraltgraham/Codes/NeatPaste/app-macos/build/DerivedData/Build/Products/Release -Isystem /Applications/Xcode.app/Contents/Developer/Platforms/MacOSX.platform/Developer/usr/lib -F /Users/geraltgraham/Codes/NeatPaste/app-macos/build/DerivedData/Build/Products/Release/PackageFrameworks -F /Users/geraltgraham/Codes/NeatPaste/app-macos/build/DerivedData/Build/Products/Release -F /Applications/Xcode.app/Contents/Developer/Platforms/MacOSX.platform/Developer/Library/Frameworks -parse-as-library -c -num-threads 8 -Xcc -ivfsstatcache -Xcc /Users/geraltgraham/Codes/NeatPaste/app-macos/build/DerivedData/SDKStatCaches.noindex/macosx26.2-25C58-e8867d0c40613ffc63e0238af232dc5000fa09913b459cbbc988d1f6730289ae.sdkstatcache -output-file-map /Users/geraltgraham/Codes/NeatPaste/app-macos/build/DerivedData/Build/Intermediates.noindex/MacKit.build/Release/MacKitLaunchAtLogin.build/Objects-normal/x86_64/MacKitLaunchAtLogin-OutputFileMap.json -use-frontend-parseable-output -save-temps -no-color-diagnostics -explicit-module-build -module-cache-path /Users/geraltgraham/Codes/NeatPaste/app-macos/build/DerivedData/Build/Intermediates.noindex/SwiftExplicitPrecompiledModules -clang-scanner-module-cache-path /Users/geraltgraham/Codes/NeatPaste/app-macos/build/DerivedData/ModuleCache.noindex -sdk-module-cache-path /Users/geraltgraham/Codes/NeatPaste/app-macos/build/DerivedData/ModuleCache.noindex -serialize-diagnostics -emit-dependencies -emit-module -emit-module-path /Users/geraltgraham/Codes/NeatPaste/app-macos/build/DerivedData/Build/Intermediates.noindex/MacKit.build/Release/MacKitLaunchAtLogin.build/Objects-normal/x86_64/MacKitLaunchAtLogin.swiftmodule -user-module-version 0.1.4 -validate-clang-modules-once -clang-build-session-file /Users/geraltgraham/Codes/NeatPaste/app-macos/build/DerivedData/ModuleCache.noindex/Session.modulevalidation -package-name mac_kit_swift -Xcc -I/Users/geraltgraham/Codes/NeatPaste/app-macos/build/DerivedData/Build/Intermediates.noindex/MacKit.build/Release/MacKitLaunchAtLogin.build/swift-overrides.hmap -emit-const-values -Xfrontend -const-gather-protocols-file -Xfrontend /Users/geraltgraham/Codes/NeatPaste/app-macos/build/DerivedData/Build/Intermediates.noindex/MacKit.build/Release/MacKitLaunchAtLogin.build/Objects-normal/x86_64/MacKitLaunchAtLogin_const_extract_protocols.json -Xcc -I/Users/geraltgraham/Codes/NeatPaste/app-macos/build/DerivedData/Build/Products/Release/include -Xcc -I/Users/geraltgraham/Codes/NeatPaste/app-macos/build/DerivedData/Build/Intermediates.noindex/MacKit.build/Release/MacKitLaunchAtLogin.build/DerivedSources-normal/x86_64 -Xcc -I/Users/geraltgraham/Codes/NeatPaste/app-macos/build/DerivedData/Build/Intermediates.noindex/MacKit.build/Release/MacKitLaunchAtLogin.build/DerivedSources/x86_64 -Xcc -I/Users/geraltgraham/Codes/NeatPaste/app-macos/build/DerivedData/Build/Intermediates.noindex/MacKit.build/Release/MacKitLaunchAtLogin.build/DerivedSources -Xcc -DSWIFT_PACKAGE -emit-objc-header -emit-objc-header-path /Users/geraltgraham/Codes/NeatPaste/app-macos/build/DerivedData/Build/Intermediates.noindex/MacKit.build/Release/MacKitLaunchAtLogin.build/Objects-normal/x86_64/MacKitLaunchAtLogin-Swift.h -working-directory /Users/geraltgraham/Codes/NeatPaste/app-macos/NeatPaste.xcodeproj -no-emit-module-separately-wmo

SwiftCompile normal arm64 Compiling\ LaunchAtLoginService.swift /Users/geraltgraham/Codes/NeatPaste/app-macos/build/DerivedData/SourcePackages/checkouts/mac-kit-swift/Sources/MacKitLaunchAtLogin/LaunchAtLoginService.swift /Applications/Xcode.app/Contents/Developer/Toolchains/XcodeDefault.xctoolchain/usr/lib/swift/macosx/prebuilt-modules/26.2/XPC.swiftmodule/arm64e-apple-macos.swiftmodule /Applications/Xcode.app/Contents/Developer/Toolchains/XcodeDefault.xctoolchain/usr/lib/swift/macosx/prebuilt-modules/26.2/_StringProcessing.swiftmodule/arm64e-apple-macos.swiftmodule /Applications/Xcode.app/Contents/Developer/Toolchains/XcodeDefault.xctoolchain/usr/lib/swift/macosx/prebuilt-modules/26.2/_DarwinFoundation1.swiftmodule/arm64e-apple-macos.swiftmodule /Applications/Xcode.app/Contents/Developer/Toolchains/XcodeDefault.xctoolchain/usr/lib/swift/macosx/prebuilt-modules/26.2/Dispatch.swiftmodule/arm64e-apple-macos.swiftmodule /Applications/Xcode.app/Contents/Developer/Toolchains/XcodeDefault.xctoolchain/usr/lib/swift/macosx/prebuilt-modules/26.2/System.swiftmodule/arm64e-apple-macos.swiftmodule /Applications/Xcode.app/Contents/Developer/Toolchains/XcodeDefault.xctoolchain/usr/lib/swift/macosx/prebuilt-modules/26.2/Observation.swiftmodule/arm64e-apple-macos.swiftmodule /Applications/Xcode.app/Contents/Developer/Toolchains/XcodeDefault.xctoolchain/usr/lib/swift/macosx/prebuilt-modules/26.2/Foundation.swiftmodule/arm64e-apple-macos.swiftmodule /Applications/Xcode.app/Contents/Developer/Toolchains/XcodeDefault.xctoolchain/usr/lib/swift/macosx/prebuilt-modules/26.2/ObjectiveC.swiftmodule/arm64e-apple-macos.swiftmodule /Applications/Xcode.app/Contents/Developer/Toolchains/XcodeDefault.xctoolchain/usr/lib/swift/macosx/prebuilt-modules/26.2/_DarwinFoundation3.swiftmodule/arm64e-apple-macos.swiftmodule /Applications/Xcode.app/Contents/Developer/Toolchains/XcodeDefault.xctoolchain/usr/lib/swift/macosx/prebuilt-modules/26.2/Combine.swiftmodule/arm64e-apple-macos.swiftmodule /Applications/Xcode.app/Contents/Developer/Toolchains/XcodeDefault.xctoolchain/usr/lib/swift/macosx/prebuilt-modules/26.2/_Builtin_float.swiftmodule/arm64e-apple-macos.swiftmodule /Applications/Xcode.app/Contents/Developer/Toolchains/XcodeDefault.xctoolchain/usr/lib/swift/macosx/prebuilt-modules/26.2/_Concurrency.swiftmodule/arm64e-apple-macos.swiftmodule /Users/geraltgraham/Codes/NeatPaste/app-macos/build/DerivedData/Build/Products/Release/MacKitCore.swiftmodule/arm64-apple-macos.swiftmodule /Applications/Xcode.app/Contents/Developer/Toolchains/XcodeDefault.xctoolchain/usr/lib/swift/macosx/prebuilt-modules/26.2/IOKit.swiftmodule/arm64e-apple-macos.swiftmodule /Applications/Xcode.app/Contents/Developer/Toolchains/XcodeDefault.xctoolchain/usr/lib/swift/macosx/prebuilt-modules/26.2/_DarwinFoundation2.swiftmodule/arm64e-apple-macos.swiftmodule /Applications/Xcode.app/Contents/Developer/Toolchains/XcodeDefault.xctoolchain/usr/lib/swift/macosx/prebuilt-modules/26.2/Darwin.swiftmodule/arm64e-apple-macos.swiftmodule /Applications/Xcode.app/Contents/Developer/Toolchains/XcodeDefault.xctoolchain/usr/lib/swift/macosx/prebuilt-modules/26.2/Swift.swiftmodule/arm64e-apple-macos.swiftmodule /Applications/Xcode.app/Contents/Developer/Toolchains/XcodeDefault.xctoolchain/usr/lib/swift/macosx/prebuilt-modules/26.2/CoreFoundation.swiftmodule/arm64e-apple-macos.swiftmodule /Users/geraltgraham/Codes/NeatPaste/app-macos/build/DerivedData/ModuleCache.noindex/_DarwinFoundation2-AC9OD7W4N88KYSKNUVSNN6FFP.pcm /Users/geraltgraham/Codes/NeatPaste/app-macos/build/DerivedData/ModuleCache.noindex/sys_types-4A3Y5UA5CVRJQ5R9RJ11HYFGT.pcm /Users/geraltgraham/Codes/NeatPaste/app-macos/build/DerivedData/ModuleCache.noindex/os_object-11I6XC2LELQ4T2DNM1GLGFFHO.pcm /Users/geraltgraham/Codes/NeatPaste/app-macos/build/DerivedData/ModuleCache.noindex/_Builtin_stdbool-D3WF8MSC2N9YLV0SN7WZZQEW1.pcm /Users/geraltgraham/Codes/NeatPaste/app-macos/build/DerivedData/ModuleCache.noindex/_SwiftConcurrencyShims-BDP01P6OKU8A8ACGO8TCC7OQ3.pcm /Users/geraltgraham/Codes/NeatPaste/app-macos/build/DerivedData/ModuleCache.noindex/CFNetwork-BJ4RN12DHLDFF0I3QC7LA1AK3.pcm /Users/geraltgraham/Codes/NeatPaste/app-macos/build/DerivedData/ModuleCache.noindex/os_workgroup-4TXSR1EJVOL0BL3VXOKDHSXXW.pcm /Users/geraltgraham/Codes/NeatPaste/app-macos/build/DerivedData/ModuleCache.noindex/SwiftShims-3GQA22IRDAI597RGCSMPKBUJY.pcm /Users/geraltgraham/Codes/NeatPaste/app-macos/build/DerivedData/ModuleCache.noindex/Foundation-6GQOODQ0EC5DCUE7PTWG496G2.pcm /Users/geraltgraham/Codes/NeatPaste/app-macos/build/DerivedData/ModuleCache.noindex/ObjectiveC-463IQRX3PM3VF13L7I9G64O8P.pcm /Users/geraltgraham/Codes/NeatPaste/app-macos/build/DerivedData/ModuleCache.noindex/_DarwinFoundation3-PJ615H9D85F42HA3JOU3QSGU.pcm /Users/geraltgraham/Codes/NeatPaste/app-macos/build/DerivedData/ModuleCache.noindex/CoreFoundation-5D9F45F2SNHFSNDUM58JD3UPE.pcm /Users/geraltgraham/Codes/NeatPaste/app-macos/build/DerivedData/ModuleCache.noindex/_Builtin_stdint-2C4N3W7CRW4VURTEG8WOVR9AW.pcm /Users/geraltgraham/Codes/NeatPaste/app-macos/build/DerivedData/ModuleCache.noindex/_DarwinFoundation1-BB9DZOHVB9KKTLZYMG5RS8XFT.pcm /Users/geraltgraham/Codes/NeatPaste/app-macos/build/DerivedData/ModuleCache.noindex/Dispatch-BUCU3JQK3VLT4K1Y0BDV98TF4.pcm /Users/geraltgraham/Codes/NeatPaste/app-macos/build/DerivedData/ModuleCache.noindex/XPC-6KF5V41QT9NJZ9K01JO6920D1.pcm /Users/geraltgraham/Codes/NeatPaste/app-macos/build/DerivedData/ModuleCache.noindex/libkern-CLKOEXX7WTNXX2TTXAX3EN04R.pcm /Users/geraltgraham/Codes/NeatPaste/app-macos/build/DerivedData/ModuleCache.noindex/Darwin-B9QRQH1EJ3OLO0KWDJQ5TAS27.pcm /Users/geraltgraham/Codes/NeatPaste/app-macos/build/DerivedData/ModuleCache.noindex/DiskArbitration-EKIYWIQBRPI068IGAXUYWRAK6.pcm /Users/geraltgraham/Codes/NeatPaste/app-macos/build/DerivedData/ModuleCache.noindex/_Builtin_stdarg-3DYKW71XR7DTFOR1GZK0JIRH2.pcm /Users/geraltgraham/Codes/NeatPaste/app-macos/build/DerivedData/ModuleCache.noindex/launch-82201O9EZXFWE7OVPL009ZSQN.pcm /Users/geraltgraham/Codes/NeatPaste/app-macos/build/DerivedData/ModuleCache.noindex/_Builtin_inttypes-CPRY3LUE3DXFVEP5427QKEHO3.pcm /Users/geraltgraham/Codes/NeatPaste/app-macos/build/DerivedData/ModuleCache.noindex/ptrauth-7KUHPYKIGTNTCXIJGMDGZH6PL.pcm /Users/geraltgraham/Codes/NeatPaste/app-macos/build/DerivedData/ModuleCache.noindex/Security-7N4LRJYRPL2FP08B732L4G26F.pcm /Users/geraltgraham/Codes/NeatPaste/app-macos/build/DerivedData/ModuleCache.noindex/IOKit-C7FD35V3ENOMO2GBH8W78PACS.pcm /Users/geraltgraham/Codes/NeatPaste/app-macos/build/DerivedData/ModuleCache.noindex/_Builtin_limits-5HKTMMB9GPSW0BHJQABQIDZ3R.pcm /Users/geraltgraham/Codes/NeatPaste/app-macos/build/DerivedData/ModuleCache.noindex/ServiceManagement-67AJZGBZZN1KKSNRB52G95ITC.pcm /Users/geraltgraham/Codes/NeatPaste/app-macos/build/DerivedData/ModuleCache.noindex/libDER-EZCR38TM4WA3M69GZQTEAK0GN.pcm /Users/geraltgraham/Codes/NeatPaste/app-macos/build/DerivedData/ModuleCache.noindex/ptrcheck-6GR9661DAZ420N8LV6Q96WUD2.pcm /Users/geraltgraham/Codes/NeatPaste/app-macos/build/DerivedData/ModuleCache.noindex/_Builtin_stddef-7TF1TWHEU90HVMDLOZZEE56QD.pcm /Users/geraltgraham/Codes/NeatPaste/app-macos/build/DerivedData/ModuleCache.noindex/CoreServices-7KTR68W580WS2H3JAB5OOCVN7.pcm /Users/geraltgraham/Codes/NeatPaste/app-macos/build/DerivedData/ModuleCache.noindex/_AvailabilityInternal-BWUIOQSBNTEP5CB33QOPOOXZ1.pcm /Users/geraltgraham/Codes/NeatPaste/app-macos/build/DerivedData/ModuleCache.noindex/_Builtin_float-12AJ912187YGMRGB8M2R56YWY.pcm /Users/geraltgraham/Codes/NeatPaste/app-macos/build/DerivedData/ModuleCache.noindex/MachO-6CPJYNKLC5A1GTT3VB04ULFDG.pcm /Users/geraltgraham/Codes/NeatPaste/app-macos/build/DerivedData/Build/Intermediates.noindex/MacKit.build/Release/MacKitLaunchAtLogin.build/Objects-normal/arm64/MacKitLaunchAtLogin-dependencies-2.json (in target 'MacKitLaunchAtLogin' from project 'MacKit')

SwiftCompile normal arm64 /Users/geraltgraham/Codes/NeatPaste/app-macos/build/DerivedData/SourcePackages/checkouts/mac-kit-swift/Sources/MacKitLaunchAtLogin/LaunchAtLoginService.swift (in target 'MacKitLaunchAtLogin' from project 'MacKit')
    cd /Users/geraltgraham/Codes/NeatPaste/app-macos/NeatPaste.xcodeproj
    

SwiftExplicitDependencyGeneratePcm x86_64 /Users/geraltgraham/Codes/NeatPaste/app-macos/build/DerivedData/Build/Intermediates.noindex/SwiftExplicitPrecompiledModules/Sparkle-3PRNLYCVGKH8FYVL57EA9Q62T.pcm

SwiftExplicitDependencyGeneratePcm arm64 /Users/geraltgraham/Codes/NeatPaste/app-macos/build/DerivedData/Build/Intermediates.noindex/SwiftExplicitPrecompiledModules/Sparkle-4QHB2JHRGBQILYDXDOC3DFEZ7.pcm

SwiftDriver\ Compilation MacKitUpdater normal arm64 com.apple.xcode.tools.swift.compiler (in target 'MacKitUpdater' from project 'MacKit')
    cd /Users/geraltgraham/Codes/NeatPaste/app-macos/NeatPaste.xcodeproj
    builtin-Swift-Compilation -- /Applications/Xcode.app/Contents/Developer/Toolchains/XcodeDefault.xctoolchain/usr/bin/swiftc -module-name MacKitUpdater -O -whole-module-optimization -enforce-exclusivity\=checked @/Users/geraltgraham/Codes/NeatPaste/app-macos/build/DerivedData/Build/Intermediates.noindex/MacKit.build/Release/MacKitUpdater.build/Objects-normal/arm64/MacKitUpdater.SwiftFileList -DSWIFT_PACKAGE -DSWIFT_MODULE_RESOURCE_BUNDLE_UNAVAILABLE -DXcode -plugin-path /Applications/Xcode.app/Contents/Developer/Toolchains/XcodeDefault.xctoolchain/usr/lib/swift/host/plugins/testing -enable-experimental-feature DebugDescriptionMacro -sdk /Applications/Xcode.app/Contents/Developer/Platforms/MacOSX.platform/Developer/SDKs/MacOSX26.2.sdk -target arm64-apple-macos14.0 -g -module-cache-path /Users/geraltgraham/Codes/NeatPaste/app-macos/build/DerivedData/ModuleCache.noindex -Xfrontend -serialize-debugging-options -suppress-warnings -swift-version 6 -I /Users/geraltgraham/Codes/NeatPaste/app-macos/build/DerivedData/Build/Products/Release -Isystem /Applications/Xcode.app/Contents/Developer/Platforms/MacOSX.platform/Developer/usr/lib -F /Users/geraltgraham/Codes/NeatPaste/app-macos/build/DerivedData/Build/Products/Release/PackageFrameworks -F /Users/geraltgraham/Codes/NeatPaste/app-macos/build/DerivedData/Build/Products/Release -F /Applications/Xcode.app/Contents/Developer/Platforms/MacOSX.platform/Developer/Library/Frameworks -parse-as-library -c -num-threads 8 -Xcc -ivfsstatcache -Xcc /Users/geraltgraham/Codes/NeatPaste/app-macos/build/DerivedData/SDKStatCaches.noindex/macosx26.2-25C58-e8867d0c40613ffc63e0238af232dc5000fa09913b459cbbc988d1f6730289ae.sdkstatcache -output-file-map /Users/geraltgraham/Codes/NeatPaste/app-macos/build/DerivedData/Build/Intermediates.noindex/MacKit.build/Release/MacKitUpdater.build/Objects-normal/arm64/MacKitUpdater-OutputFileMap.json -use-frontend-parseable-output -save-temps -no-color-diagnostics -explicit-module-build -module-cache-path /Users/geraltgraham/Codes/NeatPaste/app-macos/build/DerivedData/Build/Intermediates.noindex/SwiftExplicitPrecompiledModules -clang-scanner-module-cache-path /Users/geraltgraham/Codes/NeatPaste/app-macos/build/DerivedData/ModuleCache.noindex -sdk-module-cache-path /Users/geraltgraham/Codes/NeatPaste/app-macos/build/DerivedData/ModuleCache.noindex -serialize-diagnostics -emit-dependencies -emit-module -emit-module-path /Users/geraltgraham/Codes/NeatPaste/app-macos/build/DerivedData/Build/Intermediates.noindex/MacKit.build/Release/MacKitUpdater.build/Objects-normal/arm64/MacKitUpdater.swiftmodule -user-module-version 0.1.4 -validate-clang-modules-once -clang-build-session-file /Users/geraltgraham/Codes/NeatPaste/app-macos/build/DerivedData/ModuleCache.noindex/Session.modulevalidation -package-name mac_kit_swift -Xcc -I/Users/geraltgraham/Codes/NeatPaste/app-macos/build/DerivedData/Build/Intermediates.noindex/MacKit.build/Release/MacKitUpdater.build/swift-overrides.hmap -emit-const-values -Xfrontend -const-gather-protocols-file -Xfrontend /Users/geraltgraham/Codes/NeatPaste/app-macos/build/DerivedData/Build/Intermediates.noindex/MacKit.build/Release/MacKitUpdater.build/Objects-normal/arm64/MacKitUpdater_const_extract_protocols.json -Xcc -I/Users/geraltgraham/Codes/NeatPaste/app-macos/build/DerivedData/Build/Products/Release/include -Xcc -I/Users/geraltgraham/Codes/NeatPaste/app-macos/build/DerivedData/Build/Intermediates.noindex/MacKit.build/Release/MacKitUpdater.build/DerivedSources-normal/arm64 -Xcc -I/Users/geraltgraham/Codes/NeatPaste/app-macos/build/DerivedData/Build/Intermediates.noindex/MacKit.build/Release/MacKitUpdater.build/DerivedSources/arm64 -Xcc -I/Users/geraltgraham/Codes/NeatPaste/app-macos/build/DerivedData/Build/Intermediates.noindex/MacKit.build/Release/MacKitUpdater.build/DerivedSources -Xcc -DSWIFT_PACKAGE -emit-objc-header -emit-objc-header-path /Users/geraltgraham/Codes/NeatPaste/app-macos/build/DerivedData/Build/Intermediates.noindex/MacKit.build/Release/MacKitUpdater.build/Objects-normal/arm64/MacKitUpdater-Swift.h -working-directory /Users/geraltgraham/Codes/NeatPaste/app-macos/NeatPaste.xcodeproj -no-emit-module-separately-wmo

SwiftCompile normal x86_64 Compiling\ OutsideClickMonitor.swift /Users/geraltgraham/Codes/NeatPaste/app-macos/build/DerivedData/SourcePackages/checkouts/mac-kit-swift/Sources/MacKitOverlay/OutsideClickMonitor.swift /Applications/Xcode.app/Contents/Developer/Toolchains/XcodeDefault.xctoolchain/usr/lib/swift/macosx/prebuilt-modules/26.2/CoreText.swiftmodule/x86_64-apple-macos.swiftmodule /Applications/Xcode.app/Contents/Developer/Toolchains/XcodeDefault.xctoolchain/usr/lib/swift/macosx/prebuilt-modules/26.2/Observation.swiftmodule/x86_64-apple-macos.swiftmodule /Applications/Xcode.app/Contents/Developer/Toolchains/XcodeDefault.xctoolchain/usr/lib/swift/macosx/prebuilt-modules/26.2/CoreFoundation.swiftmodule/x86_64-apple-macos.swiftmodule /Applications/Xcode.app/Contents/Developer/Toolchains/XcodeDefault.xctoolchain/usr/lib/swift/macosx/prebuilt-modules/26.2/CoreTransferable.swiftmodule/x86_64-apple-macos.swiftmodule /Applications/Xcode.app/Contents/Developer/Toolchains/XcodeDefault.xctoolchain/usr/lib/swift/macosx/prebuilt-modules/26.2/CoreGraphics.swiftmodule/x86_64-apple-macos.swiftmodule /Applications/Xcode.app/Contents/Developer/Toolchains/XcodeDefault.xctoolchain/usr/lib/swift/macosx/prebuilt-modules/26.2/_DarwinFoundation2.swiftmodule/x86_64-apple-macos.swiftmodule /Applications/Xcode.app/Contents/Developer/Toolchains/XcodeDefault.xctoolchain/usr/lib/swift/macosx/prebuilt-modules/26.2/SwiftUICore.swiftmodule/x86_64-apple-macos.swiftmodule /Applications/Xcode.app/Contents/Developer/Toolchains/XcodeDefault.xctoolchain/usr/lib/swift/macosx/prebuilt-modules/26.2/_DarwinFoundation1.swiftmodule/x86_64-apple-macos.swiftmodule /Applications/Xcode.app/Contents/Developer/Toolchains/XcodeDefault.xctoolchain/usr/lib/swift/macosx/prebuilt-modules/26.2/Dispatch.swiftmodule/x86_64-apple-macos.swiftmodule /Applications/Xcode.app/Contents/Developer/Toolchains/XcodeDefault.xctoolchain/usr/lib/swift/macosx/prebuilt-modules/26.2/_Concurrency.swiftmodule/x86_64-apple-macos.swiftmodule /Applications/Xcode.app/Contents/Developer/Toolchains/XcodeDefault.xctoolchain/usr/lib/swift/macosx/prebuilt-modules/26.2/Foundation.swiftmodule/x86_64-apple-macos.swiftmodule /Applications/Xcode.app/Contents/Developer/Toolchains/XcodeDefault.xctoolchain/usr/lib/swift/macosx/prebuilt-modules/26.2/Accessibility.swiftmodule/x86_64-apple-macos.swiftmodule /Applications/Xcode.app/Contents/Developer/Toolchains/XcodeDefault.xctoolchain/usr/lib/swift/macosx/prebuilt-modules/26.2/CoreImage.swiftmodule/x86_64-apple-macos.swiftmodule /Applications/Xcode.app/Contents/Developer/Toolchains/XcodeDefault.xctoolchain/usr/lib/swift/macosx/prebuilt-modules/26.2/XPC.swiftmodule/x86_64-apple-macos.swiftmodule /Applications/Xcode.app/Contents/Developer/Toolchains/XcodeDefault.xctoolchain/usr/lib/swift/macosx/prebuilt-modules/26.2/DataDetection.swiftmodule/x86_64-apple-macos.swiftmodule /Applications/Xcode.app/Contents/Developer/Toolchains/XcodeDefault.xctoolchain/usr/lib/swift/macosx/prebuilt-modules/26.2/OSLog.swiftmodule/x86_64-apple-macos.swiftmodule /Applications/Xcode.app/Contents/Developer/Toolchains/XcodeDefault.xctoolchain/usr/lib/swift/macosx/prebuilt-modules/26.2/System.swiftmodule/x86_64-apple-macos.swiftmodule /Applications/Xcode.app/Contents/Developer/Toolchains/XcodeDefault.xctoolchain/usr/lib/swift/macosx/prebuilt-modules/26.2/_DarwinFoundation3.swiftmodule/x86_64-apple-macos.swiftmodule /Applications/Xcode.app/Contents/Developer/Toolchains/XcodeDefault.xctoolchain/usr/lib/swift/macosx/prebuilt-modules/26.2/simd.swiftmodule/x86_64-apple-macos.swiftmodule /Applications/Xcode.app/Contents/Developer/Toolchains/XcodeDefault.xctoolchain/usr/lib/swift/macosx/prebuilt-modules/26.2/os.swiftmodule/x86_64-apple-macos.swiftmodule /Applications/Xcode.app/Contents/Developer/Toolchains/XcodeDefault.xctoolchain/usr/lib/swift/macosx/prebuilt-modules/26.2/IOKit.swiftmodule/x86_64-apple-macos.swiftmodule /Applications/Xcode.app/Contents/Developer/Toolchains/XcodeDefault.xctoolchain/usr/lib/swift/macosx/prebuilt-modules/26.2/Metal.swiftmodule/x86_64-apple-macos.swiftmodule /Applications/Xcode.app/Contents/Developer/Toolchains/XcodeDefault.xctoolchain/usr/lib/swift/macosx/prebuilt-modules/26.2/DeveloperToolsSupport.swiftmodule/x86_64-apple-macos.swiftmodule /Applications/Xcode.app/Contents/Developer/Toolchains/XcodeDefault.xctoolchain/usr/lib/swift/macosx/prebuilt-modules/26.2/QuartzCore.swiftmodule/x86_64-apple-macos.swiftmodule /Applications/Xcode.app/Contents/Developer/Toolchains/XcodeDefault.xctoolchain/usr/lib/swift/macosx/prebuilt-modules/26.2/Swift.swiftmodule/x86_64-apple-macos.swiftmodule /Applications/Xcode.app/Contents/Developer/Toolchains/XcodeDefault.xctoolchain/usr/lib/swift/macosx/prebuilt-modules/26.2/_StringProcessing.swiftmodule/x86_64-apple-macos.swiftmodule /Applications/Xcode.app/Contents/Developer/Toolchains/XcodeDefault.xctoolchain/usr/lib/swift/macosx/prebuilt-modules/26.2/Symbols.swiftmodule/x86_64-apple-macos.swiftmodule /Users/geraltgraham/Codes/NeatPaste/app-macos/build/DerivedData/Build/Products/Release/MacKitCore.swiftmodule/x86_64-apple-macos.swiftmodule /Applications/Xcode.app/Contents/Developer/Toolchains/XcodeDefault.xctoolchain/usr/lib/swift/macosx/prebuilt-modules/26.2/CoreData.swiftmodule/x86_64-apple-macos.swiftmodule /Applications/Xcode.app/Contents/Developer/Toolchains/XcodeDefault.xctoolchain/usr/lib/swift/macosx/prebuilt-modules/26.2/ObjectiveC.swiftmodule/x86_64-apple-macos.swiftmodule /Applications/Xcode.app/Contents/Developer/Toolchains/XcodeDefault.xctoolchain/usr/lib/swift/macosx/prebuilt-modules/26.2/Darwin.swiftmodule/x86_64-apple-macos.swiftmodule /Applications/Xcode.app/Contents/Developer/Toolchains/XcodeDefault.xctoolchain/usr/lib/swift/macosx/prebuilt-modules/26.2/CoreVideo.swiftmodule/x86_64-apple-macos.swiftmodule /Applications/Xcode.app/Contents/Developer/Toolchains/XcodeDefault.xctoolchain/usr/lib/swift/macosx/prebuilt-modules/26.2/UniformTypeIdentifiers.swiftmodule/x86_64-apple-macos.swiftmodule /Applications/Xcode.app/Contents/Developer/Toolchains/XcodeDefault.xctoolchain/usr/lib/swift/macosx/prebuilt-modules/26.2/Combine.swiftmodule/x86_64-apple-macos.swiftmodule /Applications/Xcode.app/Contents/Developer/Toolchains/XcodeDefault.xctoolchain/usr/lib/swift/macosx/prebuilt-modules/26.2/AppKit.swiftmodule/x86_64-apple-macos.swiftmodule /Applications/Xcode.app/Contents/Developer/Toolchains/XcodeDefault.xctoolchain/usr/lib/swift/macosx/prebuilt-modules/26.2/_Builtin_float.swiftmodule/x86_64-apple-macos.swiftmodule /Users/geraltgraham/Codes/NeatPaste/app-macos/build/DerivedData/ModuleCache.noindex/Symbols-2U12P2TNODL8MT2F5ZZETSNU7.pcm /Users/geraltgraham/Codes/NeatPaste/app-macos/build/DerivedData/ModuleCache.noindex/DeveloperToolsSupport-3S1W4LQT35PF7169D6JQ8T2F5.pcm /Users/geraltgraham/Codes/NeatPaste/app-macos/build/DerivedData/ModuleCache.noindex/CoreServices-1LG8QNLMZ8SFA35O6N3KLV3G0.pcm /Users/geraltgraham/Codes/NeatPaste/app-macos/build/DerivedData/ModuleCache.noindex/_Builtin_inttypes-DDU5QP7X0WO8HKINC78OORO93.pcm /Users/geraltgraham/Codes/NeatPaste/app-macos/build/DerivedData/ModuleCache.noindex/Accessibility-5NXZ3NRZQCBJTHN5JMUGUX8NY.pcm /Users/geraltgraham/Codes/NeatPaste/app-macos/build/DerivedData/ModuleCache.noindex/_Builtin_stddef-600RENDZ2LWTMQ2DPMFI9B6RL.pcm /Users/geraltgraham/Codes/NeatPaste/app-macos/build/DerivedData/ModuleCache.noindex/_SwiftConcurrencyShims-4VHUJTMTR974006FR206IRTTJ.pcm /Users/geraltgraham/Codes/NeatPaste/app-macos/build/DerivedData/ModuleCache.noindex/_DarwinFoundation1-8OC7IE95H906YUQYYSIHZUOTR.pcm /Users/geraltgraham/Codes/NeatPaste/app-macos/build/DerivedData/ModuleCache.noindex/QuartzCore-4UOQ0LSQLWX761RG3SH6N4XR1.pcm /Users/geraltgraham/Codes/NeatPaste/app-macos/build/DerivedData/ModuleCache.noindex/os-E79WR1CJWZCRQ3270X8OQMZC7.pcm /Users/geraltgraham/Codes/NeatPaste/app-macos/build/DerivedData/ModuleCache.noindex/ptrauth-3CDIMPEZ7BFDBYDFM22BAO6Y1.pcm /Users/geraltgraham/Codes/NeatPaste/app-macos/build/DerivedData/ModuleCache.noindex/libkern-8RWU1PYWIN6WZKS3PR3GWSOWP.pcm /Users/geraltgraham/Codes/NeatPaste/app-macos/build/DerivedData/ModuleCache.noindex/simd-6Y9IJSPU51D78FHQATQP1NN71.pcm /Users/geraltgraham/Codes/NeatPaste/app-macos/build/DerivedData/ModuleCache.noindex/Metal-6Y7EECDB7L3A2XNXBEY04MTDF.pcm /Users/geraltgraham/Codes/NeatPaste/app-macos/build/DerivedData/ModuleCache.noindex/CFNetwork-3GS9NTBBT1NB1NR47L1K6OJEI.pcm /Users/geraltgraham/Codes/NeatPaste/app-macos/build/DerivedData/ModuleCache.noindex/DiskArbitration-C73DBQUSB0Q5AETDJBVKLB82C.pcm /Users/geraltgraham/Codes/NeatPaste/app-macos/build/DerivedData/ModuleCache.noindex/CoreText-APXI6UC9RO2AWSGVKU3059FPS.pcm /Users/geraltgraham/Codes/NeatPaste/app-macos/build/DerivedData/ModuleCache.noindex/_DarwinFoundation3-20JPK8N6C07JJP54M7DQVBOJ0.pcm /Users/geraltgraham/Codes/NeatPaste/app-macos/build/DerivedData/ModuleCache.noindex/OpenGL-E81GNHDW6WJF5CVCS4YJ6BHDD.pcm /Users/geraltgraham/Codes/NeatPaste/app-macos/build/DerivedData/ModuleCache.noindex/_Builtin_stdint-6KX331EEUBQYQFBCVERL91D2K.pcm /Users/geraltgraham/Codes/NeatPaste/app-macos/build/DerivedData/ModuleCache.noindex/CoreData-45RMQQZH7HEPA1J3UGF3ZC0CT.pcm /Users/geraltgraham/Codes/NeatPaste/app-macos/build/DerivedData/ModuleCache.noindex/DataDetection-DDD92PSFR2QAA4P3EANXLNSWE.pcm /Users/geraltgraham/Codes/NeatPaste/app-macos/build/DerivedData/ModuleCache.noindex/XPC-9LGHAQZ88QASY4SGW2NU3KODG.pcm /Users/geraltgraham/Codes/NeatPaste/app-macos/build/DerivedData/ModuleCache.noindex/_Builtin_float-621E62OSO0M88AX476EYUFGM5.pcm /Users/geraltgraham/Codes/NeatPaste/app-macos/build/DerivedData/ModuleCache.noindex/_Builtin_stdbool-B551NLCXA4AKXL73VBP7WECE6.pcm /Users/geraltgraham/Codes/NeatPaste/app-macos/build/DerivedData/ModuleCache.noindex/os_workgroup-24WML45FF44ED87M3GDKMBK3T.pcm /Users/geraltgraham/Codes/NeatPaste/app-macos/build/DerivedData/ModuleCache.noindex/launch-4TRG0TC33B2SD1DDGFBQ4PJJ5.pcm /Users/geraltgraham/Codes/NeatPaste/app-macos/build/DerivedData/ModuleCache.noindex/Security-3YEULVKZJX3KYXG7VMA7PXTY1.pcm /Users/geraltgraham/Codes/NeatPaste/app-macos/build/DerivedData/ModuleCache.noindex/_AvailabilityInternal-E9MGRXTKA213NKHVA5IWGYZMI.pcm /Users/geraltgraham/Codes/NeatPaste/app-macos/build/DerivedData/ModuleCache.noindex/AppKit-1S9EWQU0NKPBTZNH3MLNBIBDF.pcm /Users/geraltgraham/Codes/NeatPaste/app-macos/build/DerivedData/ModuleCache.noindex/ObjectiveC-BZ8VU3KPRY4JYJZN9JF454OGI.pcm /Users/geraltgraham/Codes/NeatPaste/app-macos/build/DerivedData/ModuleCache.noindex/_DarwinFoundation2-96FGUTC1XF3XN68ZDA44NX1CS.pcm /Users/geraltgraham/Codes/NeatPaste/app-macos/build/DerivedData/ModuleCache.noindex/MachO-BS7PR79MOPYKJELPIP1GT52SD.pcm /Users/geraltgraham/Codes/NeatPaste/app-macos/build/DerivedData/ModuleCache.noindex/ptrcheck-CNWIWNJ6DGY44DVCCS4X7EWFK.pcm /Users/geraltgraham/Codes/NeatPaste/app-macos/build/DerivedData/ModuleCache.noindex/libDER-AT0H9LT32LUA3464HLK5JK6WD.pcm /Users/geraltgraham/Codes/NeatPaste/app-macos/build/DerivedData/ModuleCache.noindex/_Builtin_limits-AKPW3EWAW4NTNROS2IA44M68X.pcm /Users/geraltgraham/Codes/NeatPaste/app-macos/build/DerivedData/ModuleCache.noindex/ColorSync-A7NBKMVQHBPOZPKUOMUMWQLS4.pcm /Users/geraltgraham/Codes/NeatPaste/app-macos/build/DerivedData/ModuleCache.noindex/IOKit-65ML938OS433SRZEF61AAW3I3.pcm /Users/geraltgraham/Codes/NeatPaste/app-macos/build/DerivedData/ModuleCache.noindex/CoreImage-BC04U9VYN6WW4NAFX59AUJMH.pcm /Users/geraltgraham/Codes/NeatPaste/app-macos/build/DerivedData/ModuleCache.noindex/CoreVideo-9P3Y22XKAKJOTZXJOW84Z52LK.pcm /Users/geraltgraham/Codes/NeatPaste/app-macos/build/DerivedData/ModuleCache.noindex/Dispatch-5FED5IFTTW31OV1QKVPSOIYBH.pcm /Users/geraltgraham/Codes/NeatPaste/app-macos/build/DerivedData/ModuleCache.noindex/_Builtin_tgmath-7URC5Y35R6J93BTY4F71DBNQG.pcm /Users/geraltgraham/Codes/NeatPaste/app-macos/build/DerivedData/ModuleCache.noindex/CUPS-2DJCOB6FYC5BWY49M8BU0XOJG.pcm /Users/geraltgraham/Codes/NeatPaste/app-macos/build/DerivedData/ModuleCache.noindex/CoreTransferable-86G2X0W05BB8XMQMUEGPGSWWL.pcm /Users/geraltgraham/Codes/NeatPaste/app-macos/build/DerivedData/ModuleCache.noindex/ImageIO-8UBYJ9V1CYJRLDIOIP1LX031U.pcm /Users/geraltgraham/Codes/NeatPaste/app-macos/build/DerivedData/ModuleCache.noindex/_Builtin_intrinsics-5XXAY3BL0WE3OTDVNS99HO1S1.pcm /Users/geraltgraham/Codes/NeatPaste/app-macos/build/DerivedData/ModuleCache.noindex/sys_types-AQPSOWAW51AHIW61CULZNADSC.pcm /Users/geraltgraham/Codes/NeatPaste/app-macos/build/DerivedData/ModuleCache.noindex/os_object-1PVRF2285U51G6LSCJ2VN7AZF.pcm /Users/geraltgraham/Codes/NeatPaste/app-macos/build/DerivedData/ModuleCache.noindex/_Builtin_stdatomic-1DH4046ZWQNCKQY1T819VU5UG.pcm /Users/geraltgraham/Codes/NeatPaste/app-macos/build/DerivedData/ModuleCache.noindex/Darwin-2TQQLNN5USAHT7KMW4TTBHXQ.pcm /Users/geraltgraham/Codes/NeatPaste/app-macos/build/DerivedData/ModuleCache.noindex/Foundation-90DIJS7IZAGYW5DDYT5PETR15.pcm /Users/geraltgraham/Codes/NeatPaste/app-macos/build/DerivedData/ModuleCache.noindex/SwiftUICore-D3G5S2HR6YYDDU8ORKF4MTA54.pcm /Users/geraltgraham/Codes/NeatPaste/app-macos/build/DerivedData/ModuleCache.noindex/IOSurface-24QCUXFH80H1YILK0AAWZHZQ7.pcm /Users/geraltgraham/Codes/NeatPaste/app-macos/build/DerivedData/ModuleCache.noindex/_Builtin_stdarg-DZ1TQP20VKJU1EZ3125SM4WCB.pcm /Users/geraltgraham/Codes/NeatPaste/app-macos/build/DerivedData/ModuleCache.noindex/SwiftShims-7EI86ASOBGJXNED1Q82QBNAWH.pcm /Users/geraltgraham/Codes/NeatPaste/app-macos/build/DerivedData/ModuleCache.noindex/UniformTypeIdentifiers-1FOIFBQKIB9LMKM0SZ5SBOION.pcm /Users/geraltgraham/Codes/NeatPaste/app-macos/build/DerivedData/ModuleCache.noindex/OSLog-2UGT7MPT6EKT2KSU8CHRCZB21.pcm /Users/geraltgraham/Codes/NeatPaste/app-macos/build/DerivedData/ModuleCache.noindex/CoreGraphics-2P8JVRR4GDQQKQUKIN025381J.pcm /Users/geraltgraham/Codes/NeatPaste/app-macos/build/DerivedData/ModuleCache.noindex/CoreFoundation-CH0BF2UTDM0M966VWHBSQV3DQ.pcm /Users/geraltgraham/Codes/NeatPaste/app-macos/build/DerivedData/ModuleCache.noindex/ApplicationServices-6CUFOGQJ943RIW2IYK3SLIJIZ.pcm /Users/geraltgraham/Codes/NeatPaste/app-macos/build/DerivedData/Build/Intermediates.noindex/MacKit.build/Release/MacKitOverlay.build/Objects-normal/x86_64/MacKitOverlay-dependencies-1.json (in target 'MacKitOverlay' from project 'MacKit')
SwiftCompile normal x86_64 /Users/geraltgraham/Codes/NeatPaste/app-macos/build/DerivedData/SourcePackages/checkouts/mac-kit-swift/Sources/MacKitOverlay/OutsideClickMonitor.swift (in target 'MacKitOverlay' from project 'MacKit')
    cd /Users/geraltgraham/Codes/NeatPaste/app-macos/NeatPaste.xcodeproj
    

SwiftDriver\ Compilation MacKitOverlay normal x86_64 com.apple.xcode.tools.swift.compiler (in target 'MacKitOverlay' from project 'MacKit')
    cd /Users/geraltgraham/Codes/NeatPaste/app-macos/NeatPaste.xcodeproj
    builtin-Swift-Compilation -- /Applications/Xcode.app/Contents/Developer/Toolchains/XcodeDefault.xctoolchain/usr/bin/swiftc -module-name MacKitOverlay -O -whole-module-optimization -enforce-exclusivity\=checked @/Users/geraltgraham/Codes/NeatPaste/app-macos/build/DerivedData/Build/Intermediates.noindex/MacKit.build/Release/MacKitOverlay.build/Objects-normal/x86_64/MacKitOverlay.SwiftFileList -DSWIFT_PACKAGE -DSWIFT_MODULE_RESOURCE_BUNDLE_UNAVAILABLE -DXcode -plugin-path /Applications/Xcode.app/Contents/Developer/Toolchains/XcodeDefault.xctoolchain/usr/lib/swift/host/plugins/testing -enable-experimental-feature DebugDescriptionMacro -sdk /Applications/Xcode.app/Contents/Developer/Platforms/MacOSX.platform/Developer/SDKs/MacOSX26.2.sdk -target x86_64-apple-macos14.0 -g -module-cache-path /Users/geraltgraham/Codes/NeatPaste/app-macos/build/DerivedData/ModuleCache.noindex -Xfrontend -serialize-debugging-options -suppress-warnings -swift-version 6 -I /Users/geraltgraham/Codes/NeatPaste/app-macos/build/DerivedData/Build/Products/Release -Isystem /Applications/Xcode.app/Contents/Developer/Platforms/MacOSX.platform/Developer/usr/lib -F /Users/geraltgraham/Codes/NeatPaste/app-macos/build/DerivedData/Build/Products/Release/PackageFrameworks -F /Users/geraltgraham/Codes/NeatPaste/app-macos/build/DerivedData/Build/Products/Release -F /Applications/Xcode.app/Contents/Developer/Platforms/MacOSX.platform/Developer/Library/Frameworks -parse-as-library -c -num-threads 8 -Xcc -ivfsstatcache -Xcc /Users/geraltgraham/Codes/NeatPaste/app-macos/build/DerivedData/SDKStatCaches.noindex/macosx26.2-25C58-e8867d0c40613ffc63e0238af232dc5000fa09913b459cbbc988d1f6730289ae.sdkstatcache -output-file-map /Users/geraltgraham/Codes/NeatPaste/app-macos/build/DerivedData/Build/Intermediates.noindex/MacKit.build/Release/MacKitOverlay.build/Objects-normal/x86_64/MacKitOverlay-OutputFileMap.json -use-frontend-parseable-output -save-temps -no-color-diagnostics -explicit-module-build -module-cache-path /Users/geraltgraham/Codes/NeatPaste/app-macos/build/DerivedData/Build/Intermediates.noindex/SwiftExplicitPrecompiledModules -clang-scanner-module-cache-path /Users/geraltgraham/Codes/NeatPaste/app-macos/build/DerivedData/ModuleCache.noindex -sdk-module-cache-path /Users/geraltgraham/Codes/NeatPaste/app-macos/build/DerivedData/ModuleCache.noindex -serialize-diagnostics -emit-dependencies -emit-module -emit-module-path /Users/geraltgraham/Codes/NeatPaste/app-macos/build/DerivedData/Build/Intermediates.noindex/MacKit.build/Release/MacKitOverlay.build/Objects-normal/x86_64/MacKitOverlay.swiftmodule -user-module-version 0.1.4 -validate-clang-modules-once -clang-build-session-file /Users/geraltgraham/Codes/NeatPaste/app-macos/build/DerivedData/ModuleCache.noindex/Session.modulevalidation -package-name mac_kit_swift -Xcc -I/Users/geraltgraham/Codes/NeatPaste/app-macos/build/DerivedData/Build/Intermediates.noindex/MacKit.build/Release/MacKitOverlay.build/swift-overrides.hmap -emit-const-values -Xfrontend -const-gather-protocols-file -Xfrontend /Users/geraltgraham/Codes/NeatPaste/app-macos/build/DerivedData/Build/Intermediates.noindex/MacKit.build/Release/MacKitOverlay.build/Objects-normal/x86_64/MacKitOverlay_const_extract_protocols.json -Xcc -I/Users/geraltgraham/Codes/NeatPaste/app-macos/build/DerivedData/Build/Products/Release/include -Xcc -I/Users/geraltgraham/Codes/NeatPaste/app-macos/build/DerivedData/Build/Intermediates.noindex/MacKit.build/Release/MacKitOverlay.build/DerivedSources-normal/x86_64 -Xcc -I/Users/geraltgraham/Codes/NeatPaste/app-macos/build/DerivedData/Build/Intermediates.noindex/MacKit.build/Release/MacKitOverlay.build/DerivedSources/x86_64 -Xcc -I/Users/geraltgraham/Codes/NeatPaste/app-macos/build/DerivedData/Build/Intermediates.noindex/MacKit.build/Release/MacKitOverlay.build/DerivedSources -Xcc -DSWIFT_PACKAGE -emit-objc-header -emit-objc-header-path /Users/geraltgraham/Codes/NeatPaste/app-macos/build/DerivedData/Build/Intermediates.noindex/MacKit.build/Release/MacKitOverlay.build/Objects-normal/x86_64/MacKitOverlay-Swift.h -working-directory /Users/geraltgraham/Codes/NeatPaste/app-macos/NeatPaste.xcodeproj -no-emit-module-separately-wmo

SwiftCompile normal x86_64 Compiling\ SparkleUpdateChecker.swift /Users/geraltgraham/Codes/NeatPaste/app-macos/build/DerivedData/SourcePackages/checkouts/mac-kit-swift/Sources/MacKitUpdater/SparkleUpdateChecker.swift /Applications/Xcode.app/Contents/Developer/Toolchains/XcodeDefault.xctoolchain/usr/lib/swift/macosx/prebuilt-modules/26.2/Swift.swiftmodule/x86_64-apple-macos.swiftmodule /Applications/Xcode.app/Contents/Developer/Toolchains/XcodeDefault.xctoolchain/usr/lib/swift/macosx/prebuilt-modules/26.2/System.swiftmodule/x86_64-apple-macos.swiftmodule /Applications/Xcode.app/Contents/Developer/Toolchains/XcodeDefault.xctoolchain/usr/lib/swift/macosx/prebuilt-modules/26.2/_DarwinFoundation3.swiftmodule/x86_64-apple-macos.swiftmodule /Applications/Xcode.app/Contents/Developer/Toolchains/XcodeDefault.xctoolchain/usr/lib/swift/macosx/prebuilt-modules/26.2/_Concurrency.swiftmodule/x86_64-apple-macos.swiftmodule /Applications/Xcode.app/Contents/Developer/Toolchains/XcodeDefault.xctoolchain/usr/lib/swift/macosx/prebuilt-modules/26.2/IOKit.swiftmodule/x86_64-apple-macos.swiftmodule /Applications/Xcode.app/Contents/Developer/Toolchains/XcodeDefault.xctoolchain/usr/lib/swift/macosx/prebuilt-modules/26.2/_DarwinFoundation1.swiftmodule/x86_64-apple-macos.swiftmodule /Applications/Xcode.app/Contents/Developer/Toolchains/XcodeDefault.xctoolchain/usr/lib/swift/macosx/prebuilt-modules/26.2/XPC.swiftmodule/x86_64-apple-macos.swiftmodule /Applications/Xcode.app/Contents/Developer/Toolchains/XcodeDefault.xctoolchain/usr/lib/swift/macosx/prebuilt-modules/26.2/CoreFoundation.swiftmodule/x86_64-apple-macos.swiftmodule /Applications/Xcode.app/Contents/Developer/Toolchains/XcodeDefault.xctoolchain/usr/lib/swift/macosx/prebuilt-modules/26.2/Dispatch.swiftmodule/x86_64-apple-macos.swiftmodule /Applications/Xcode.app/Contents/Developer/Toolchains/XcodeDefault.xctoolchain/usr/lib/swift/macosx/prebuilt-modules/26.2/Combine.swiftmodule/x86_64-apple-macos.swiftmodule /Applications/Xcode.app/Contents/Developer/Toolchains/XcodeDefault.xctoolchain/usr/lib/swift/macosx/prebuilt-modules/26.2/Darwin.swiftmodule/x86_64-apple-macos.swiftmodule /Applications/Xcode.app/Contents/Developer/Toolchains/XcodeDefault.xctoolchain/usr/lib/swift/macosx/prebuilt-modules/26.2/ObjectiveC.swiftmodule/x86_64-apple-macos.swiftmodule /Applications/Xcode.app/Contents/Developer/Toolchains/XcodeDefault.xctoolchain/usr/lib/swift/macosx/prebuilt-modules/26.2/_StringProcessing.swiftmodule/x86_64-apple-macos.swiftmodule /Applications/Xcode.app/Contents/Developer/Toolchains/XcodeDefault.xctoolchain/usr/lib/swift/macosx/prebuilt-modules/26.2/Observation.swiftmodule/x86_64-apple-macos.swiftmodule /Applications/Xcode.app/Contents/Developer/Toolchains/XcodeDefault.xctoolchain/usr/lib/swift/macosx/prebuilt-modules/26.2/_DarwinFoundation2.swiftmodule/x86_64-apple-macos.swiftmodule /Applications/Xcode.app/Contents/Developer/Toolchains/XcodeDefault.xctoolchain/usr/lib/swift/macosx/prebuilt-modules/26.2/_Builtin_float.swiftmodule/x86_64-apple-macos.swiftmodule /Users/geraltgraham/Codes/NeatPaste/app-macos/build/DerivedData/Build/Products/Release/MacKitCore.swiftmodule/x86_64-apple-macos.swiftmodule /Applications/Xcode.app/Contents/Developer/Toolchains/XcodeDefault.xctoolchain/usr/lib/swift/macosx/prebuilt-modules/26.2/Foundation.swiftmodule/x86_64-apple-macos.swiftmodule /Users/geraltgraham/Codes/NeatPaste/app-macos/build/DerivedData/ModuleCache.noindex/MachO-BS7PR79MOPYKJELPIP1GT52SD.pcm /Users/geraltgraham/Codes/NeatPaste/app-macos/build/DerivedData/ModuleCache.noindex/_AvailabilityInternal-E9MGRXTKA213NKHVA5IWGYZMI.pcm /Users/geraltgraham/Codes/NeatPaste/app-macos/build/DerivedData/ModuleCache.noindex/XPC-9LGHAQZ88QASY4SGW2NU3KODG.pcm /Users/geraltgraham/Codes/NeatPaste/app-macos/build/DerivedData/ModuleCache.noindex/_DarwinFoundation3-20JPK8N6C07JJP54M7DQVBOJ0.pcm /Users/geraltgraham/Codes/NeatPaste/app-macos/build/DerivedData/ModuleCache.noindex/_Builtin_float-621E62OSO0M88AX476EYUFGM5.pcm /Users/geraltgraham/Codes/NeatPaste/app-macos/build/DerivedData/Build/Intermediates.noindex/SwiftExplicitPrecompiledModules/Sparkle-3PRNLYCVGKH8FYVL57EA9Q62T.pcm /Users/geraltgraham/Codes/NeatPaste/app-macos/build/DerivedData/ModuleCache.noindex/libkern-8RWU1PYWIN6WZKS3PR3GWSOWP.pcm /Users/geraltgraham/Codes/NeatPaste/app-macos/build/DerivedData/ModuleCache.noindex/launch-4TRG0TC33B2SD1DDGFBQ4PJJ5.pcm /Users/geraltgraham/Codes/NeatPaste/app-macos/build/DerivedData/ModuleCache.noindex/CoreFoundation-CH0BF2UTDM0M966VWHBSQV3DQ.pcm /Users/geraltgraham/Codes/NeatPaste/app-macos/build/DerivedData/ModuleCache.noindex/Dispatch-5FED5IFTTW31OV1QKVPSOIYBH.pcm /Users/geraltgraham/Codes/NeatPaste/app-macos/build/DerivedData/ModuleCache.noindex/_SwiftConcurrencyShims-4VHUJTMTR974006FR206IRTTJ.pcm /Users/geraltgraham/Codes/NeatPaste/app-macos/build/DerivedData/ModuleCache.noindex/ptrauth-3CDIMPEZ7BFDBYDFM22BAO6Y1.pcm /Users/geraltgraham/Codes/NeatPaste/app-macos/build/DerivedData/ModuleCache.noindex/os_workgroup-24WML45FF44ED87M3GDKMBK3T.pcm /Users/geraltgraham/Codes/NeatPaste/app-macos/build/DerivedData/ModuleCache.noindex/IOKit-65ML938OS433SRZEF61AAW3I3.pcm /Users/geraltgraham/Codes/NeatPaste/app-macos/build/DerivedData/ModuleCache.noindex/ptrcheck-CNWIWNJ6DGY44DVCCS4X7EWFK.pcm /Users/geraltgraham/Codes/NeatPaste/app-macos/build/DerivedData/ModuleCache.noindex/SwiftShims-7EI86ASOBGJXNED1Q82QBNAWH.pcm /Users/geraltgraham/Codes/NeatPaste/app-macos/build/DerivedData/ModuleCache.noindex/_Builtin_stddef-600RENDZ2LWTMQ2DPMFI9B6RL.pcm /Users/geraltgraham/Codes/NeatPaste/app-macos/build/DerivedData/ModuleCache.noindex/_DarwinFoundation1-8OC7IE95H906YUQYYSIHZUOTR.pcm /Users/geraltgraham/Codes/NeatPaste/app-macos/build/DerivedData/ModuleCache.noindex/_Builtin_limits-AKPW3EWAW4NTNROS2IA44M68X.pcm /Users/geraltgraham/Codes/NeatPaste/app-macos/build/DerivedData/ModuleCache.noindex/Foundation-90DIJS7IZAGYW5DDYT5PETR15.pcm /Users/geraltgraham/Codes/NeatPaste/app-macos/build/DerivedData/ModuleCache.noindex/_Builtin_inttypes-DDU5QP7X0WO8HKINC78OORO93.pcm /Users/geraltgraham/Codes/NeatPaste/app-macos/build/DerivedData/ModuleCache.noindex/libDER-AT0H9LT32LUA3464HLK5JK6WD.pcm /Users/geraltgraham/Codes/NeatPaste/app-macos/build/DerivedData/ModuleCache.noindex/Security-3YEULVKZJX3KYXG7VMA7PXTY1.pcm /Users/geraltgraham/Codes/NeatPaste/app-macos/build/DerivedData/ModuleCache.noindex/sys_types-AQPSOWAW51AHIW61CULZNADSC.pcm /Users/geraltgraham/Codes/NeatPaste/app-macos/build/DerivedData/ModuleCache.noindex/_Builtin_stdarg-DZ1TQP20VKJU1EZ3125SM4WCB.pcm /Users/geraltgraham/Codes/NeatPaste/app-macos/build/DerivedData/ModuleCache.noindex/CFNetwork-3GS9NTBBT1NB1NR47L1K6OJEI.pcm /Users/geraltgraham/Codes/NeatPaste/app-macos/build/DerivedData/ModuleCache.noindex/CoreServices-1LG8QNLMZ8SFA35O6N3KLV3G0.pcm /Users/geraltgraham/Codes/NeatPaste/app-macos/build/DerivedData/ModuleCache.noindex/os_object-1PVRF2285U51G6LSCJ2VN7AZF.pcm /Users/geraltgraham/Codes/NeatPaste/app-macos/build/DerivedData/ModuleCache.noindex/ObjectiveC-BZ8VU3KPRY4JYJZN9JF454OGI.pcm /Users/geraltgraham/Codes/NeatPaste/app-macos/build/DerivedData/ModuleCache.noindex/_Builtin_stdint-6KX331EEUBQYQFBCVERL91D2K.pcm /Users/geraltgraham/Codes/NeatPaste/app-macos/build/DerivedData/ModuleCache.noindex/_DarwinFoundation2-96FGUTC1XF3XN68ZDA44NX1CS.pcm /Users/geraltgraham/Codes/NeatPaste/app-macos/build/DerivedData/ModuleCache.noindex/_Builtin_intrinsics-5XXAY3BL0WE3OTDVNS99HO1S1.pcm /Users/geraltgraham/Codes/NeatPaste/app-macos/build/DerivedData/ModuleCache.noindex/Darwin-2TQQLNN5USAHT7KMW4TTBHXQ.pcm /Users/geraltgraham/Codes/NeatPaste/app-macos/build/DerivedData/ModuleCache.noindex/_Builtin_stdbool-B551NLCXA4AKXL73VBP7WECE6.pcm /Users/geraltgraham/Codes/NeatPaste/app-macos/build/DerivedData/ModuleCache.noindex/DiskArbitration-C73DBQUSB0Q5AETDJBVKLB82C.pcm /Users/geraltgraham/Codes/NeatPaste/app-macos/build/DerivedData/Build/Intermediates.noindex/MacKit.build/Release/MacKitUpdater.build/Objects-normal/x86_64/MacKitUpdater-dependencies-1.json (in target 'MacKitUpdater' from project 'MacKit')

SwiftCompile normal x86_64 /Users/geraltgraham/Codes/NeatPaste/app-macos/build/DerivedData/SourcePackages/checkouts/mac-kit-swift/Sources/MacKitUpdater/SparkleUpdateChecker.swift (in target 'MacKitUpdater' from project 'MacKit')
    cd /Users/geraltgraham/Codes/NeatPaste/app-macos/NeatPaste.xcodeproj
    

SwiftCompile normal arm64 Compiling\ OutsideClickMonitor.swift /Users/geraltgraham/Codes/NeatPaste/app-macos/build/DerivedData/SourcePackages/checkouts/mac-kit-swift/Sources/MacKitOverlay/OutsideClickMonitor.swift /Applications/Xcode.app/Contents/Developer/Toolchains/XcodeDefault.xctoolchain/usr/lib/swift/macosx/prebuilt-modules/26.2/_StringProcessing.swiftmodule/arm64e-apple-macos.swiftmodule /Applications/Xcode.app/Contents/Developer/Toolchains/XcodeDefault.xctoolchain/usr/lib/swift/macosx/prebuilt-modules/26.2/DeveloperToolsSupport.swiftmodule/arm64e-apple-macos.swiftmodule /Applications/Xcode.app/Contents/Developer/Toolchains/XcodeDefault.xctoolchain/usr/lib/swift/macosx/prebuilt-modules/26.2/CoreVideo.swiftmodule/arm64e-apple-macos.swiftmodule /Applications/Xcode.app/Contents/Developer/Toolchains/XcodeDefault.xctoolchain/usr/lib/swift/macosx/prebuilt-modules/26.2/CoreGraphics.swiftmodule/arm64e-apple-macos.swiftmodule /Applications/Xcode.app/Contents/Developer/Toolchains/XcodeDefault.xctoolchain/usr/lib/swift/macosx/prebuilt-modules/26.2/ObjectiveC.swiftmodule/arm64e-apple-macos.swiftmodule /Applications/Xcode.app/Contents/Developer/Toolchains/XcodeDefault.xctoolchain/usr/lib/swift/macosx/prebuilt-modules/26.2/DataDetection.swiftmodule/arm64e-apple-macos.swiftmodule /Applications/Xcode.app/Contents/Developer/Toolchains/XcodeDefault.xctoolchain/usr/lib/swift/macosx/prebuilt-modules/26.2/SwiftUICore.swiftmodule/arm64e-apple-macos.swiftmodule /Applications/Xcode.app/Contents/Developer/Toolchains/XcodeDefault.xctoolchain/usr/lib/swift/macosx/prebuilt-modules/26.2/Symbols.swiftmodule/arm64e-apple-macos.swiftmodule /Applications/Xcode.app/Contents/Developer/Toolchains/XcodeDefault.xctoolchain/usr/lib/swift/macosx/prebuilt-modules/26.2/CoreTransferable.swiftmodule/arm64e-apple-macos.swiftmodule /Applications/Xcode.app/Contents/Developer/Toolchains/XcodeDefault.xctoolchain/usr/lib/swift/macosx/prebuilt-modules/26.2/Combine.swiftmodule/arm64e-apple-macos.swiftmodule /Applications/Xcode.app/Contents/Developer/Toolchains/XcodeDefault.xctoolchain/usr/lib/swift/macosx/prebuilt-modules/26.2/Swift.swiftmodule/arm64e-apple-macos.swiftmodule /Applications/Xcode.app/Contents/Developer/Toolchains/XcodeDefault.xctoolchain/usr/lib/swift/macosx/prebuilt-modules/26.2/CoreFoundation.swiftmodule/arm64e-apple-macos.swiftmodule /Applications/Xcode.app/Contents/Developer/Toolchains/XcodeDefault.xctoolchain/usr/lib/swift/macosx/prebuilt-modules/26.2/Dispatch.swiftmodule/arm64e-apple-macos.swiftmodule /Applications/Xcode.app/Contents/Developer/Toolchains/XcodeDefault.xctoolchain/usr/lib/swift/macosx/prebuilt-modules/26.2/OSLog.swiftmodule/arm64e-apple-macos.swiftmodule /Applications/Xcode.app/Contents/Developer/Toolchains/XcodeDefault.xctoolchain/usr/lib/swift/macosx/prebuilt-modules/26.2/Foundation.swiftmodule/arm64e-apple-macos.swiftmodule /Applications/Xcode.app/Contents/Developer/Toolchains/XcodeDefault.xctoolchain/usr/lib/swift/macosx/prebuilt-modules/26.2/_DarwinFoundation2.swiftmodule/arm64e-apple-macos.swiftmodule /Applications/Xcode.app/Contents/Developer/Toolchains/XcodeDefault.xctoolchain/usr/lib/swift/macosx/prebuilt-modules/26.2/_Concurrency.swiftmodule/arm64e-apple-macos.swiftmodule /Applications/Xcode.app/Contents/Developer/Toolchains/XcodeDefault.xctoolchain/usr/lib/swift/macosx/prebuilt-modules/26.2/_DarwinFoundation3.swiftmodule/arm64e-apple-macos.swiftmodule /Applications/Xcode.app/Contents/Developer/Toolchains/XcodeDefault.xctoolchain/usr/lib/swift/macosx/prebuilt-modules/26.2/Metal.swiftmodule/arm64e-apple-macos.swiftmodule /Applications/Xcode.app/Contents/Developer/Toolchains/XcodeDefault.xctoolchain/usr/lib/swift/macosx/prebuilt-modules/26.2/CoreText.swiftmodule/arm64e-apple-macos.swiftmodule /Applications/Xcode.app/Contents/Developer/Toolchains/XcodeDefault.xctoolchain/usr/lib/swift/macosx/prebuilt-modules/26.2/CoreData.swiftmodule/arm64e-apple-macos.swiftmodule /Applications/Xcode.app/Contents/Developer/Toolchains/XcodeDefault.xctoolchain/usr/lib/swift/macosx/prebuilt-modules/26.2/System.swiftmodule/arm64e-apple-macos.swiftmodule /Applications/Xcode.app/Contents/Developer/Toolchains/XcodeDefault.xctoolchain/usr/lib/swift/macosx/prebuilt-modules/26.2/Observation.swiftmodule/arm64e-apple-macos.swiftmodule /Applications/Xcode.app/Contents/Developer/Toolchains/XcodeDefault.xctoolchain/usr/lib/swift/macosx/prebuilt-modules/26.2/_DarwinFoundation1.swiftmodule/arm64e-apple-macos.swiftmodule /Applications/Xcode.app/Contents/Developer/Toolchains/XcodeDefault.xctoolchain/usr/lib/swift/macosx/prebuilt-modules/26.2/os.swiftmodule/arm64e-apple-macos.swiftmodule /Applications/Xcode.app/Contents/Developer/Toolchains/XcodeDefault.xctoolchain/usr/lib/swift/macosx/prebuilt-modules/26.2/Darwin.swiftmodule/arm64e-apple-macos.swiftmodule /Applications/Xcode.app/Contents/Developer/Toolchains/XcodeDefault.xctoolchain/usr/lib/swift/macosx/prebuilt-modules/26.2/simd.swiftmodule/arm64e-apple-macos.swiftmodule /Applications/Xcode.app/Contents/Developer/Toolchains/XcodeDefault.xctoolchain/usr/lib/swift/macosx/prebuilt-modules/26.2/QuartzCore.swiftmodule/arm64e-apple-macos.swiftmodule /Users/geraltgraham/Codes/NeatPaste/app-macos/build/DerivedData/Build/Products/Release/MacKitCore.swiftmodule/arm64-apple-macos.swiftmodule /Applications/Xcode.app/Contents/Developer/Toolchains/XcodeDefault.xctoolchain/usr/lib/swift/macosx/prebuilt-modules/26.2/CoreImage.swiftmodule/arm64e-apple-macos.swiftmodule /Applications/Xcode.app/Contents/Developer/Toolchains/XcodeDefault.xctoolchain/usr/lib/swift/macosx/prebuilt-modules/26.2/_Builtin_float.swiftmodule/arm64e-apple-macos.swiftmodule /Applications/Xcode.app/Contents/Developer/Toolchains/XcodeDefault.xctoolchain/usr/lib/swift/macosx/prebuilt-modules/26.2/UniformTypeIdentifiers.swiftmodule/arm64e-apple-macos.swiftmodule /Applications/Xcode.app/Contents/Developer/Toolchains/XcodeDefault.xctoolchain/usr/lib/swift/macosx/prebuilt-modules/26.2/IOKit.swiftmodule/arm64e-apple-macos.swiftmodule /Applications/Xcode.app/Contents/Developer/Toolchains/XcodeDefault.xctoolchain/usr/lib/swift/macosx/prebuilt-modules/26.2/Accessibility.swiftmodule/arm64e-apple-macos.swiftmodule /Applications/Xcode.app/Contents/Developer/Toolchains/XcodeDefault.xctoolchain/usr/lib/swift/macosx/prebuilt-modules/26.2/AppKit.swiftmodule/arm64e-apple-macos.swiftmodule /Applications/Xcode.app/Contents/Developer/Toolchains/XcodeDefault.xctoolchain/usr/lib/swift/macosx/prebuilt-modules/26.2/XPC.swiftmodule/arm64e-apple-macos.swiftmodule /Users/geraltgraham/Codes/NeatPaste/app-macos/build/DerivedData/ModuleCache.noindex/_Builtin_inttypes-CPRY3LUE3DXFVEP5427QKEHO3.pcm /Users/geraltgraham/Codes/NeatPaste/app-macos/build/DerivedData/ModuleCache.noindex/ptrauth-7KUHPYKIGTNTCXIJGMDGZH6PL.pcm /Users/geraltgraham/Codes/NeatPaste/app-macos/build/DerivedData/ModuleCache.noindex/SwiftShims-3GQA22IRDAI597RGCSMPKBUJY.pcm /Users/geraltgraham/Codes/NeatPaste/app-macos/build/DerivedData/ModuleCache.noindex/AppKit-87YDH99IG9GRO0W1FYIUZ5HN7.pcm /Users/geraltgraham/Codes/NeatPaste/app-macos/build/DerivedData/ModuleCache.noindex/CoreServices-7KTR68W580WS2H3JAB5OOCVN7.pcm /Users/geraltgraham/Codes/NeatPaste/app-macos/build/DerivedData/ModuleCache.noindex/os_workgroup-4TXSR1EJVOL0BL3VXOKDHSXXW.pcm /Users/geraltgraham/Codes/NeatPaste/app-macos/build/DerivedData/ModuleCache.noindex/UniformTypeIdentifiers-71BS6EEP6XI8WPD1AA1WR3ELF.pcm /Users/geraltgraham/Codes/NeatPaste/app-macos/build/DerivedData/ModuleCache.noindex/_Builtin_stddef-7TF1TWHEU90HVMDLOZZEE56QD.pcm /Users/geraltgraham/Codes/NeatPaste/app-macos/build/DerivedData/ModuleCache.noindex/_SwiftConcurrencyShims-BDP01P6OKU8A8ACGO8TCC7OQ3.pcm /Users/geraltgraham/Codes/NeatPaste/app-macos/build/DerivedData/ModuleCache.noindex/Symbols-7D9QS2TNO9KXSV25X6LYZJQ85.pcm /Users/geraltgraham/Codes/NeatPaste/app-macos/build/DerivedData/ModuleCache.noindex/CFNetwork-BJ4RN12DHLDFF0I3QC7LA1AK3.pcm /Users/geraltgraham/Codes/NeatPaste/app-macos/build/DerivedData/ModuleCache.noindex/launch-82201O9EZXFWE7OVPL009ZSQN.pcm /Users/geraltgraham/Codes/NeatPaste/app-macos/build/DerivedData/ModuleCache.noindex/OSLog-9ODRFLGAR7P6U27IM9W2RFEUK.pcm /Users/geraltgraham/Codes/NeatPaste/app-macos/build/DerivedData/ModuleCache.noindex/CoreData-4NFQJPZUCDTA6MNOW1Q5XPGBW.pcm /Users/geraltgraham/Codes/NeatPaste/app-macos/build/DerivedData/ModuleCache.noindex/IOSurface-C4G2993D9MXW6IMGCZUING6V6.pcm /Users/geraltgraham/Codes/NeatPaste/app-macos/build/DerivedData/ModuleCache.noindex/os-CZHLUW5P1VKJPM8Y1OPI0DG4U.pcm /Users/geraltgraham/Codes/NeatPaste/app-macos/build/DerivedData/ModuleCache.noindex/Foundation-6GQOODQ0EC5DCUE7PTWG496G2.pcm /Users/geraltgraham/Codes/NeatPaste/app-macos/build/DerivedData/ModuleCache.noindex/ptrcheck-6GR9661DAZ420N8LV6Q96WUD2.pcm /Users/geraltgraham/Codes/NeatPaste/app-macos/build/DerivedData/ModuleCache.noindex/Security-7N4LRJYRPL2FP08B732L4G26F.pcm /Users/geraltgraham/Codes/NeatPaste/app-macos/build/DerivedData/ModuleCache.noindex/DeveloperToolsSupport-BXBSL7EL6JJHD7RV3JHKAAJ8K.pcm /Users/geraltgraham/Codes/NeatPaste/app-macos/build/DerivedData/ModuleCache.noindex/_DarwinFoundation3-PJ615H9D85F42HA3JOU3QSGU.pcm /Users/geraltgraham/Codes/NeatPaste/app-macos/build/DerivedData/ModuleCache.noindex/CoreFoundation-5D9F45F2SNHFSNDUM58JD3UPE.pcm /Users/geraltgraham/Codes/NeatPaste/app-macos/build/DerivedData/ModuleCache.noindex/_Builtin_stdbool-D3WF8MSC2N9YLV0SN7WZZQEW1.pcm /Users/geraltgraham/Codes/NeatPaste/app-macos/build/DerivedData/ModuleCache.noindex/QuartzCore-734P6BK2BF7QJHRJWY2YDDSI1.pcm /Users/geraltgraham/Codes/NeatPaste/app-macos/build/DerivedData/ModuleCache.noindex/CUPS-3KSZW17A6LJ2S0CBAN0L9YNCT.pcm /Users/geraltgraham/Codes/NeatPaste/app-macos/build/DerivedData/ModuleCache.noindex/CoreTransferable-4V6QYGXZ2STKNHHZ0TO7E5ZCU.pcm /Users/geraltgraham/Codes/NeatPaste/app-macos/build/DerivedData/ModuleCache.noindex/sys_types-4A3Y5UA5CVRJQ5R9RJ11HYFGT.pcm /Users/geraltgraham/Codes/NeatPaste/app-macos/build/DerivedData/ModuleCache.noindex/_DarwinFoundation2-AC9OD7W4N88KYSKNUVSNN6FFP.pcm /Users/geraltgraham/Codes/NeatPaste/app-macos/build/DerivedData/ModuleCache.noindex/_Builtin_limits-5HKTMMB9GPSW0BHJQABQIDZ3R.pcm /Users/geraltgraham/Codes/NeatPaste/app-macos/build/DerivedData/ModuleCache.noindex/CoreGraphics-8NC974GKW7ZYAA2OWDB4TIVN8.pcm /Users/geraltgraham/Codes/NeatPaste/app-macos/build/DerivedData/ModuleCache.noindex/XPC-6KF5V41QT9NJZ9K01JO6920D1.pcm /Users/geraltgraham/Codes/NeatPaste/app-macos/build/DerivedData/ModuleCache.noindex/libkern-CLKOEXX7WTNXX2TTXAX3EN04R.pcm /Users/geraltgraham/Codes/NeatPaste/app-macos/build/DerivedData/ModuleCache.noindex/_Builtin_intrinsics-ER0H0KHBWFXCXNKAI09HPZMJK.pcm /Users/geraltgraham/Codes/NeatPaste/app-macos/build/DerivedData/ModuleCache.noindex/DiskArbitration-EKIYWIQBRPI068IGAXUYWRAK6.pcm /Users/geraltgraham/Codes/NeatPaste/app-macos/build/DerivedData/ModuleCache.noindex/SwiftUICore-6BZTCQ01UUYW8RZPET8DGAAZZ.pcm /Users/geraltgraham/Codes/NeatPaste/app-macos/build/DerivedData/ModuleCache.noindex/_AvailabilityInternal-BWUIOQSBNTEP5CB33QOPOOXZ1.pcm /Users/geraltgraham/Codes/NeatPaste/app-macos/build/DerivedData/ModuleCache.noindex/ApplicationServices-TQKHC01MTND2JRLU0JG6WV83.pcm /Users/geraltgraham/Codes/NeatPaste/app-macos/build/DerivedData/ModuleCache.noindex/_Builtin_stdarg-3DYKW71XR7DTFOR1GZK0JIRH2.pcm /Users/geraltgraham/Codes/NeatPaste/app-macos/build/DerivedData/ModuleCache.noindex/_DarwinFoundation1-BB9DZOHVB9KKTLZYMG5RS8XFT.pcm /Users/geraltgraham/Codes/NeatPaste/app-macos/build/DerivedData/ModuleCache.noindex/CoreVideo-86I4LTBPT6V93NEK6KT0JBYD.pcm /Users/geraltgraham/Codes/NeatPaste/app-macos/build/DerivedData/ModuleCache.noindex/CoreText-7P82XYLMTCJEHJPKM686ULKI9.pcm /Users/geraltgraham/Codes/NeatPaste/app-macos/build/DerivedData/ModuleCache.noindex/Darwin-B9QRQH1EJ3OLO0KWDJQ5TAS27.pcm /Users/geraltgraham/Codes/NeatPaste/app-macos/build/DerivedData/ModuleCache.noindex/DataDetection-4KQAFACHQKV5KU9LWQILSLGUZ.pcm /Users/geraltgraham/Codes/NeatPaste/app-macos/build/DerivedData/ModuleCache.noindex/Dispatch-BUCU3JQK3VLT4K1Y0BDV98TF4.pcm /Users/geraltgraham/Codes/NeatPaste/app-macos/build/DerivedData/ModuleCache.noindex/simd-9BFPK7VUZK3YF3XBDRVB9W7YM.pcm /Users/geraltgraham/Codes/NeatPaste/app-macos/build/DerivedData/ModuleCache.noindex/libDER-EZCR38TM4WA3M69GZQTEAK0GN.pcm /Users/geraltgraham/Codes/NeatPaste/app-macos/build/DerivedData/ModuleCache.noindex/ColorSync-9YKPM5KJ89Y1A9KL81G5US1WG.pcm /Users/geraltgraham/Codes/NeatPaste/app-macos/build/DerivedData/ModuleCache.noindex/Metal-ODGZA6IKTVJW0HC5CR50K046.pcm /Users/geraltgraham/Codes/NeatPaste/app-macos/build/DerivedData/ModuleCache.noindex/Accessibility-6XAHVT3JNKJG61A8Y2RNKMHGR.pcm /Users/geraltgraham/Codes/NeatPaste/app-macos/build/DerivedData/ModuleCache.noindex/_Builtin_stdatomic-DNJD15YHPUOEA8XMW5A5NBEKO.pcm /Users/geraltgraham/Codes/NeatPaste/app-macos/build/DerivedData/ModuleCache.noindex/OpenGL-7033D3XSEMWYVKTHATQTVR0WJ.pcm /Users/geraltgraham/Codes/NeatPaste/app-macos/build/DerivedData/ModuleCache.noindex/MachO-6CPJYNKLC5A1GTT3VB04ULFDG.pcm /Users/geraltgraham/Codes/NeatPaste/app-macos/build/DerivedData/ModuleCache.noindex/IOKit-C7FD35V3ENOMO2GBH8W78PACS.pcm /Users/geraltgraham/Codes/NeatPaste/app-macos/build/DerivedData/ModuleCache.noindex/ImageIO-6ZL3UPX2HGC7HGZAJZM2ZYG0U.pcm /Users/geraltgraham/Codes/NeatPaste/app-macos/build/DerivedData/ModuleCache.noindex/CoreImage-CP3HX69M6OPCX3J8SWYIKA28V.pcm /Users/geraltgraham/Codes/NeatPaste/app-macos/build/DerivedData/ModuleCache.noindex/_Builtin_tgmath-9EZRMPZ0DZFVTC8JP4LTBV6MX.pcm /Users/geraltgraham/Codes/NeatPaste/app-macos/build/DerivedData/ModuleCache.noindex/_Builtin_float-12AJ912187YGMRGB8M2R56YWY.pcm /Users/geraltgraham/Codes/NeatPaste/app-macos/build/DerivedData/ModuleCache.noindex/_Builtin_stdint-2C4N3W7CRW4VURTEG8WOVR9AW.pcm /Users/geraltgraham/Codes/NeatPaste/app-macos/build/DerivedData/ModuleCache.noindex/os_object-11I6XC2LELQ4T2DNM1GLGFFHO.pcm /Users/geraltgraham/Codes/NeatPaste/app-macos/build/DerivedData/ModuleCache.noindex/ObjectiveC-463IQRX3PM3VF13L7I9G64O8P.pcm /Users/geraltgraham/Codes/NeatPaste/app-macos/build/DerivedData/Build/Intermediates.noindex/MacKit.build/Release/MacKitOverlay.build/Objects-normal/arm64/MacKitOverlay-dependencies-2.json (in target 'MacKitOverlay' from project 'MacKit')
SwiftCompile normal arm64 /Users/geraltgraham/Codes/NeatPaste/app-macos/build/DerivedData/SourcePackages/checkouts/mac-kit-swift/Sources/MacKitOverlay/OutsideClickMonitor.swift (in target 'MacKitOverlay' from project 'MacKit')
    cd /Users/geraltgraham/Codes/NeatPaste/app-macos/NeatPaste.xcodeproj
    

SwiftDriver\ Compilation MacKitOverlay normal arm64 com.apple.xcode.tools.swift.compiler (in target 'MacKitOverlay' from project 'MacKit')
    cd /Users/geraltgraham/Codes/NeatPaste/app-macos/NeatPaste.xcodeproj
    builtin-Swift-Compilation -- /Applications/Xcode.app/Contents/Developer/Toolchains/XcodeDefault.xctoolchain/usr/bin/swiftc -module-name MacKitOverlay -O -whole-module-optimization -enforce-exclusivity\=checked @/Users/geraltgraham/Codes/NeatPaste/app-macos/build/DerivedData/Build/Intermediates.noindex/MacKit.build/Release/MacKitOverlay.build/Objects-normal/arm64/MacKitOverlay.SwiftFileList -DSWIFT_PACKAGE -DSWIFT_MODULE_RESOURCE_BUNDLE_UNAVAILABLE -DXcode -plugin-path /Applications/Xcode.app/Contents/Developer/Toolchains/XcodeDefault.xctoolchain/usr/lib/swift/host/plugins/testing -enable-experimental-feature DebugDescriptionMacro -sdk /Applications/Xcode.app/Contents/Developer/Platforms/MacOSX.platform/Developer/SDKs/MacOSX26.2.sdk -target arm64-apple-macos14.0 -g -module-cache-path /Users/geraltgraham/Codes/NeatPaste/app-macos/build/DerivedData/ModuleCache.noindex -Xfrontend -serialize-debugging-options -suppress-warnings -swift-version 6 -I /Users/geraltgraham/Codes/NeatPaste/app-macos/build/DerivedData/Build/Products/Release -Isystem /Applications/Xcode.app/Contents/Developer/Platforms/MacOSX.platform/Developer/usr/lib -F /Users/geraltgraham/Codes/NeatPaste/app-macos/build/DerivedData/Build/Products/Release/PackageFrameworks -F /Users/geraltgraham/Codes/NeatPaste/app-macos/build/DerivedData/Build/Products/Release -F /Applications/Xcode.app/Contents/Developer/Platforms/MacOSX.platform/Developer/Library/Frameworks -parse-as-library -c -num-threads 8 -Xcc -ivfsstatcache -Xcc /Users/geraltgraham/Codes/NeatPaste/app-macos/build/DerivedData/SDKStatCaches.noindex/macosx26.2-25C58-e8867d0c40613ffc63e0238af232dc5000fa09913b459cbbc988d1f6730289ae.sdkstatcache -output-file-map /Users/geraltgraham/Codes/NeatPaste/app-macos/build/DerivedData/Build/Intermediates.noindex/MacKit.build/Release/MacKitOverlay.build/Objects-normal/arm64/MacKitOverlay-OutputFileMap.json -use-frontend-parseable-output -save-temps -no-color-diagnostics -explicit-module-build -module-cache-path /Users/geraltgraham/Codes/NeatPaste/app-macos/build/DerivedData/Build/Intermediates.noindex/SwiftExplicitPrecompiledModules -clang-scanner-module-cache-path /Users/geraltgraham/Codes/NeatPaste/app-macos/build/DerivedData/ModuleCache.noindex -sdk-module-cache-path /Users/geraltgraham/Codes/NeatPaste/app-macos/build/DerivedData/ModuleCache.noindex -serialize-diagnostics -emit-dependencies -emit-module -emit-module-path /Users/geraltgraham/Codes/NeatPaste/app-macos/build/DerivedData/Build/Intermediates.noindex/MacKit.build/Release/MacKitOverlay.build/Objects-normal/arm64/MacKitOverlay.swiftmodule -user-module-version 0.1.4 -validate-clang-modules-once -clang-build-session-file /Users/geraltgraham/Codes/NeatPaste/app-macos/build/DerivedData/ModuleCache.noindex/Session.modulevalidation -package-name mac_kit_swift -Xcc -I/Users/geraltgraham/Codes/NeatPaste/app-macos/build/DerivedData/Build/Intermediates.noindex/MacKit.build/Release/MacKitOverlay.build/swift-overrides.hmap -emit-const-values -Xfrontend -const-gather-protocols-file -Xfrontend /Users/geraltgraham/Codes/NeatPaste/app-macos/build/DerivedData/Build/Intermediates.noindex/MacKit.build/Release/MacKitOverlay.build/Objects-normal/arm64/MacKitOverlay_const_extract_protocols.json -Xcc -I/Users/geraltgraham/Codes/NeatPaste/app-macos/build/DerivedData/Build/Products/Release/include -Xcc -I/Users/geraltgraham/Codes/NeatPaste/app-macos/build/DerivedData/Build/Intermediates.noindex/MacKit.build/Release/MacKitOverlay.build/DerivedSources-normal/arm64 -Xcc -I/Users/geraltgraham/Codes/NeatPaste/app-macos/build/DerivedData/Build/Intermediates.noindex/MacKit.build/Release/MacKitOverlay.build/DerivedSources/arm64 -Xcc -I/Users/geraltgraham/Codes/NeatPaste/app-macos/build/DerivedData/Build/Intermediates.noindex/MacKit.build/Release/MacKitOverlay.build/DerivedSources -Xcc -DSWIFT_PACKAGE -emit-objc-header -emit-objc-header-path /Users/geraltgraham/Codes/NeatPaste/app-macos/build/DerivedData/Build/Intermediates.noindex/MacKit.build/Release/MacKitOverlay.build/Objects-normal/arm64/MacKitOverlay-Swift.h -working-directory /Users/geraltgraham/Codes/NeatPaste/app-macos/NeatPaste.xcodeproj -no-emit-module-separately-wmo

SwiftCompile normal arm64 Compiling\ SparkleUpdateChecker.swift /Users/geraltgraham/Codes/NeatPaste/app-macos/build/DerivedData/SourcePackages/checkouts/mac-kit-swift/Sources/MacKitUpdater/SparkleUpdateChecker.swift /Applications/Xcode.app/Contents/Developer/Toolchains/XcodeDefault.xctoolchain/usr/lib/swift/macosx/prebuilt-modules/26.2/Darwin.swiftmodule/arm64e-apple-macos.swiftmodule /Applications/Xcode.app/Contents/Developer/Toolchains/XcodeDefault.xctoolchain/usr/lib/swift/macosx/prebuilt-modules/26.2/_StringProcessing.swiftmodule/arm64e-apple-macos.swiftmodule /Applications/Xcode.app/Contents/Developer/Toolchains/XcodeDefault.xctoolchain/usr/lib/swift/macosx/prebuilt-modules/26.2/_Concurrency.swiftmodule/arm64e-apple-macos.swiftmodule /Applications/Xcode.app/Contents/Developer/Toolchains/XcodeDefault.xctoolchain/usr/lib/swift/macosx/prebuilt-modules/26.2/_DarwinFoundation1.swiftmodule/arm64e-apple-macos.swiftmodule /Applications/Xcode.app/Contents/Developer/Toolchains/XcodeDefault.xctoolchain/usr/lib/swift/macosx/prebuilt-modules/26.2/_Builtin_float.swiftmodule/arm64e-apple-macos.swiftmodule /Applications/Xcode.app/Contents/Developer/Toolchains/XcodeDefault.xctoolchain/usr/lib/swift/macosx/prebuilt-modules/26.2/_DarwinFoundation2.swiftmodule/arm64e-apple-macos.swiftmodule /Applications/Xcode.app/Contents/Developer/Toolchains/XcodeDefault.xctoolchain/usr/lib/swift/macosx/prebuilt-modules/26.2/Combine.swiftmodule/arm64e-apple-macos.swiftmodule /Applications/Xcode.app/Contents/Developer/Toolchains/XcodeDefault.xctoolchain/usr/lib/swift/macosx/prebuilt-modules/26.2/Foundation.swiftmodule/arm64e-apple-macos.swiftmodule /Users/geraltgraham/Codes/NeatPaste/app-macos/build/DerivedData/Build/Products/Release/MacKitCore.swiftmodule/arm64-apple-macos.swiftmodule /Applications/Xcode.app/Contents/Developer/Toolchains/XcodeDefault.xctoolchain/usr/lib/swift/macosx/prebuilt-modules/26.2/Dispatch.swiftmodule/arm64e-apple-macos.swiftmodule /Applications/Xcode.app/Contents/Developer/Toolchains/XcodeDefault.xctoolchain/usr/lib/swift/macosx/prebuilt-modules/26.2/System.swiftmodule/arm64e-apple-macos.swiftmodule /Applications/Xcode.app/Contents/Developer/Toolchains/XcodeDefault.xctoolchain/usr/lib/swift/macosx/prebuilt-modules/26.2/Observation.swiftmodule/arm64e-apple-macos.swiftmodule /Applications/Xcode.app/Contents/Developer/Toolchains/XcodeDefault.xctoolchain/usr/lib/swift/macosx/prebuilt-modules/26.2/_DarwinFoundation3.swiftmodule/arm64e-apple-macos.swiftmodule /Applications/Xcode.app/Contents/Developer/Toolchains/XcodeDefault.xctoolchain/usr/lib/swift/macosx/prebuilt-modules/26.2/XPC.swiftmodule/arm64e-apple-macos.swiftmodule /Applications/Xcode.app/Contents/Developer/Toolchains/XcodeDefault.xctoolchain/usr/lib/swift/macosx/prebuilt-modules/26.2/IOKit.swiftmodule/arm64e-apple-macos.swiftmodule /Applications/Xcode.app/Contents/Developer/Toolchains/XcodeDefault.xctoolchain/usr/lib/swift/macosx/prebuilt-modules/26.2/CoreFoundation.swiftmodule/arm64e-apple-macos.swiftmodule /Applications/Xcode.app/Contents/Developer/Toolchains/XcodeDefault.xctoolchain/usr/lib/swift/macosx/prebuilt-modules/26.2/Swift.swiftmodule/arm64e-apple-macos.swiftmodule /Applications/Xcode.app/Contents/Developer/Toolchains/XcodeDefault.xctoolchain/usr/lib/swift/macosx/prebuilt-modules/26.2/ObjectiveC.swiftmodule/arm64e-apple-macos.swiftmodule /Users/geraltgraham/Codes/NeatPaste/app-macos/build/DerivedData/ModuleCache.noindex/_DarwinFoundation3-PJ615H9D85F42HA3JOU3QSGU.pcm /Users/geraltgraham/Codes/NeatPaste/app-macos/build/DerivedData/ModuleCache.noindex/Foundation-6GQOODQ0EC5DCUE7PTWG496G2.pcm /Users/geraltgraham/Codes/NeatPaste/app-macos/build/DerivedData/ModuleCache.noindex/IOKit-C7FD35V3ENOMO2GBH8W78PACS.pcm /Users/geraltgraham/Codes/NeatPaste/app-macos/build/DerivedData/Build/Intermediates.noindex/SwiftExplicitPrecompiledModules/Sparkle-4QHB2JHRGBQILYDXDOC3DFEZ7.pcm /Users/geraltgraham/Codes/NeatPaste/app-macos/build/DerivedData/ModuleCache.noindex/CFNetwork-BJ4RN12DHLDFF0I3QC7LA1AK3.pcm /Users/geraltgraham/Codes/NeatPaste/app-macos/build/DerivedData/ModuleCache.noindex/XPC-6KF5V41QT9NJZ9K01JO6920D1.pcm /Users/geraltgraham/Codes/NeatPaste/app-macos/build/DerivedData/ModuleCache.noindex/sys_types-4A3Y5UA5CVRJQ5R9RJ11HYFGT.pcm /Users/geraltgraham/Codes/NeatPaste/app-macos/build/DerivedData/ModuleCache.noindex/_Builtin_stdbool-D3WF8MSC2N9YLV0SN7WZZQEW1.pcm /Users/geraltgraham/Codes/NeatPaste/app-macos/build/DerivedData/ModuleCache.noindex/CoreServices-7KTR68W580WS2H3JAB5OOCVN7.pcm /Users/geraltgraham/Codes/NeatPaste/app-macos/build/DerivedData/ModuleCache.noindex/ptrcheck-6GR9661DAZ420N8LV6Q96WUD2.pcm /Users/geraltgraham/Codes/NeatPaste/app-macos/build/DerivedData/ModuleCache.noindex/launch-82201O9EZXFWE7OVPL009ZSQN.pcm /Users/geraltgraham/Codes/NeatPaste/app-macos/build/DerivedData/ModuleCache.noindex/_Builtin_stdarg-3DYKW71XR7DTFOR1GZK0JIRH2.pcm /Users/geraltgraham/Codes/NeatPaste/app-macos/build/DerivedData/ModuleCache.noindex/_Builtin_inttypes-CPRY3LUE3DXFVEP5427QKEHO3.pcm /Users/geraltgraham/Codes/NeatPaste/app-macos/build/DerivedData/ModuleCache.noindex/_Builtin_float-12AJ912187YGMRGB8M2R56YWY.pcm /Users/geraltgraham/Codes/NeatPaste/app-macos/build/DerivedData/ModuleCache.noindex/SwiftShims-3GQA22IRDAI597RGCSMPKBUJY.pcm /Users/geraltgraham/Codes/NeatPaste/app-macos/build/DerivedData/ModuleCache.noindex/Security-7N4LRJYRPL2FP08B732L4G26F.pcm /Users/geraltgraham/Codes/NeatPaste/app-macos/build/DerivedData/ModuleCache.noindex/_AvailabilityInternal-BWUIOQSBNTEP5CB33QOPOOXZ1.pcm /Users/geraltgraham/Codes/NeatPaste/app-macos/build/DerivedData/ModuleCache.noindex/_SwiftConcurrencyShims-BDP01P6OKU8A8ACGO8TCC7OQ3.pcm /Users/geraltgraham/Codes/NeatPaste/app-macos/build/DerivedData/ModuleCache.noindex/os_workgroup-4TXSR1EJVOL0BL3VXOKDHSXXW.pcm /Users/geraltgraham/Codes/NeatPaste/app-macos/build/DerivedData/ModuleCache.noindex/ptrauth-7KUHPYKIGTNTCXIJGMDGZH6PL.pcm /Users/geraltgraham/Codes/NeatPaste/app-macos/build/DerivedData/ModuleCache.noindex/MachO-6CPJYNKLC5A1GTT3VB04ULFDG.pcm /Users/geraltgraham/Codes/NeatPaste/app-macos/build/DerivedData/ModuleCache.noindex/Darwin-B9QRQH1EJ3OLO0KWDJQ5TAS27.pcm /Users/geraltgraham/Codes/NeatPaste/app-macos/build/DerivedData/ModuleCache.noindex/_Builtin_limits-5HKTMMB9GPSW0BHJQABQIDZ3R.pcm /Users/geraltgraham/Codes/NeatPaste/app-macos/build/DerivedData/ModuleCache.noindex/os_object-11I6XC2LELQ4T2DNM1GLGFFHO.pcm /Users/geraltgraham/Codes/NeatPaste/app-macos/build/DerivedData/ModuleCache.noindex/libDER-EZCR38TM4WA3M69GZQTEAK0GN.pcm /Users/geraltgraham/Codes/NeatPaste/app-macos/build/DerivedData/ModuleCache.noindex/_Builtin_stdint-2C4N3W7CRW4VURTEG8WOVR9AW.pcm /Users/geraltgraham/Codes/NeatPaste/app-macos/build/DerivedData/ModuleCache.noindex/CoreFoundation-5D9F45F2SNHFSNDUM58JD3UPE.pcm /Users/geraltgraham/Codes/NeatPaste/app-macos/build/DerivedData/ModuleCache.noindex/_DarwinFoundation2-AC9OD7W4N88KYSKNUVSNN6FFP.pcm /Users/geraltgraham/Codes/NeatPaste/app-macos/build/DerivedData/ModuleCache.noindex/_Builtin_stddef-7TF1TWHEU90HVMDLOZZEE56QD.pcm /Users/geraltgraham/Codes/NeatPaste/app-macos/build/DerivedData/ModuleCache.noindex/ObjectiveC-463IQRX3PM3VF13L7I9G64O8P.pcm /Users/geraltgraham/Codes/NeatPaste/app-macos/build/DerivedData/ModuleCache.noindex/DiskArbitration-EKIYWIQBRPI068IGAXUYWRAK6.pcm /Users/geraltgraham/Codes/NeatPaste/app-macos/build/DerivedData/ModuleCache.noindex/libkern-CLKOEXX7WTNXX2TTXAX3EN04R.pcm /Users/geraltgraham/Codes/NeatPaste/app-macos/build/DerivedData/ModuleCache.noindex/Dispatch-BUCU3JQK3VLT4K1Y0BDV98TF4.pcm /Users/geraltgraham/Codes/NeatPaste/app-macos/build/DerivedData/ModuleCache.noindex/_DarwinFoundation1-BB9DZOHVB9KKTLZYMG5RS8XFT.pcm /Users/geraltgraham/Codes/NeatPaste/app-macos/build/DerivedData/Build/Intermediates.noindex/MacKit.build/Release/MacKitUpdater.build/Objects-normal/arm64/MacKitUpdater-dependencies-2.json (in target 'MacKitUpdater' from project 'MacKit')

SwiftCompile normal arm64 /Users/geraltgraham/Codes/NeatPaste/app-macos/build/DerivedData/SourcePackages/checkouts/mac-kit-swift/Sources/MacKitUpdater/SparkleUpdateChecker.swift (in target 'MacKitUpdater' from project 'MacKit')
    cd /Users/geraltgraham/Codes/NeatPaste/app-macos/NeatPaste.xcodeproj
    

SwiftDriver\ Compilation MacKitLaunchAtLogin normal arm64 com.apple.xcode.tools.swift.compiler (in target 'MacKitLaunchAtLogin' from project 'MacKit')
    cd /Users/geraltgraham/Codes/NeatPaste/app-macos/NeatPaste.xcodeproj
    builtin-Swift-Compilation -- /Applications/Xcode.app/Contents/Developer/Toolchains/XcodeDefault.xctoolchain/usr/bin/swiftc -module-name MacKitLaunchAtLogin -O -whole-module-optimization -enforce-exclusivity\=checked @/Users/geraltgraham/Codes/NeatPaste/app-macos/build/DerivedData/Build/Intermediates.noindex/MacKit.build/Release/MacKitLaunchAtLogin.build/Objects-normal/arm64/MacKitLaunchAtLogin.SwiftFileList -DSWIFT_PACKAGE -DSWIFT_MODULE_RESOURCE_BUNDLE_UNAVAILABLE -DXcode -plugin-path /Applications/Xcode.app/Contents/Developer/Toolchains/XcodeDefault.xctoolchain/usr/lib/swift/host/plugins/testing -enable-experimental-feature DebugDescriptionMacro -sdk /Applications/Xcode.app/Contents/Developer/Platforms/MacOSX.platform/Developer/SDKs/MacOSX26.2.sdk -target arm64-apple-macos14.0 -g -module-cache-path /Users/geraltgraham/Codes/NeatPaste/app-macos/build/DerivedData/ModuleCache.noindex -Xfrontend -serialize-debugging-options -suppress-warnings -swift-version 6 -I /Users/geraltgraham/Codes/NeatPaste/app-macos/build/DerivedData/Build/Products/Release -Isystem /Applications/Xcode.app/Contents/Developer/Platforms/MacOSX.platform/Developer/usr/lib -F /Users/geraltgraham/Codes/NeatPaste/app-macos/build/DerivedData/Build/Products/Release/PackageFrameworks -F /Users/geraltgraham/Codes/NeatPaste/app-macos/build/DerivedData/Build/Products/Release -F /Applications/Xcode.app/Contents/Developer/Platforms/MacOSX.platform/Developer/Library/Frameworks -parse-as-library -c -num-threads 8 -Xcc -ivfsstatcache -Xcc /Users/geraltgraham/Codes/NeatPaste/app-macos/build/DerivedData/SDKStatCaches.noindex/macosx26.2-25C58-e8867d0c40613ffc63e0238af232dc5000fa09913b459cbbc988d1f6730289ae.sdkstatcache -output-file-map /Users/geraltgraham/Codes/NeatPaste/app-macos/build/DerivedData/Build/Intermediates.noindex/MacKit.build/Release/MacKitLaunchAtLogin.build/Objects-normal/arm64/MacKitLaunchAtLogin-OutputFileMap.json -use-frontend-parseable-output -save-temps -no-color-diagnostics -explicit-module-build -module-cache-path /Users/geraltgraham/Codes/NeatPaste/app-macos/build/DerivedData/Build/Intermediates.noindex/SwiftExplicitPrecompiledModules -clang-scanner-module-cache-path /Users/geraltgraham/Codes/NeatPaste/app-macos/build/DerivedData/ModuleCache.noindex -sdk-module-cache-path /Users/geraltgraham/Codes/NeatPaste/app-macos/build/DerivedData/ModuleCache.noindex -serialize-diagnostics -emit-dependencies -emit-module -emit-module-path /Users/geraltgraham/Codes/NeatPaste/app-macos/build/DerivedData/Build/Intermediates.noindex/MacKit.build/Release/MacKitLaunchAtLogin.build/Objects-normal/arm64/MacKitLaunchAtLogin.swiftmodule -user-module-version 0.1.4 -validate-clang-modules-once -clang-build-session-file /Users/geraltgraham/Codes/NeatPaste/app-macos/build/DerivedData/ModuleCache.noindex/Session.modulevalidation -package-name mac_kit_swift -Xcc -I/Users/geraltgraham/Codes/NeatPaste/app-macos/build/DerivedData/Build/Intermediates.noindex/MacKit.build/Release/MacKitLaunchAtLogin.build/swift-overrides.hmap -emit-const-values -Xfrontend -const-gather-protocols-file -Xfrontend /Users/geraltgraham/Codes/NeatPaste/app-macos/build/DerivedData/Build/Intermediates.noindex/MacKit.build/Release/MacKitLaunchAtLogin.build/Objects-normal/arm64/MacKitLaunchAtLogin_const_extract_protocols.json -Xcc -I/Users/geraltgraham/Codes/NeatPaste/app-macos/build/DerivedData/Build/Products/Release/include -Xcc -I/Users/geraltgraham/Codes/NeatPaste/app-macos/build/DerivedData/Build/Intermediates.noindex/MacKit.build/Release/MacKitLaunchAtLogin.build/DerivedSources-normal/arm64 -Xcc -I/Users/geraltgraham/Codes/NeatPaste/app-macos/build/DerivedData/Build/Intermediates.noindex/MacKit.build/Release/MacKitLaunchAtLogin.build/DerivedSources/arm64 -Xcc -I/Users/geraltgraham/Codes/NeatPaste/app-macos/build/DerivedData/Build/Intermediates.noindex/MacKit.build/Release/MacKitLaunchAtLogin.build/DerivedSources -Xcc -DSWIFT_PACKAGE -emit-objc-header -emit-objc-header-path /Users/geraltgraham/Codes/NeatPaste/app-macos/build/DerivedData/Build/Intermediates.noindex/MacKit.build/Release/MacKitLaunchAtLogin.build/Objects-normal/arm64/MacKitLaunchAtLogin-Swift.h -working-directory /Users/geraltgraham/Codes/NeatPaste/app-macos/NeatPaste.xcodeproj -no-emit-module-separately-wmo

SwiftDriverJobDiscovery normal arm64 Compiling LaunchAtLoginService.swift (in target 'MacKitLaunchAtLogin' from project 'MacKit')

SwiftDriver\ Compilation\ Requirements MacKitLaunchAtLogin normal arm64 com.apple.xcode.tools.swift.compiler (in target 'MacKitLaunchAtLogin' from project 'MacKit')
    cd /Users/geraltgraham/Codes/NeatPaste/app-macos/NeatPaste.xcodeproj
    builtin-Swift-Compilation-Requirements -- /Applications/Xcode.app/Contents/Developer/Toolchains/XcodeDefault.xctoolchain/usr/bin/swiftc -module-name MacKitLaunchAtLogin -O -whole-module-optimization -enforce-exclusivity\=checked @/Users/geraltgraham/Codes/NeatPaste/app-macos/build/DerivedData/Build/Intermediates.noindex/MacKit.build/Release/MacKitLaunchAtLogin.build/Objects-normal/arm64/MacKitLaunchAtLogin.SwiftFileList -DSWIFT_PACKAGE -DSWIFT_MODULE_RESOURCE_BUNDLE_UNAVAILABLE -DXcode -plugin-path /Applications/Xcode.app/Contents/Developer/Toolchains/XcodeDefault.xctoolchain/usr/lib/swift/host/plugins/testing -enable-experimental-feature DebugDescriptionMacro -sdk /Applications/Xcode.app/Contents/Developer/Platforms/MacOSX.platform/Developer/SDKs/MacOSX26.2.sdk -target arm64-apple-macos14.0 -g -module-cache-path /Users/geraltgraham/Codes/NeatPaste/app-macos/build/DerivedData/ModuleCache.noindex -Xfrontend -serialize-debugging-options -suppress-warnings -swift-version 6 -I /Users/geraltgraham/Codes/NeatPaste/app-macos/build/DerivedData/Build/Products/Release -Isystem /Applications/Xcode.app/Contents/Developer/Platforms/MacOSX.platform/Developer/usr/lib -F /Users/geraltgraham/Codes/NeatPaste/app-macos/build/DerivedData/Build/Products/Release/PackageFrameworks -F /Users/geraltgraham/Codes/NeatPaste/app-macos/build/DerivedData/Build/Products/Release -F /Applications/Xcode.app/Contents/Developer/Platforms/MacOSX.platform/Developer/Library/Frameworks -parse-as-library -c -num-threads 8 -Xcc -ivfsstatcache -Xcc /Users/geraltgraham/Codes/NeatPaste/app-macos/build/DerivedData/SDKStatCaches.noindex/macosx26.2-25C58-e8867d0c40613ffc63e0238af232dc5000fa09913b459cbbc988d1f6730289ae.sdkstatcache -output-file-map /Users/geraltgraham/Codes/NeatPaste/app-macos/build/DerivedData/Build/Intermediates.noindex/MacKit.build/Release/MacKitLaunchAtLogin.build/Objects-normal/arm64/MacKitLaunchAtLogin-OutputFileMap.json -use-frontend-parseable-output -save-temps -no-color-diagnostics -explicit-module-build -module-cache-path /Users/geraltgraham/Codes/NeatPaste/app-macos/build/DerivedData/Build/Intermediates.noindex/SwiftExplicitPrecompiledModules -clang-scanner-module-cache-path /Users/geraltgraham/Codes/NeatPaste/app-macos/build/DerivedData/ModuleCache.noindex -sdk-module-cache-path /Users/geraltgraham/Codes/NeatPaste/app-macos/build/DerivedData/ModuleCache.noindex -serialize-diagnostics -emit-dependencies -emit-module -emit-module-path /Users/geraltgraham/Codes/NeatPaste/app-macos/build/DerivedData/Build/Intermediates.noindex/MacKit.build/Release/MacKitLaunchAtLogin.build/Objects-normal/arm64/MacKitLaunchAtLogin.swiftmodule -user-module-version 0.1.4 -validate-clang-modules-once -clang-build-session-file /Users/geraltgraham/Codes/NeatPaste/app-macos/build/DerivedData/ModuleCache.noindex/Session.modulevalidation -package-name mac_kit_swift -Xcc -I/Users/geraltgraham/Codes/NeatPaste/app-macos/build/DerivedData/Build/Intermediates.noindex/MacKit.build/Release/MacKitLaunchAtLogin.build/swift-overrides.hmap -emit-const-values -Xfrontend -const-gather-protocols-file -Xfrontend /Users/geraltgraham/Codes/NeatPaste/app-macos/build/DerivedData/Build/Intermediates.noindex/MacKit.build/Release/MacKitLaunchAtLogin.build/Objects-normal/arm64/MacKitLaunchAtLogin_const_extract_protocols.json -Xcc -I/Users/geraltgraham/Codes/NeatPaste/app-macos/build/DerivedData/Build/Products/Release/include -Xcc -I/Users/geraltgraham/Codes/NeatPaste/app-macos/build/DerivedData/Build/Intermediates.noindex/MacKit.build/Release/MacKitLaunchAtLogin.build/DerivedSources-normal/arm64 -Xcc -I/Users/geraltgraham/Codes/NeatPaste/app-macos/build/DerivedData/Build/Intermediates.noindex/MacKit.build/Release/MacKitLaunchAtLogin.build/DerivedSources/arm64 -Xcc -I/Users/geraltgraham/Codes/NeatPaste/app-macos/build/DerivedData/Build/Intermediates.noindex/MacKit.build/Release/MacKitLaunchAtLogin.build/DerivedSources -Xcc -DSWIFT_PACKAGE -emit-objc-header -emit-objc-header-path /Users/geraltgraham/Codes/NeatPaste/app-macos/build/DerivedData/Build/Intermediates.noindex/MacKit.build/Release/MacKitLaunchAtLogin.build/Objects-normal/arm64/MacKitLaunchAtLogin-Swift.h -working-directory /Users/geraltgraham/Codes/NeatPaste/app-macos/NeatPaste.xcodeproj -no-emit-module-separately-wmo

SwiftDriverJobDiscovery normal x86_64 Compiling LaunchAtLoginService.swift (in target 'MacKitLaunchAtLogin' from project 'MacKit')

SwiftDriver\ Compilation\ Requirements MacKitLaunchAtLogin normal x86_64 com.apple.xcode.tools.swift.compiler (in target 'MacKitLaunchAtLogin' from project 'MacKit')
    cd /Users/geraltgraham/Codes/NeatPaste/app-macos/NeatPaste.xcodeproj
    builtin-Swift-Compilation-Requirements -- /Applications/Xcode.app/Contents/Developer/Toolchains/XcodeDefault.xctoolchain/usr/bin/swiftc -module-name MacKitLaunchAtLogin -O -whole-module-optimization -enforce-exclusivity\=checked @/Users/geraltgraham/Codes/NeatPaste/app-macos/build/DerivedData/Build/Intermediates.noindex/MacKit.build/Release/MacKitLaunchAtLogin.build/Objects-normal/x86_64/MacKitLaunchAtLogin.SwiftFileList -DSWIFT_PACKAGE -DSWIFT_MODULE_RESOURCE_BUNDLE_UNAVAILABLE -DXcode -plugin-path /Applications/Xcode.app/Contents/Developer/Toolchains/XcodeDefault.xctoolchain/usr/lib/swift/host/plugins/testing -enable-experimental-feature DebugDescriptionMacro -sdk /Applications/Xcode.app/Contents/Developer/Platforms/MacOSX.platform/Developer/SDKs/MacOSX26.2.sdk -target x86_64-apple-macos14.0 -g -module-cache-path /Users/geraltgraham/Codes/NeatPaste/app-macos/build/DerivedData/ModuleCache.noindex -Xfrontend -serialize-debugging-options -suppress-warnings -swift-version 6 -I /Users/geraltgraham/Codes/NeatPaste/app-macos/build/DerivedData/Build/Products/Release -Isystem /Applications/Xcode.app/Contents/Developer/Platforms/MacOSX.platform/Developer/usr/lib -F /Users/geraltgraham/Codes/NeatPaste/app-macos/build/DerivedData/Build/Products/Release/PackageFrameworks -F /Users/geraltgraham/Codes/NeatPaste/app-macos/build/DerivedData/Build/Products/Release -F /Applications/Xcode.app/Contents/Developer/Platforms/MacOSX.platform/Developer/Library/Frameworks -parse-as-library -c -num-threads 8 -Xcc -ivfsstatcache -Xcc /Users/geraltgraham/Codes/NeatPaste/app-macos/build/DerivedData/SDKStatCaches.noindex/macosx26.2-25C58-e8867d0c40613ffc63e0238af232dc5000fa09913b459cbbc988d1f6730289ae.sdkstatcache -output-file-map /Users/geraltgraham/Codes/NeatPaste/app-macos/build/DerivedData/Build/Intermediates.noindex/MacKit.build/Release/MacKitLaunchAtLogin.build/Objects-normal/x86_64/MacKitLaunchAtLogin-OutputFileMap.json -use-frontend-parseable-output -save-temps -no-color-diagnostics -explicit-module-build -module-cache-path /Users/geraltgraham/Codes/NeatPaste/app-macos/build/DerivedData/Build/Intermediates.noindex/SwiftExplicitPrecompiledModules -clang-scanner-module-cache-path /Users/geraltgraham/Codes/NeatPaste/app-macos/build/DerivedData/ModuleCache.noindex -sdk-module-cache-path /Users/geraltgraham/Codes/NeatPaste/app-macos/build/DerivedData/ModuleCache.noindex -serialize-diagnostics -emit-dependencies -emit-module -emit-module-path /Users/geraltgraham/Codes/NeatPaste/app-macos/build/DerivedData/Build/Intermediates.noindex/MacKit.build/Release/MacKitLaunchAtLogin.build/Objects-normal/x86_64/MacKitLaunchAtLogin.swiftmodule -user-module-version 0.1.4 -validate-clang-modules-once -clang-build-session-file /Users/geraltgraham/Codes/NeatPaste/app-macos/build/DerivedData/ModuleCache.noindex/Session.modulevalidation -package-name mac_kit_swift -Xcc -I/Users/geraltgraham/Codes/NeatPaste/app-macos/build/DerivedData/Build/Intermediates.noindex/MacKit.build/Release/MacKitLaunchAtLogin.build/swift-overrides.hmap -emit-const-values -Xfrontend -const-gather-protocols-file -Xfrontend /Users/geraltgraham/Codes/NeatPaste/app-macos/build/DerivedData/Build/Intermediates.noindex/MacKit.build/Release/MacKitLaunchAtLogin.build/Objects-normal/x86_64/MacKitLaunchAtLogin_const_extract_protocols.json -Xcc -I/Users/geraltgraham/Codes/NeatPaste/app-macos/build/DerivedData/Build/Products/Release/include -Xcc -I/Users/geraltgraham/Codes/NeatPaste/app-macos/build/DerivedData/Build/Intermediates.noindex/MacKit.build/Release/MacKitLaunchAtLogin.build/DerivedSources-normal/x86_64 -Xcc -I/Users/geraltgraham/Codes/NeatPaste/app-macos/build/DerivedData/Build/Intermediates.noindex/MacKit.build/Release/MacKitLaunchAtLogin.build/DerivedSources/x86_64 -Xcc -I/Users/geraltgraham/Codes/NeatPaste/app-macos/build/DerivedData/Build/Intermediates.noindex/MacKit.build/Release/MacKitLaunchAtLogin.build/DerivedSources -Xcc -DSWIFT_PACKAGE -emit-objc-header -emit-objc-header-path /Users/geraltgraham/Codes/NeatPaste/app-macos/build/DerivedData/Build/Intermediates.noindex/MacKit.build/Release/MacKitLaunchAtLogin.build/Objects-normal/x86_64/MacKitLaunchAtLogin-Swift.h -working-directory /Users/geraltgraham/Codes/NeatPaste/app-macos/NeatPaste.xcodeproj -no-emit-module-separately-wmo

Copy /Users/geraltgraham/Codes/NeatPaste/app-macos/build/DerivedData/Build/Products/Release/MacKitLaunchAtLogin.swiftmodule/arm64-apple-macos.swiftmodule /Users/geraltgraham/Codes/NeatPaste/app-macos/build/DerivedData/Build/Intermediates.noindex/MacKit.build/Release/MacKitLaunchAtLogin.build/Objects-normal/arm64/MacKitLaunchAtLogin.swiftmodule (in target 'MacKitLaunchAtLogin' from project 'MacKit')
    cd /Users/geraltgraham/Codes/NeatPaste/app-macos/build/DerivedData/SourcePackages/checkouts/mac-kit-swift
    builtin-copy -exclude .DS_Store -exclude CVS -exclude .svn -exclude .git -exclude .hg -strip-unsigned-binaries -strip-deterministic -strip-tool /Applications/Xcode.app/Contents/Developer/Toolchains/XcodeDefault.xctoolchain/usr/bin/strip -resolve-src-symlinks -rename /Users/geraltgraham/Codes/NeatPaste/app-macos/build/DerivedData/Build/Intermediates.noindex/MacKit.build/Release/MacKitLaunchAtLogin.build/Objects-normal/arm64/MacKitLaunchAtLogin.swiftmodule /Users/geraltgraham/Codes/NeatPaste/app-macos/build/DerivedData/Build/Products/Release/MacKitLaunchAtLogin.swiftmodule/arm64-apple-macos.swiftmodule

Copy /Users/geraltgraham/Codes/NeatPaste/app-macos/build/DerivedData/Build/Products/Release/MacKitLaunchAtLogin.swiftmodule/arm64-apple-macos.abi.json /Users/geraltgraham/Codes/NeatPaste/app-macos/build/DerivedData/Build/Intermediates.noindex/MacKit.build/Release/MacKitLaunchAtLogin.build/Objects-normal/arm64/MacKitLaunchAtLogin.abi.json (in target 'MacKitLaunchAtLogin' from project 'MacKit')
    cd /Users/geraltgraham/Codes/NeatPaste/app-macos/build/DerivedData/SourcePackages/checkouts/mac-kit-swift
    builtin-copy -exclude .DS_Store -exclude CVS -exclude .svn -exclude .git -exclude .hg -strip-unsigned-binaries -strip-deterministic -strip-tool /Applications/Xcode.app/Contents/Developer/Toolchains/XcodeDefault.xctoolchain/usr/bin/strip -resolve-src-symlinks -rename /Users/geraltgraham/Codes/NeatPaste/app-macos/build/DerivedData/Build/Intermediates.noindex/MacKit.build/Release/MacKitLaunchAtLogin.build/Objects-normal/arm64/MacKitLaunchAtLogin.abi.json /Users/geraltgraham/Codes/NeatPaste/app-macos/build/DerivedData/Build/Products/Release/MacKitLaunchAtLogin.swiftmodule/arm64-apple-macos.abi.json

SwiftMergeGeneratedHeaders /Users/geraltgraham/Codes/NeatPaste/app-macos/build/DerivedData/Build/Intermediates.noindex/GeneratedModuleMaps/MacKitLaunchAtLogin-Swift.h /Users/geraltgraham/Codes/NeatPaste/app-macos/build/DerivedData/Build/Intermediates.noindex/MacKit.build/Release/MacKitLaunchAtLogin.build/Objects-normal/arm64/MacKitLaunchAtLogin-Swift.h /Users/geraltgraham/Codes/NeatPaste/app-macos/build/DerivedData/Build/Intermediates.noindex/MacKit.build/Release/MacKitLaunchAtLogin.build/Objects-normal/x86_64/MacKitLaunchAtLogin-Swift.h (in target 'MacKitLaunchAtLogin' from project 'MacKit')
    cd /Users/geraltgraham/Codes/NeatPaste/app-macos/build/DerivedData/SourcePackages/checkouts/mac-kit-swift
    builtin-swiftHeaderTool -arch arm64 /Users/geraltgraham/Codes/NeatPaste/app-macos/build/DerivedData/Build/Intermediates.noindex/MacKit.build/Release/MacKitLaunchAtLogin.build/Objects-normal/arm64/MacKitLaunchAtLogin-Swift.h -arch x86_64 /Users/geraltgraham/Codes/NeatPaste/app-macos/build/DerivedData/Build/Intermediates.noindex/MacKit.build/Release/MacKitLaunchAtLogin.build/Objects-normal/x86_64/MacKitLaunchAtLogin-Swift.h -o /Users/geraltgraham/Codes/NeatPaste/app-macos/build/DerivedData/Build/Intermediates.noindex/GeneratedModuleMaps/MacKitLaunchAtLogin-Swift.h

Copy /Users/geraltgraham/Codes/NeatPaste/app-macos/build/DerivedData/Build/Products/Release/MacKitLaunchAtLogin.swiftmodule/x86_64-apple-macos.swiftmodule /Users/geraltgraham/Codes/NeatPaste/app-macos/build/DerivedData/Build/Intermediates.noindex/MacKit.build/Release/MacKitLaunchAtLogin.build/Objects-normal/x86_64/MacKitLaunchAtLogin.swiftmodule (in target 'MacKitLaunchAtLogin' from project 'MacKit')
    cd /Users/geraltgraham/Codes/NeatPaste/app-macos/build/DerivedData/SourcePackages/checkouts/mac-kit-swift
    builtin-copy -exclude .DS_Store -exclude CVS -exclude .svn -exclude .git -exclude .hg -strip-unsigned-binaries -strip-deterministic -strip-tool /Applications/Xcode.app/Contents/Developer/Toolchains/XcodeDefault.xctoolchain/usr/bin/strip -resolve-src-symlinks -rename /Users/geraltgraham/Codes/NeatPaste/app-macos/build/DerivedData/Build/Intermediates.noindex/MacKit.build/Release/MacKitLaunchAtLogin.build/Objects-normal/x86_64/MacKitLaunchAtLogin.swiftmodule /Users/geraltgraham/Codes/NeatPaste/app-macos/build/DerivedData/Build/Products/Release/MacKitLaunchAtLogin.swiftmodule/x86_64-apple-macos.swiftmodule

Copy /Users/geraltgraham/Codes/NeatPaste/app-macos/build/DerivedData/Build/Products/Release/MacKitLaunchAtLogin.swiftmodule/x86_64-apple-macos.abi.json /Users/geraltgraham/Codes/NeatPaste/app-macos/build/DerivedData/Build/Intermediates.noindex/MacKit.build/Release/MacKitLaunchAtLogin.build/Objects-normal/x86_64/MacKitLaunchAtLogin.abi.json (in target 'MacKitLaunchAtLogin' from project 'MacKit')
    cd /Users/geraltgraham/Codes/NeatPaste/app-macos/build/DerivedData/SourcePackages/checkouts/mac-kit-swift
    builtin-copy -exclude .DS_Store -exclude CVS -exclude .svn -exclude .git -exclude .hg -strip-unsigned-binaries -strip-deterministic -strip-tool /Applications/Xcode.app/Contents/Developer/Toolchains/XcodeDefault.xctoolchain/usr/bin/strip -resolve-src-symlinks -rename /Users/geraltgraham/Codes/NeatPaste/app-macos/build/DerivedData/Build/Intermediates.noindex/MacKit.build/Release/MacKitLaunchAtLogin.build/Objects-normal/x86_64/MacKitLaunchAtLogin.abi.json /Users/geraltgraham/Codes/NeatPaste/app-macos/build/DerivedData/Build/Products/Release/MacKitLaunchAtLogin.swiftmodule/x86_64-apple-macos.abi.json

SwiftDriverJobDiscovery normal arm64 Compiling AccessoryActivationSession.swift, AutofillHeuristicGuard.swift, LoginLaunchDetector.swift, TerminationGuard.swift (in target 'MacKitLifecycle' from project 'MacKit')

SwiftDriver\ Compilation\ Requirements MacKitLifecycle normal arm64 com.apple.xcode.tools.swift.compiler (in target 'MacKitLifecycle' from project 'MacKit')
    cd /Users/geraltgraham/Codes/NeatPaste/app-macos/NeatPaste.xcodeproj
    builtin-Swift-Compilation-Requirements -- /Applications/Xcode.app/Contents/Developer/Toolchains/XcodeDefault.xctoolchain/usr/bin/swiftc -module-name MacKitLifecycle -O -whole-module-optimization -enforce-exclusivity\=checked @/Users/geraltgraham/Codes/NeatPaste/app-macos/build/DerivedData/Build/Intermediates.noindex/MacKit.build/Release/MacKitLifecycle.build/Objects-normal/arm64/MacKitLifecycle.SwiftFileList -DSWIFT_PACKAGE -DSWIFT_MODULE_RESOURCE_BUNDLE_UNAVAILABLE -DXcode -plugin-path /Applications/Xcode.app/Contents/Developer/Toolchains/XcodeDefault.xctoolchain/usr/lib/swift/host/plugins/testing -enable-experimental-feature DebugDescriptionMacro -sdk /Applications/Xcode.app/Contents/Developer/Platforms/MacOSX.platform/Developer/SDKs/MacOSX26.2.sdk -target arm64-apple-macos14.0 -g -module-cache-path /Users/geraltgraham/Codes/NeatPaste/app-macos/build/DerivedData/ModuleCache.noindex -Xfrontend -serialize-debugging-options -suppress-warnings -swift-version 6 -I /Users/geraltgraham/Codes/NeatPaste/app-macos/build/DerivedData/Build/Products/Release -Isystem /Applications/Xcode.app/Contents/Developer/Platforms/MacOSX.platform/Developer/usr/lib -F /Users/geraltgraham/Codes/NeatPaste/app-macos/build/DerivedData/Build/Products/Release -F /Applications/Xcode.app/Contents/Developer/Platforms/MacOSX.platform/Developer/Library/Frameworks -c -num-threads 8 -Xcc -ivfsstatcache -Xcc /Users/geraltgraham/Codes/NeatPaste/app-macos/build/DerivedData/SDKStatCaches.noindex/macosx26.2-25C58-e8867d0c40613ffc63e0238af232dc5000fa09913b459cbbc988d1f6730289ae.sdkstatcache -output-file-map /Users/geraltgraham/Codes/NeatPaste/app-macos/build/DerivedData/Build/Intermediates.noindex/MacKit.build/Release/MacKitLifecycle.build/Objects-normal/arm64/MacKitLifecycle-OutputFileMap.json -use-frontend-parseable-output -save-temps -no-color-diagnostics -explicit-module-build -module-cache-path /Users/geraltgraham/Codes/NeatPaste/app-macos/build/DerivedData/Build/Intermediates.noindex/SwiftExplicitPrecompiledModules -clang-scanner-module-cache-path /Users/geraltgraham/Codes/NeatPaste/app-macos/build/DerivedData/ModuleCache.noindex -sdk-module-cache-path /Users/geraltgraham/Codes/NeatPaste/app-macos/build/DerivedData/ModuleCache.noindex -serialize-diagnostics -emit-dependencies -emit-module -emit-module-path /Users/geraltgraham/Codes/NeatPaste/app-macos/build/DerivedData/Build/Intermediates.noindex/MacKit.build/Release/MacKitLifecycle.build/Objects-normal/arm64/MacKitLifecycle.swiftmodule -user-module-version 0.1.4 -validate-clang-modules-once -clang-build-session-file /Users/geraltgraham/Codes/NeatPaste/app-macos/build/DerivedData/ModuleCache.noindex/Session.modulevalidation -package-name mac_kit_swift -Xcc -I/Users/geraltgraham/Codes/NeatPaste/app-macos/build/DerivedData/Build/Intermediates.noindex/MacKit.build/Release/MacKitLifecycle.build/swift-overrides.hmap -emit-const-values -Xfrontend -const-gather-protocols-file -Xfrontend /Users/geraltgraham/Codes/NeatPaste/app-macos/build/DerivedData/Build/Intermediates.noindex/MacKit.build/Release/MacKitLifecycle.build/Objects-normal/arm64/MacKitLifecycle_const_extract_protocols.json -Xcc -I/Users/geraltgraham/Codes/NeatPaste/app-macos/build/DerivedData/Build/Products/Release/include -Xcc -I/Users/geraltgraham/Codes/NeatPaste/app-macos/build/DerivedData/Build/Intermediates.noindex/MacKit.build/Release/MacKitLifecycle.build/DerivedSources-normal/arm64 -Xcc -I/Users/geraltgraham/Codes/NeatPaste/app-macos/build/DerivedData/Build/Intermediates.noindex/MacKit.build/Release/MacKitLifecycle.build/DerivedSources/arm64 -Xcc -I/Users/geraltgraham/Codes/NeatPaste/app-macos/build/DerivedData/Build/Intermediates.noindex/MacKit.build/Release/MacKitLifecycle.build/DerivedSources -Xcc -DSWIFT_PACKAGE -emit-objc-header -emit-objc-header-path /Users/geraltgraham/Codes/NeatPaste/app-macos/build/DerivedData/Build/Intermediates.noindex/MacKit.build/Release/MacKitLifecycle.build/Objects-normal/arm64/MacKitLifecycle-Swift.h -working-directory /Users/geraltgraham/Codes/NeatPaste/app-macos/NeatPaste.xcodeproj -no-emit-module-separately-wmo

Copy /Users/geraltgraham/Codes/NeatPaste/app-macos/build/DerivedData/Build/Products/Release/MacKitLaunchAtLogin.swiftmodule/Project/x86_64-apple-macos.swiftsourceinfo /Users/geraltgraham/Codes/NeatPaste/app-macos/build/DerivedData/Build/Intermediates.noindex/MacKit.build/Release/MacKitLaunchAtLogin.build/Objects-normal/x86_64/MacKitLaunchAtLogin.swiftsourceinfo (in target 'MacKitLaunchAtLogin' from project 'MacKit')
    cd /Users/geraltgraham/Codes/NeatPaste/app-macos/build/DerivedData/SourcePackages/checkouts/mac-kit-swift
    builtin-copy -exclude .DS_Store -exclude CVS -exclude .svn -exclude .git -exclude .hg -strip-unsigned-binaries -strip-deterministic -strip-tool /Applications/Xcode.app/Contents/Developer/Toolchains/XcodeDefault.xctoolchain/usr/bin/strip -resolve-src-symlinks -rename /Users/geraltgraham/Codes/NeatPaste/app-macos/build/DerivedData/Build/Intermediates.noindex/MacKit.build/Release/MacKitLaunchAtLogin.build/Objects-normal/x86_64/MacKitLaunchAtLogin.swiftsourceinfo /Users/geraltgraham/Codes/NeatPaste/app-macos/build/DerivedData/Build/Products/Release/MacKitLaunchAtLogin.swiftmodule/Project/x86_64-apple-macos.swiftsourceinfo

Copy /Users/geraltgraham/Codes/NeatPaste/app-macos/build/DerivedData/Build/Products/Release/MacKitLaunchAtLogin.swiftmodule/Project/arm64-apple-macos.swiftsourceinfo /Users/geraltgraham/Codes/NeatPaste/app-macos/build/DerivedData/Build/Intermediates.noindex/MacKit.build/Release/MacKitLaunchAtLogin.build/Objects-normal/arm64/MacKitLaunchAtLogin.swiftsourceinfo (in target 'MacKitLaunchAtLogin' from project 'MacKit')
    cd /Users/geraltgraham/Codes/NeatPaste/app-macos/build/DerivedData/SourcePackages/checkouts/mac-kit-swift
    builtin-copy -exclude .DS_Store -exclude CVS -exclude .svn -exclude .git -exclude .hg -strip-unsigned-binaries -strip-deterministic -strip-tool /Applications/Xcode.app/Contents/Developer/Toolchains/XcodeDefault.xctoolchain/usr/bin/strip -resolve-src-symlinks -rename /Users/geraltgraham/Codes/NeatPaste/app-macos/build/DerivedData/Build/Intermediates.noindex/MacKit.build/Release/MacKitLaunchAtLogin.build/Objects-normal/arm64/MacKitLaunchAtLogin.swiftsourceinfo /Users/geraltgraham/Codes/NeatPaste/app-macos/build/DerivedData/Build/Products/Release/MacKitLaunchAtLogin.swiftmodule/Project/arm64-apple-macos.swiftsourceinfo

ExtractAppIntentsMetadata (in target 'MacKitCore' from project 'MacKit')
    cd /Users/geraltgraham/Codes/NeatPaste/app-macos/build/DerivedData/SourcePackages/checkouts/mac-kit-swift
    /Applications/Xcode.app/Contents/Developer/Toolchains/XcodeDefault.xctoolchain/usr/bin/appintentsmetadataprocessor --toolchain-dir /var/run/com.apple.security.cryptexd/mnt/com.apple.MobileAsset.MetalToolchain-v17.3.519.0.Mve7GT/Metal.xctoolchain --module-name MacKitCore --sdk-root /Applications/Xcode.app/Contents/Developer/Platforms/MacOSX.platform/Developer/SDKs/MacOSX26.2.sdk --xcode-version 17C519 --platform-family macOS --deployment-target 14.0 --bundle-identifier mac-kit-swift.MacKitCore --output /Users/geraltgraham/Codes/NeatPaste/app-macos/build/DerivedData/Build/Products/Release/MacKitCore.appintents --target-triple arm64-apple-macos14.0 --target-triple x86_64-apple-macos14.0 --binary-file /Users/geraltgraham/Codes/NeatPaste/app-macos/build/DerivedData/Build/Products/Release/MacKitCore.o --dependency-file /Users/geraltgraham/Codes/NeatPaste/app-macos/build/DerivedData/Build/Intermediates.noindex/MacKit.build/Release/MacKitCore.build/Objects-normal/arm64/MacKitCore_dependency_info.dat --dependency-file /Users/geraltgraham/Codes/NeatPaste/app-macos/build/DerivedData/Build/Intermediates.noindex/MacKit.build/Release/MacKitCore.build/Objects-normal/x86_64/MacKitCore_dependency_info.dat --stringsdata-file /Users/geraltgraham/Codes/NeatPaste/app-macos/build/DerivedData/Build/Intermediates.noindex/MacKit.build/Release/MacKitCore.build/Objects-normal/arm64/ExtractedAppShortcutsMetadata.stringsdata --stringsdata-file /Users/geraltgraham/Codes/NeatPaste/app-macos/build/DerivedData/Build/Intermediates.noindex/MacKit.build/Release/MacKitCore.build/Objects-normal/x86_64/ExtractedAppShortcutsMetadata.stringsdata --source-file-list /Users/geraltgraham/Codes/NeatPaste/app-macos/build/DerivedData/Build/Intermediates.noindex/MacKit.build/Release/MacKitCore.build/Objects-normal/arm64/MacKitCore.SwiftFileList --source-file-list /Users/geraltgraham/Codes/NeatPaste/app-macos/build/DerivedData/Build/Intermediates.noindex/MacKit.build/Release/MacKitCore.build/Objects-normal/x86_64/MacKitCore.SwiftFileList --metadata-file-list /Users/geraltgraham/Codes/NeatPaste/app-macos/build/DerivedData/Build/Intermediates.noindex/MacKit.build/Release/MacKitCore.build/MacKitCore.DependencyMetadataFileList --static-metadata-file-list /Users/geraltgraham/Codes/NeatPaste/app-macos/build/DerivedData/Build/Intermediates.noindex/MacKit.build/Release/MacKitCore.build/MacKitCore.DependencyStaticMetadataFileList --swift-const-vals-list /Users/geraltgraham/Codes/NeatPaste/app-macos/build/DerivedData/Build/Intermediates.noindex/MacKit.build/Release/MacKitCore.build/Objects-normal/arm64/MacKitCore.SwiftConstValuesFileList --swift-const-vals-list /Users/geraltgraham/Codes/NeatPaste/app-macos/build/DerivedData/Build/Intermediates.noindex/MacKit.build/Release/MacKitCore.build/Objects-normal/x86_64/MacKitCore.SwiftConstValuesFileList --force --compile-time-extraction --deployment-aware-processing --validate-assistant-intents --no-app-shortcuts-localization
2026-09-07 15:02:44.486 appintentsmetadataprocessor[70440:16096303] Starting appintentsmetadataprocessor export
2026-09-07 15:02:44.601 appintentsmetadataprocessor[70440:16096303] Extracted no relevant App Intents symbols, skipping writing output

Copy /Users/geraltgraham/Codes/NeatPaste/app-macos/build/DerivedData/Build/Products/Release/MacKitLifecycle.swiftmodule/arm64-apple-macos.swiftmodule /Users/geraltgraham/Codes/NeatPaste/app-macos/build/DerivedData/Build/Intermediates.noindex/MacKit.build/Release/MacKitLifecycle.build/Objects-normal/arm64/MacKitLifecycle.swiftmodule (in target 'MacKitLifecycle' from project 'MacKit')
    cd /Users/geraltgraham/Codes/NeatPaste/app-macos/build/DerivedData/SourcePackages/checkouts/mac-kit-swift
    builtin-copy -exclude .DS_Store -exclude CVS -exclude .svn -exclude .git -exclude .hg -strip-unsigned-binaries -strip-deterministic -strip-tool /Applications/Xcode.app/Contents/Developer/Toolchains/XcodeDefault.xctoolchain/usr/bin/strip -resolve-src-symlinks -rename /Users/geraltgraham/Codes/NeatPaste/app-macos/build/DerivedData/Build/Intermediates.noindex/MacKit.build/Release/MacKitLifecycle.build/Objects-normal/arm64/MacKitLifecycle.swiftmodule /Users/geraltgraham/Codes/NeatPaste/app-macos/build/DerivedData/Build/Products/Release/MacKitLifecycle.swiftmodule/arm64-apple-macos.swiftmodule

Copy /Users/geraltgraham/Codes/NeatPaste/app-macos/build/DerivedData/Build/Products/Release/MacKitLifecycle.swiftmodule/arm64-apple-macos.abi.json /Users/geraltgraham/Codes/NeatPaste/app-macos/build/DerivedData/Build/Intermediates.noindex/MacKit.build/Release/MacKitLifecycle.build/Objects-normal/arm64/MacKitLifecycle.abi.json (in target 'MacKitLifecycle' from project 'MacKit')
    cd /Users/geraltgraham/Codes/NeatPaste/app-macos/build/DerivedData/SourcePackages/checkouts/mac-kit-swift
    builtin-copy -exclude .DS_Store -exclude CVS -exclude .svn -exclude .git -exclude .hg -strip-unsigned-binaries -strip-deterministic -strip-tool /Applications/Xcode.app/Contents/Developer/Toolchains/XcodeDefault.xctoolchain/usr/bin/strip -resolve-src-symlinks -rename /Users/geraltgraham/Codes/NeatPaste/app-macos/build/DerivedData/Build/Intermediates.noindex/MacKit.build/Release/MacKitLifecycle.build/Objects-normal/arm64/MacKitLifecycle.abi.json /Users/geraltgraham/Codes/NeatPaste/app-macos/build/DerivedData/Build/Products/Release/MacKitLifecycle.swiftmodule/arm64-apple-macos.abi.json

Copy /Users/geraltgraham/Codes/NeatPaste/app-macos/build/DerivedData/Build/Products/Release/MacKitLifecycle.swiftmodule/Project/arm64-apple-macos.swiftsourceinfo /Users/geraltgraham/Codes/NeatPaste/app-macos/build/DerivedData/Build/Intermediates.noindex/MacKit.build/Release/MacKitLifecycle.build/Objects-normal/arm64/MacKitLifecycle.swiftsourceinfo (in target 'MacKitLifecycle' from project 'MacKit')
    cd /Users/geraltgraham/Codes/NeatPaste/app-macos/build/DerivedData/SourcePackages/checkouts/mac-kit-swift
    builtin-copy -exclude .DS_Store -exclude CVS -exclude .svn -exclude .git -exclude .hg -strip-unsigned-binaries -strip-deterministic -strip-tool /Applications/Xcode.app/Contents/Developer/Toolchains/XcodeDefault.xctoolchain/usr/bin/strip -resolve-src-symlinks -rename /Users/geraltgraham/Codes/NeatPaste/app-macos/build/DerivedData/Build/Intermediates.noindex/MacKit.build/Release/MacKitLifecycle.build/Objects-normal/arm64/MacKitLifecycle.swiftsourceinfo /Users/geraltgraham/Codes/NeatPaste/app-macos/build/DerivedData/Build/Products/Release/MacKitLifecycle.swiftmodule/Project/arm64-apple-macos.swiftsourceinfo

SwiftDriverJobDiscovery normal x86_64 Compiling AccessoryActivationSession.swift, AutofillHeuristicGuard.swift, LoginLaunchDetector.swift, TerminationGuard.swift (in target 'MacKitLifecycle' from project 'MacKit')

SwiftDriver\ Compilation\ Requirements MacKitLifecycle normal x86_64 com.apple.xcode.tools.swift.compiler (in target 'MacKitLifecycle' from project 'MacKit')
    cd /Users/geraltgraham/Codes/NeatPaste/app-macos/NeatPaste.xcodeproj
    builtin-Swift-Compilation-Requirements -- /Applications/Xcode.app/Contents/Developer/Toolchains/XcodeDefault.xctoolchain/usr/bin/swiftc -module-name MacKitLifecycle -O -whole-module-optimization -enforce-exclusivity\=checked @/Users/geraltgraham/Codes/NeatPaste/app-macos/build/DerivedData/Build/Intermediates.noindex/MacKit.build/Release/MacKitLifecycle.build/Objects-normal/x86_64/MacKitLifecycle.SwiftFileList -DSWIFT_PACKAGE -DSWIFT_MODULE_RESOURCE_BUNDLE_UNAVAILABLE -DXcode -plugin-path /Applications/Xcode.app/Contents/Developer/Toolchains/XcodeDefault.xctoolchain/usr/lib/swift/host/plugins/testing -enable-experimental-feature DebugDescriptionMacro -sdk /Applications/Xcode.app/Contents/Developer/Platforms/MacOSX.platform/Developer/SDKs/MacOSX26.2.sdk -target x86_64-apple-macos14.0 -g -module-cache-path /Users/geraltgraham/Codes/NeatPaste/app-macos/build/DerivedData/ModuleCache.noindex -Xfrontend -serialize-debugging-options -suppress-warnings -swift-version 6 -I /Users/geraltgraham/Codes/NeatPaste/app-macos/build/DerivedData/Build/Products/Release -Isystem /Applications/Xcode.app/Contents/Developer/Platforms/MacOSX.platform/Developer/usr/lib -F /Users/geraltgraham/Codes/NeatPaste/app-macos/build/DerivedData/Build/Products/Release -F /Applications/Xcode.app/Contents/Developer/Platforms/MacOSX.platform/Developer/Library/Frameworks -c -num-threads 8 -Xcc -ivfsstatcache -Xcc /Users/geraltgraham/Codes/NeatPaste/app-macos/build/DerivedData/SDKStatCaches.noindex/macosx26.2-25C58-e8867d0c40613ffc63e0238af232dc5000fa09913b459cbbc988d1f6730289ae.sdkstatcache -output-file-map /Users/geraltgraham/Codes/NeatPaste/app-macos/build/DerivedData/Build/Intermediates.noindex/MacKit.build/Release/MacKitLifecycle.build/Objects-normal/x86_64/MacKitLifecycle-OutputFileMap.json -use-frontend-parseable-output -save-temps -no-color-diagnostics -explicit-module-build -module-cache-path /Users/geraltgraham/Codes/NeatPaste/app-macos/build/DerivedData/Build/Intermediates.noindex/SwiftExplicitPrecompiledModules -clang-scanner-module-cache-path /Users/geraltgraham/Codes/NeatPaste/app-macos/build/DerivedData/ModuleCache.noindex -sdk-module-cache-path /Users/geraltgraham/Codes/NeatPaste/app-macos/build/DerivedData/ModuleCache.noindex -serialize-diagnostics -emit-dependencies -emit-module -emit-module-path /Users/geraltgraham/Codes/NeatPaste/app-macos/build/DerivedData/Build/Intermediates.noindex/MacKit.build/Release/MacKitLifecycle.build/Objects-normal/x86_64/MacKitLifecycle.swiftmodule -user-module-version 0.1.4 -validate-clang-modules-once -clang-build-session-file /Users/geraltgraham/Codes/NeatPaste/app-macos/build/DerivedData/ModuleCache.noindex/Session.modulevalidation -package-name mac_kit_swift -Xcc -I/Users/geraltgraham/Codes/NeatPaste/app-macos/build/DerivedData/Build/Intermediates.noindex/MacKit.build/Release/MacKitLifecycle.build/swift-overrides.hmap -emit-const-values -Xfrontend -const-gather-protocols-file -Xfrontend /Users/geraltgraham/Codes/NeatPaste/app-macos/build/DerivedData/Build/Intermediates.noindex/MacKit.build/Release/MacKitLifecycle.build/Objects-normal/x86_64/MacKitLifecycle_const_extract_protocols.json -Xcc -I/Users/geraltgraham/Codes/NeatPaste/app-macos/build/DerivedData/Build/Products/Release/include -Xcc -I/Users/geraltgraham/Codes/NeatPaste/app-macos/build/DerivedData/Build/Intermediates.noindex/MacKit.build/Release/MacKitLifecycle.build/DerivedSources-normal/x86_64 -Xcc -I/Users/geraltgraham/Codes/NeatPaste/app-macos/build/DerivedData/Build/Intermediates.noindex/MacKit.build/Release/MacKitLifecycle.build/DerivedSources/x86_64 -Xcc -I/Users/geraltgraham/Codes/NeatPaste/app-macos/build/DerivedData/Build/Intermediates.noindex/MacKit.build/Release/MacKitLifecycle.build/DerivedSources -Xcc -DSWIFT_PACKAGE -emit-objc-header -emit-objc-header-path /Users/geraltgraham/Codes/NeatPaste/app-macos/build/DerivedData/Build/Intermediates.noindex/MacKit.build/Release/MacKitLifecycle.build/Objects-normal/x86_64/MacKitLifecycle-Swift.h -working-directory /Users/geraltgraham/Codes/NeatPaste/app-macos/NeatPaste.xcodeproj -no-emit-module-separately-wmo

SwiftMergeGeneratedHeaders /Users/geraltgraham/Codes/NeatPaste/app-macos/build/DerivedData/Build/Intermediates.noindex/GeneratedModuleMaps/MacKitLifecycle-Swift.h /Users/geraltgraham/Codes/NeatPaste/app-macos/build/DerivedData/Build/Intermediates.noindex/MacKit.build/Release/MacKitLifecycle.build/Objects-normal/arm64/MacKitLifecycle-Swift.h /Users/geraltgraham/Codes/NeatPaste/app-macos/build/DerivedData/Build/Intermediates.noindex/MacKit.build/Release/MacKitLifecycle.build/Objects-normal/x86_64/MacKitLifecycle-Swift.h (in target 'MacKitLifecycle' from project 'MacKit')
    cd /Users/geraltgraham/Codes/NeatPaste/app-macos/build/DerivedData/SourcePackages/checkouts/mac-kit-swift
    builtin-swiftHeaderTool -arch arm64 /Users/geraltgraham/Codes/NeatPaste/app-macos/build/DerivedData/Build/Intermediates.noindex/MacKit.build/Release/MacKitLifecycle.build/Objects-normal/arm64/MacKitLifecycle-Swift.h -arch x86_64 /Users/geraltgraham/Codes/NeatPaste/app-macos/build/DerivedData/Build/Intermediates.noindex/MacKit.build/Release/MacKitLifecycle.build/Objects-normal/x86_64/MacKitLifecycle-Swift.h -o /Users/geraltgraham/Codes/NeatPaste/app-macos/build/DerivedData/Build/Intermediates.noindex/GeneratedModuleMaps/MacKitLifecycle-Swift.h

Copy /Users/geraltgraham/Codes/NeatPaste/app-macos/build/DerivedData/Build/Products/Release/MacKitLifecycle.swiftmodule/x86_64-apple-macos.swiftmodule /Users/geraltgraham/Codes/NeatPaste/app-macos/build/DerivedData/Build/Intermediates.noindex/MacKit.build/Release/MacKitLifecycle.build/Objects-normal/x86_64/MacKitLifecycle.swiftmodule (in target 'MacKitLifecycle' from project 'MacKit')
    cd /Users/geraltgraham/Codes/NeatPaste/app-macos/build/DerivedData/SourcePackages/checkouts/mac-kit-swift
    builtin-copy -exclude .DS_Store -exclude CVS -exclude .svn -exclude .git -exclude .hg -strip-unsigned-binaries -strip-deterministic -strip-tool /Applications/Xcode.app/Contents/Developer/Toolchains/XcodeDefault.xctoolchain/usr/bin/strip -resolve-src-symlinks -rename /Users/geraltgraham/Codes/NeatPaste/app-macos/build/DerivedData/Build/Intermediates.noindex/MacKit.build/Release/MacKitLifecycle.build/Objects-normal/x86_64/MacKitLifecycle.swiftmodule /Users/geraltgraham/Codes/NeatPaste/app-macos/build/DerivedData/Build/Products/Release/MacKitLifecycle.swiftmodule/x86_64-apple-macos.swiftmodule

Copy /Users/geraltgraham/Codes/NeatPaste/app-macos/build/DerivedData/Build/Products/Release/MacKitLifecycle.swiftmodule/x86_64-apple-macos.abi.json /Users/geraltgraham/Codes/NeatPaste/app-macos/build/DerivedData/Build/Intermediates.noindex/MacKit.build/Release/MacKitLifecycle.build/Objects-normal/x86_64/MacKitLifecycle.abi.json (in target 'MacKitLifecycle' from project 'MacKit')
    cd /Users/geraltgraham/Codes/NeatPaste/app-macos/build/DerivedData/SourcePackages/checkouts/mac-kit-swift
    builtin-copy -exclude .DS_Store -exclude CVS -exclude .svn -exclude .git -exclude .hg -strip-unsigned-binaries -strip-deterministic -strip-tool /Applications/Xcode.app/Contents/Developer/Toolchains/XcodeDefault.xctoolchain/usr/bin/strip -resolve-src-symlinks -rename /Users/geraltgraham/Codes/NeatPaste/app-macos/build/DerivedData/Build/Intermediates.noindex/MacKit.build/Release/MacKitLifecycle.build/Objects-normal/x86_64/MacKitLifecycle.abi.json /Users/geraltgraham/Codes/NeatPaste/app-macos/build/DerivedData/Build/Products/Release/MacKitLifecycle.swiftmodule/x86_64-apple-macos.abi.json

Copy /Users/geraltgraham/Codes/NeatPaste/app-macos/build/DerivedData/Build/Products/Release/MacKitLifecycle.swiftmodule/Project/x86_64-apple-macos.swiftsourceinfo /Users/geraltgraham/Codes/NeatPaste/app-macos/build/DerivedData/Build/Intermediates.noindex/MacKit.build/Release/MacKitLifecycle.build/Objects-normal/x86_64/MacKitLifecycle.swiftsourceinfo (in target 'MacKitLifecycle' from project 'MacKit')
    cd /Users/geraltgraham/Codes/NeatPaste/app-macos/build/DerivedData/SourcePackages/checkouts/mac-kit-swift
    builtin-copy -exclude .DS_Store -exclude CVS -exclude .svn -exclude .git -exclude .hg -strip-unsigned-binaries -strip-deterministic -strip-tool /Applications/Xcode.app/Contents/Developer/Toolchains/XcodeDefault.xctoolchain/usr/bin/strip -resolve-src-symlinks -rename /Users/geraltgraham/Codes/NeatPaste/app-macos/build/DerivedData/Build/Intermediates.noindex/MacKit.build/Release/MacKitLifecycle.build/Objects-normal/x86_64/MacKitLifecycle.swiftsourceinfo /Users/geraltgraham/Codes/NeatPaste/app-macos/build/DerivedData/Build/Products/Release/MacKitLifecycle.swiftmodule/Project/x86_64-apple-macos.swiftsourceinfo

Ld /Users/geraltgraham/Codes/NeatPaste/app-macos/build/DerivedData/Build/Intermediates.noindex/MacKit.build/Release/MacKitLifecycle.build/Objects-normal/x86_64/Binary/MacKitLifecycle.o normal x86_64 (in target 'MacKitLifecycle' from project 'MacKit')
    cd /Users/geraltgraham/Codes/NeatPaste/app-macos/build/DerivedData/SourcePackages/checkouts/mac-kit-swift
    /Applications/Xcode.app/Contents/Developer/Toolchains/XcodeDefault.xctoolchain/usr/bin/clang -Xlinker -reproducible -target x86_64-apple-macos14.0 -r -isysroot /Applications/Xcode.app/Contents/Developer/Platforms/MacOSX.platform/Developer/SDKs/MacOSX26.2.sdk -Os -w -L/Users/geraltgraham/Codes/NeatPaste/app-macos/build/DerivedData/Build/Intermediates.noindex/EagerLinkingTBDs/Release -L/Users/geraltgraham/Codes/NeatPaste/app-macos/build/DerivedData/Build/Products/Release -L/Applications/Xcode.app/Contents/Developer/Platforms/MacOSX.platform/Developer/usr/lib -F/Users/geraltgraham/Codes/NeatPaste/app-macos/build/DerivedData/Build/Intermediates.noindex/EagerLinkingTBDs/Release -F/Users/geraltgraham/Codes/NeatPaste/app-macos/build/DerivedData/Build/Products/Release -iframework /Applications/Xcode.app/Contents/Developer/Platforms/MacOSX.platform/Developer/Library/Frameworks -filelist /Users/geraltgraham/Codes/NeatPaste/app-macos/build/DerivedData/Build/Intermediates.noindex/MacKit.build/Release/MacKitLifecycle.build/Objects-normal/x86_64/MacKitLifecycle.LinkFileList -nostdlib -Xlinker -object_path_lto -Xlinker /Users/geraltgraham/Codes/NeatPaste/app-macos/build/DerivedData/Build/Intermediates.noindex/MacKit.build/Release/MacKitLifecycle.build/Objects-normal/x86_64/MacKitLifecycle_lto.o -Xlinker -dependency_info -Xlinker /Users/geraltgraham/Codes/NeatPaste/app-macos/build/DerivedData/Build/Intermediates.noindex/MacKit.build/Release/MacKitLifecycle.build/Objects-normal/x86_64/MacKitLifecycle_dependency_info.dat -fobjc-link-runtime -L/Applications/Xcode.app/Contents/Developer/Toolchains/XcodeDefault.xctoolchain/usr/lib/swift/macosx -L/usr/lib/swift -Xlinker -add_ast_path -Xlinker /Users/geraltgraham/Codes/NeatPaste/app-macos/build/DerivedData/Build/Intermediates.noindex/MacKit.build/Release/MacKitLifecycle.build/Objects-normal/x86_64/MacKitLifecycle.swiftmodule @/Users/geraltgraham/Codes/NeatPaste/app-macos/build/DerivedData/Build/Intermediates.noindex/MacKit.build/Release/MacKitLifecycle.build/Objects-normal/x86_64/MacKitLifecycle-linker-args.resp -o /Users/geraltgraham/Codes/NeatPaste/app-macos/build/DerivedData/Build/Intermediates.noindex/MacKit.build/Release/MacKitLifecycle.build/Objects-normal/x86_64/Binary/MacKitLifecycle.o

Ld /Users/geraltgraham/Codes/NeatPaste/app-macos/build/DerivedData/Build/Intermediates.noindex/MacKit.build/Release/MacKitLifecycle.build/Objects-normal/arm64/Binary/MacKitLifecycle.o normal arm64 (in target 'MacKitLifecycle' from project 'MacKit')
    cd /Users/geraltgraham/Codes/NeatPaste/app-macos/build/DerivedData/SourcePackages/checkouts/mac-kit-swift
    /Applications/Xcode.app/Contents/Developer/Toolchains/XcodeDefault.xctoolchain/usr/bin/clang -Xlinker -reproducible -target arm64-apple-macos14.0 -r -isysroot /Applications/Xcode.app/Contents/Developer/Platforms/MacOSX.platform/Developer/SDKs/MacOSX26.2.sdk -Os -w -L/Users/geraltgraham/Codes/NeatPaste/app-macos/build/DerivedData/Build/Intermediates.noindex/EagerLinkingTBDs/Release -L/Users/geraltgraham/Codes/NeatPaste/app-macos/build/DerivedData/Build/Products/Release -L/Applications/Xcode.app/Contents/Developer/Platforms/MacOSX.platform/Developer/usr/lib -F/Users/geraltgraham/Codes/NeatPaste/app-macos/build/DerivedData/Build/Intermediates.noindex/EagerLinkingTBDs/Release -F/Users/geraltgraham/Codes/NeatPaste/app-macos/build/DerivedData/Build/Products/Release -iframework /Applications/Xcode.app/Contents/Developer/Platforms/MacOSX.platform/Developer/Library/Frameworks -filelist /Users/geraltgraham/Codes/NeatPaste/app-macos/build/DerivedData/Build/Intermediates.noindex/MacKit.build/Release/MacKitLifecycle.build/Objects-normal/arm64/MacKitLifecycle.LinkFileList -nostdlib -Xlinker -object_path_lto -Xlinker /Users/geraltgraham/Codes/NeatPaste/app-macos/build/DerivedData/Build/Intermediates.noindex/MacKit.build/Release/MacKitLifecycle.build/Objects-normal/arm64/MacKitLifecycle_lto.o -Xlinker -dependency_info -Xlinker /Users/geraltgraham/Codes/NeatPaste/app-macos/build/DerivedData/Build/Intermediates.noindex/MacKit.build/Release/MacKitLifecycle.build/Objects-normal/arm64/MacKitLifecycle_dependency_info.dat -fobjc-link-runtime -L/Applications/Xcode.app/Contents/Developer/Toolchains/XcodeDefault.xctoolchain/usr/lib/swift/macosx -L/usr/lib/swift -Xlinker -add_ast_path -Xlinker /Users/geraltgraham/Codes/NeatPaste/app-macos/build/DerivedData/Build/Intermediates.noindex/MacKit.build/Release/MacKitLifecycle.build/Objects-normal/arm64/MacKitLifecycle.swiftmodule @/Users/geraltgraham/Codes/NeatPaste/app-macos/build/DerivedData/Build/Intermediates.noindex/MacKit.build/Release/MacKitLifecycle.build/Objects-normal/arm64/MacKitLifecycle-linker-args.resp -o /Users/geraltgraham/Codes/NeatPaste/app-macos/build/DerivedData/Build/Intermediates.noindex/MacKit.build/Release/MacKitLifecycle.build/Objects-normal/arm64/Binary/MacKitLifecycle.o

SwiftDriverJobDiscovery normal x86_64 Compiling SparkleUpdateChecker.swift (in target 'MacKitUpdater' from project 'MacKit')

SwiftDriver\ Compilation\ Requirements MacKitUpdater normal x86_64 com.apple.xcode.tools.swift.compiler (in target 'MacKitUpdater' from project 'MacKit')
    cd /Users/geraltgraham/Codes/NeatPaste/app-macos/NeatPaste.xcodeproj
    builtin-Swift-Compilation-Requirements -- /Applications/Xcode.app/Contents/Developer/Toolchains/XcodeDefault.xctoolchain/usr/bin/swiftc -module-name MacKitUpdater -O -whole-module-optimization -enforce-exclusivity\=checked @/Users/geraltgraham/Codes/NeatPaste/app-macos/build/DerivedData/Build/Intermediates.noindex/MacKit.build/Release/MacKitUpdater.build/Objects-normal/x86_64/MacKitUpdater.SwiftFileList -DSWIFT_PACKAGE -DSWIFT_MODULE_RESOURCE_BUNDLE_UNAVAILABLE -DXcode -plugin-path /Applications/Xcode.app/Contents/Developer/Toolchains/XcodeDefault.xctoolchain/usr/lib/swift/host/plugins/testing -enable-experimental-feature DebugDescriptionMacro -sdk /Applications/Xcode.app/Contents/Developer/Platforms/MacOSX.platform/Developer/SDKs/MacOSX26.2.sdk -target x86_64-apple-macos14.0 -g -module-cache-path /Users/geraltgraham/Codes/NeatPaste/app-macos/build/DerivedData/ModuleCache.noindex -Xfrontend -serialize-debugging-options -suppress-warnings -swift-version 6 -I /Users/geraltgraham/Codes/NeatPaste/app-macos/build/DerivedData/Build/Products/Release -Isystem /Applications/Xcode.app/Contents/Developer/Platforms/MacOSX.platform/Developer/usr/lib -F /Users/geraltgraham/Codes/NeatPaste/app-macos/build/DerivedData/Build/Products/Release/PackageFrameworks -F /Users/geraltgraham/Codes/NeatPaste/app-macos/build/DerivedData/Build/Products/Release -F /Applications/Xcode.app/Contents/Developer/Platforms/MacOSX.platform/Developer/Library/Frameworks -parse-as-library -c -num-threads 8 -Xcc -ivfsstatcache -Xcc /Users/geraltgraham/Codes/NeatPaste/app-macos/build/DerivedData/SDKStatCaches.noindex/macosx26.2-25C58-e8867d0c40613ffc63e0238af232dc5000fa09913b459cbbc988d1f6730289ae.sdkstatcache -output-file-map /Users/geraltgraham/Codes/NeatPaste/app-macos/build/DerivedData/Build/Intermediates.noindex/MacKit.build/Release/MacKitUpdater.build/Objects-normal/x86_64/MacKitUpdater-OutputFileMap.json -use-frontend-parseable-output -save-temps -no-color-diagnostics -explicit-module-build -module-cache-path /Users/geraltgraham/Codes/NeatPaste/app-macos/build/DerivedData/Build/Intermediates.noindex/SwiftExplicitPrecompiledModules -clang-scanner-module-cache-path /Users/geraltgraham/Codes/NeatPaste/app-macos/build/DerivedData/ModuleCache.noindex -sdk-module-cache-path /Users/geraltgraham/Codes/NeatPaste/app-macos/build/DerivedData/ModuleCache.noindex -serialize-diagnostics -emit-dependencies -emit-module -emit-module-path /Users/geraltgraham/Codes/NeatPaste/app-macos/build/DerivedData/Build/Intermediates.noindex/MacKit.build/Release/MacKitUpdater.build/Objects-normal/x86_64/MacKitUpdater.swiftmodule -user-module-version 0.1.4 -validate-clang-modules-once -clang-build-session-file /Users/geraltgraham/Codes/NeatPaste/app-macos/build/DerivedData/ModuleCache.noindex/Session.modulevalidation -package-name mac_kit_swift -Xcc -I/Users/geraltgraham/Codes/NeatPaste/app-macos/build/DerivedData/Build/Intermediates.noindex/MacKit.build/Release/MacKitUpdater.build/swift-overrides.hmap -emit-const-values -Xfrontend -const-gather-protocols-file -Xfrontend /Users/geraltgraham/Codes/NeatPaste/app-macos/build/DerivedData/Build/Intermediates.noindex/MacKit.build/Release/MacKitUpdater.build/Objects-normal/x86_64/MacKitUpdater_const_extract_protocols.json -Xcc -I/Users/geraltgraham/Codes/NeatPaste/app-macos/build/DerivedData/Build/Products/Release/include -Xcc -I/Users/geraltgraham/Codes/NeatPaste/app-macos/build/DerivedData/Build/Intermediates.noindex/MacKit.build/Release/MacKitUpdater.build/DerivedSources-normal/x86_64 -Xcc -I/Users/geraltgraham/Codes/NeatPaste/app-macos/build/DerivedData/Build/Intermediates.noindex/MacKit.build/Release/MacKitUpdater.build/DerivedSources/x86_64 -Xcc -I/Users/geraltgraham/Codes/NeatPaste/app-macos/build/DerivedData/Build/Intermediates.noindex/MacKit.build/Release/MacKitUpdater.build/DerivedSources -Xcc -DSWIFT_PACKAGE -emit-objc-header -emit-objc-header-path /Users/geraltgraham/Codes/NeatPaste/app-macos/build/DerivedData/Build/Intermediates.noindex/MacKit.build/Release/MacKitUpdater.build/Objects-normal/x86_64/MacKitUpdater-Swift.h -working-directory /Users/geraltgraham/Codes/NeatPaste/app-macos/NeatPaste.xcodeproj -no-emit-module-separately-wmo

Copy /Users/geraltgraham/Codes/NeatPaste/app-macos/build/DerivedData/Build/Products/Release/MacKitUpdater.swiftmodule/x86_64-apple-macos.swiftmodule /Users/geraltgraham/Codes/NeatPaste/app-macos/build/DerivedData/Build/Intermediates.noindex/MacKit.build/Release/MacKitUpdater.build/Objects-normal/x86_64/MacKitUpdater.swiftmodule (in target 'MacKitUpdater' from project 'MacKit')
    cd /Users/geraltgraham/Codes/NeatPaste/app-macos/build/DerivedData/SourcePackages/checkouts/mac-kit-swift
    builtin-copy -exclude .DS_Store -exclude CVS -exclude .svn -exclude .git -exclude .hg -strip-unsigned-binaries -strip-deterministic -strip-tool /Applications/Xcode.app/Contents/Developer/Toolchains/XcodeDefault.xctoolchain/usr/bin/strip -resolve-src-symlinks -rename /Users/geraltgraham/Codes/NeatPaste/app-macos/build/DerivedData/Build/Intermediates.noindex/MacKit.build/Release/MacKitUpdater.build/Objects-normal/x86_64/MacKitUpdater.swiftmodule /Users/geraltgraham/Codes/NeatPaste/app-macos/build/DerivedData/Build/Products/Release/MacKitUpdater.swiftmodule/x86_64-apple-macos.swiftmodule

Copy /Users/geraltgraham/Codes/NeatPaste/app-macos/build/DerivedData/Build/Products/Release/MacKitUpdater.swiftmodule/x86_64-apple-macos.swiftdoc /Users/geraltgraham/Codes/NeatPaste/app-macos/build/DerivedData/Build/Intermediates.noindex/MacKit.build/Release/MacKitUpdater.build/Objects-normal/x86_64/MacKitUpdater.swiftdoc (in target 'MacKitUpdater' from project 'MacKit')
    cd /Users/geraltgraham/Codes/NeatPaste/app-macos/build/DerivedData/SourcePackages/checkouts/mac-kit-swift
    builtin-copy -exclude .DS_Store -exclude CVS -exclude .svn -exclude .git -exclude .hg -strip-unsigned-binaries -strip-deterministic -strip-tool /Applications/Xcode.app/Contents/Developer/Toolchains/XcodeDefault.xctoolchain/usr/bin/strip -resolve-src-symlinks -rename /Users/geraltgraham/Codes/NeatPaste/app-macos/build/DerivedData/Build/Intermediates.noindex/MacKit.build/Release/MacKitUpdater.build/Objects-normal/x86_64/MacKitUpdater.swiftdoc /Users/geraltgraham/Codes/NeatPaste/app-macos/build/DerivedData/Build/Products/Release/MacKitUpdater.swiftmodule/x86_64-apple-macos.swiftdoc

Copy /Users/geraltgraham/Codes/NeatPaste/app-macos/build/DerivedData/Build/Products/Release/MacKitUpdater.swiftmodule/x86_64-apple-macos.abi.json /Users/geraltgraham/Codes/NeatPaste/app-macos/build/DerivedData/Build/Intermediates.noindex/MacKit.build/Release/MacKitUpdater.build/Objects-normal/x86_64/MacKitUpdater.abi.json (in target 'MacKitUpdater' from project 'MacKit')
    cd /Users/geraltgraham/Codes/NeatPaste/app-macos/build/DerivedData/SourcePackages/checkouts/mac-kit-swift
    builtin-copy -exclude .DS_Store -exclude CVS -exclude .svn -exclude .git -exclude .hg -strip-unsigned-binaries -strip-deterministic -strip-tool /Applications/Xcode.app/Contents/Developer/Toolchains/XcodeDefault.xctoolchain/usr/bin/strip -resolve-src-symlinks -rename /Users/geraltgraham/Codes/NeatPaste/app-macos/build/DerivedData/Build/Intermediates.noindex/MacKit.build/Release/MacKitUpdater.build/Objects-normal/x86_64/MacKitUpdater.abi.json /Users/geraltgraham/Codes/NeatPaste/app-macos/build/DerivedData/Build/Products/Release/MacKitUpdater.swiftmodule/x86_64-apple-macos.abi.json

Copy /Users/geraltgraham/Codes/NeatPaste/app-macos/build/DerivedData/Build/Products/Release/MacKitUpdater.swiftmodule/Project/x86_64-apple-macos.swiftsourceinfo /Users/geraltgraham/Codes/NeatPaste/app-macos/build/DerivedData/Build/Intermediates.noindex/MacKit.build/Release/MacKitUpdater.build/Objects-normal/x86_64/MacKitUpdater.swiftsourceinfo (in target 'MacKitUpdater' from project 'MacKit')
    cd /Users/geraltgraham/Codes/NeatPaste/app-macos/build/DerivedData/SourcePackages/checkouts/mac-kit-swift
    builtin-copy -exclude .DS_Store -exclude CVS -exclude .svn -exclude .git -exclude .hg -strip-unsigned-binaries -strip-deterministic -strip-tool /Applications/Xcode.app/Contents/Developer/Toolchains/XcodeDefault.xctoolchain/usr/bin/strip -resolve-src-symlinks -rename /Users/geraltgraham/Codes/NeatPaste/app-macos/build/DerivedData/Build/Intermediates.noindex/MacKit.build/Release/MacKitUpdater.build/Objects-normal/x86_64/MacKitUpdater.swiftsourceinfo /Users/geraltgraham/Codes/NeatPaste/app-macos/build/DerivedData/Build/Products/Release/MacKitUpdater.swiftmodule/Project/x86_64-apple-macos.swiftsourceinfo

CreateUniversalBinary /Users/geraltgraham/Codes/NeatPaste/app-macos/build/DerivedData/Build/Products/Release/MacKitLifecycle.o normal arm64\ x86_64 (in target 'MacKitLifecycle' from project 'MacKit')
    cd /Users/geraltgraham/Codes/NeatPaste/app-macos/build/DerivedData/SourcePackages/checkouts/mac-kit-swift
    /Applications/Xcode.app/Contents/Developer/Toolchains/XcodeDefault.xctoolchain/usr/bin/lipo -create /Users/geraltgraham/Codes/NeatPaste/app-macos/build/DerivedData/Build/Intermediates.noindex/MacKit.build/Release/MacKitLifecycle.build/Objects-normal/arm64/Binary/MacKitLifecycle.o /Users/geraltgraham/Codes/NeatPaste/app-macos/build/DerivedData/Build/Intermediates.noindex/MacKit.build/Release/MacKitLifecycle.build/Objects-normal/x86_64/Binary/MacKitLifecycle.o -output /Users/geraltgraham/Codes/NeatPaste/app-macos/build/DerivedData/Build/Products/Release/MacKitLifecycle.o

ExtractAppIntentsMetadata (in target 'MacKitLifecycle' from project 'MacKit')
    cd /Users/geraltgraham/Codes/NeatPaste/app-macos/build/DerivedData/SourcePackages/checkouts/mac-kit-swift
    /Applications/Xcode.app/Contents/Developer/Toolchains/XcodeDefault.xctoolchain/usr/bin/appintentsmetadataprocessor --toolchain-dir /var/run/com.apple.security.cryptexd/mnt/com.apple.MobileAsset.MetalToolchain-v17.3.519.0.Mve7GT/Metal.xctoolchain --module-name MacKitLifecycle --sdk-root /Applications/Xcode.app/Contents/Developer/Platforms/MacOSX.platform/Developer/SDKs/MacOSX26.2.sdk --xcode-version 17C519 --platform-family macOS --deployment-target 14.0 --bundle-identifier mac-kit-swift.MacKitLifecycle --output /Users/geraltgraham/Codes/NeatPaste/app-macos/build/DerivedData/Build/Products/Release/MacKitLifecycle.appintents --target-triple arm64-apple-macos14.0 --target-triple x86_64-apple-macos14.0 --binary-file /Users/geraltgraham/Codes/NeatPaste/app-macos/build/DerivedData/Build/Products/Release/MacKitLifecycle.o --dependency-file /Users/geraltgraham/Codes/NeatPaste/app-macos/build/DerivedData/Build/Intermediates.noindex/MacKit.build/Release/MacKitLifecycle.build/Objects-normal/arm64/MacKitLifecycle_dependency_info.dat --dependency-file /Users/geraltgraham/Codes/NeatPaste/app-macos/build/DerivedData/Build/Intermediates.noindex/MacKit.build/Release/MacKitLifecycle.build/Objects-normal/x86_64/MacKitLifecycle_dependency_info.dat --stringsdata-file /Users/geraltgraham/Codes/NeatPaste/app-macos/build/DerivedData/Build/Intermediates.noindex/MacKit.build/Release/MacKitLifecycle.build/Objects-normal/arm64/ExtractedAppShortcutsMetadata.stringsdata --stringsdata-file /Users/geraltgraham/Codes/NeatPaste/app-macos/build/DerivedData/Build/Intermediates.noindex/MacKit.build/Release/MacKitLifecycle.build/Objects-normal/x86_64/ExtractedAppShortcutsMetadata.stringsdata --source-file-list /Users/geraltgraham/Codes/NeatPaste/app-macos/build/DerivedData/Build/Intermediates.noindex/MacKit.build/Release/MacKitLifecycle.build/Objects-normal/arm64/MacKitLifecycle.SwiftFileList --source-file-list /Users/geraltgraham/Codes/NeatPaste/app-macos/build/DerivedData/Build/Intermediates.noindex/MacKit.build/Release/MacKitLifecycle.build/Objects-normal/x86_64/MacKitLifecycle.SwiftFileList --metadata-file-list /Users/geraltgraham/Codes/NeatPaste/app-macos/build/DerivedData/Build/Intermediates.noindex/MacKit.build/Release/MacKitLifecycle.build/MacKitLifecycle.DependencyMetadataFileList --static-metadata-file-list /Users/geraltgraham/Codes/NeatPaste/app-macos/build/DerivedData/Build/Intermediates.noindex/MacKit.build/Release/MacKitLifecycle.build/MacKitLifecycle.DependencyStaticMetadataFileList --swift-const-vals-list /Users/geraltgraham/Codes/NeatPaste/app-macos/build/DerivedData/Build/Intermediates.noindex/MacKit.build/Release/MacKitLifecycle.build/Objects-normal/arm64/MacKitLifecycle.SwiftConstValuesFileList --swift-const-vals-list /Users/geraltgraham/Codes/NeatPaste/app-macos/build/DerivedData/Build/Intermediates.noindex/MacKit.build/Release/MacKitLifecycle.build/Objects-normal/x86_64/MacKitLifecycle.SwiftConstValuesFileList --force --compile-time-extraction --deployment-aware-processing --validate-assistant-intents --no-app-shortcuts-localization
2026-09-07 15:02:44.585 appintentsmetadataprocessor[70447:16096356] Starting appintentsmetadataprocessor export
2026-09-07 15:02:44.698 appintentsmetadataprocessor[70447:16096356] Extracted no relevant App Intents symbols, skipping writing output

SwiftDriverJobDiscovery normal arm64 Compiling SparkleUpdateChecker.swift (in target 'MacKitUpdater' from project 'MacKit')

SwiftDriver\ Compilation\ Requirements MacKitUpdater normal arm64 com.apple.xcode.tools.swift.compiler (in target 'MacKitUpdater' from project 'MacKit')
    cd /Users/geraltgraham/Codes/NeatPaste/app-macos/NeatPaste.xcodeproj
    builtin-Swift-Compilation-Requirements -- /Applications/Xcode.app/Contents/Developer/Toolchains/XcodeDefault.xctoolchain/usr/bin/swiftc -module-name MacKitUpdater -O -whole-module-optimization -enforce-exclusivity\=checked @/Users/geraltgraham/Codes/NeatPaste/app-macos/build/DerivedData/Build/Intermediates.noindex/MacKit.build/Release/MacKitUpdater.build/Objects-normal/arm64/MacKitUpdater.SwiftFileList -DSWIFT_PACKAGE -DSWIFT_MODULE_RESOURCE_BUNDLE_UNAVAILABLE -DXcode -plugin-path /Applications/Xcode.app/Contents/Developer/Toolchains/XcodeDefault.xctoolchain/usr/lib/swift/host/plugins/testing -enable-experimental-feature DebugDescriptionMacro -sdk /Applications/Xcode.app/Contents/Developer/Platforms/MacOSX.platform/Developer/SDKs/MacOSX26.2.sdk -target arm64-apple-macos14.0 -g -module-cache-path /Users/geraltgraham/Codes/NeatPaste/app-macos/build/DerivedData/ModuleCache.noindex -Xfrontend -serialize-debugging-options -suppress-warnings -swift-version 6 -I /Users/geraltgraham/Codes/NeatPaste/app-macos/build/DerivedData/Build/Products/Release -Isystem /Applications/Xcode.app/Contents/Developer/Platforms/MacOSX.platform/Developer/usr/lib -F /Users/geraltgraham/Codes/NeatPaste/app-macos/build/DerivedData/Build/Products/Release/PackageFrameworks -F /Users/geraltgraham/Codes/NeatPaste/app-macos/build/DerivedData/Build/Products/Release -F /Applications/Xcode.app/Contents/Developer/Platforms/MacOSX.platform/Developer/Library/Frameworks -parse-as-library -c -num-threads 8 -Xcc -ivfsstatcache -Xcc /Users/geraltgraham/Codes/NeatPaste/app-macos/build/DerivedData/SDKStatCaches.noindex/macosx26.2-25C58-e8867d0c40613ffc63e0238af232dc5000fa09913b459cbbc988d1f6730289ae.sdkstatcache -output-file-map /Users/geraltgraham/Codes/NeatPaste/app-macos/build/DerivedData/Build/Intermediates.noindex/MacKit.build/Release/MacKitUpdater.build/Objects-normal/arm64/MacKitUpdater-OutputFileMap.json -use-frontend-parseable-output -save-temps -no-color-diagnostics -explicit-module-build -module-cache-path /Users/geraltgraham/Codes/NeatPaste/app-macos/build/DerivedData/Build/Intermediates.noindex/SwiftExplicitPrecompiledModules -clang-scanner-module-cache-path /Users/geraltgraham/Codes/NeatPaste/app-macos/build/DerivedData/ModuleCache.noindex -sdk-module-cache-path /Users/geraltgraham/Codes/NeatPaste/app-macos/build/DerivedData/ModuleCache.noindex -serialize-diagnostics -emit-dependencies -emit-module -emit-module-path /Users/geraltgraham/Codes/NeatPaste/app-macos/build/DerivedData/Build/Intermediates.noindex/MacKit.build/Release/MacKitUpdater.build/Objects-normal/arm64/MacKitUpdater.swiftmodule -user-module-version 0.1.4 -validate-clang-modules-once -clang-build-session-file /Users/geraltgraham/Codes/NeatPaste/app-macos/build/DerivedData/ModuleCache.noindex/Session.modulevalidation -package-name mac_kit_swift -Xcc -I/Users/geraltgraham/Codes/NeatPaste/app-macos/build/DerivedData/Build/Intermediates.noindex/MacKit.build/Release/MacKitUpdater.build/swift-overrides.hmap -emit-const-values -Xfrontend -const-gather-protocols-file -Xfrontend /Users/geraltgraham/Codes/NeatPaste/app-macos/build/DerivedData/Build/Intermediates.noindex/MacKit.build/Release/MacKitUpdater.build/Objects-normal/arm64/MacKitUpdater_const_extract_protocols.json -Xcc -I/Users/geraltgraham/Codes/NeatPaste/app-macos/build/DerivedData/Build/Products/Release/include -Xcc -I/Users/geraltgraham/Codes/NeatPaste/app-macos/build/DerivedData/Build/Intermediates.noindex/MacKit.build/Release/MacKitUpdater.build/DerivedSources-normal/arm64 -Xcc -I/Users/geraltgraham/Codes/NeatPaste/app-macos/build/DerivedData/Build/Intermediates.noindex/MacKit.build/Release/MacKitUpdater.build/DerivedSources/arm64 -Xcc -I/Users/geraltgraham/Codes/NeatPaste/app-macos/build/DerivedData/Build/Intermediates.noindex/MacKit.build/Release/MacKitUpdater.build/DerivedSources -Xcc -DSWIFT_PACKAGE -emit-objc-header -emit-objc-header-path /Users/geraltgraham/Codes/NeatPaste/app-macos/build/DerivedData/Build/Intermediates.noindex/MacKit.build/Release/MacKitUpdater.build/Objects-normal/arm64/MacKitUpdater-Swift.h -working-directory /Users/geraltgraham/Codes/NeatPaste/app-macos/NeatPaste.xcodeproj -no-emit-module-separately-wmo

SwiftMergeGeneratedHeaders /Users/geraltgraham/Codes/NeatPaste/app-macos/build/DerivedData/Build/Intermediates.noindex/GeneratedModuleMaps/MacKitUpdater-Swift.h /Users/geraltgraham/Codes/NeatPaste/app-macos/build/DerivedData/Build/Intermediates.noindex/MacKit.build/Release/MacKitUpdater.build/Objects-normal/arm64/MacKitUpdater-Swift.h /Users/geraltgraham/Codes/NeatPaste/app-macos/build/DerivedData/Build/Intermediates.noindex/MacKit.build/Release/MacKitUpdater.build/Objects-normal/x86_64/MacKitUpdater-Swift.h (in target 'MacKitUpdater' from project 'MacKit')
    cd /Users/geraltgraham/Codes/NeatPaste/app-macos/build/DerivedData/SourcePackages/checkouts/mac-kit-swift
    builtin-swiftHeaderTool -arch arm64 /Users/geraltgraham/Codes/NeatPaste/app-macos/build/DerivedData/Build/Intermediates.noindex/MacKit.build/Release/MacKitUpdater.build/Objects-normal/arm64/MacKitUpdater-Swift.h -arch x86_64 /Users/geraltgraham/Codes/NeatPaste/app-macos/build/DerivedData/Build/Intermediates.noindex/MacKit.build/Release/MacKitUpdater.build/Objects-normal/x86_64/MacKitUpdater-Swift.h -o /Users/geraltgraham/Codes/NeatPaste/app-macos/build/DerivedData/Build/Intermediates.noindex/GeneratedModuleMaps/MacKitUpdater-Swift.h

Copy /Users/geraltgraham/Codes/NeatPaste/app-macos/build/DerivedData/Build/Products/Release/MacKitUpdater.swiftmodule/arm64-apple-macos.swiftmodule /Users/geraltgraham/Codes/NeatPaste/app-macos/build/DerivedData/Build/Intermediates.noindex/MacKit.build/Release/MacKitUpdater.build/Objects-normal/arm64/MacKitUpdater.swiftmodule (in target 'MacKitUpdater' from project 'MacKit')
    cd /Users/geraltgraham/Codes/NeatPaste/app-macos/build/DerivedData/SourcePackages/checkouts/mac-kit-swift
    builtin-copy -exclude .DS_Store -exclude CVS -exclude .svn -exclude .git -exclude .hg -strip-unsigned-binaries -strip-deterministic -strip-tool /Applications/Xcode.app/Contents/Developer/Toolchains/XcodeDefault.xctoolchain/usr/bin/strip -resolve-src-symlinks -rename /Users/geraltgraham/Codes/NeatPaste/app-macos/build/DerivedData/Build/Intermediates.noindex/MacKit.build/Release/MacKitUpdater.build/Objects-normal/arm64/MacKitUpdater.swiftmodule /Users/geraltgraham/Codes/NeatPaste/app-macos/build/DerivedData/Build/Products/Release/MacKitUpdater.swiftmodule/arm64-apple-macos.swiftmodule

Copy /Users/geraltgraham/Codes/NeatPaste/app-macos/build/DerivedData/Build/Products/Release/MacKitUpdater.swiftmodule/arm64-apple-macos.abi.json /Users/geraltgraham/Codes/NeatPaste/app-macos/build/DerivedData/Build/Intermediates.noindex/MacKit.build/Release/MacKitUpdater.build/Objects-normal/arm64/MacKitUpdater.abi.json (in target 'MacKitUpdater' from project 'MacKit')
    cd /Users/geraltgraham/Codes/NeatPaste/app-macos/build/DerivedData/SourcePackages/checkouts/mac-kit-swift
    builtin-copy -exclude .DS_Store -exclude CVS -exclude .svn -exclude .git -exclude .hg -strip-unsigned-binaries -strip-deterministic -strip-tool /Applications/Xcode.app/Contents/Developer/Toolchains/XcodeDefault.xctoolchain/usr/bin/strip -resolve-src-symlinks -rename /Users/geraltgraham/Codes/NeatPaste/app-macos/build/DerivedData/Build/Intermediates.noindex/MacKit.build/Release/MacKitUpdater.build/Objects-normal/arm64/MacKitUpdater.abi.json /Users/geraltgraham/Codes/NeatPaste/app-macos/build/DerivedData/Build/Products/Release/MacKitUpdater.swiftmodule/arm64-apple-macos.abi.json

Copy /Users/geraltgraham/Codes/NeatPaste/app-macos/build/DerivedData/Build/Products/Release/MacKitUpdater.swiftmodule/arm64-apple-macos.swiftdoc /Users/geraltgraham/Codes/NeatPaste/app-macos/build/DerivedData/Build/Intermediates.noindex/MacKit.build/Release/MacKitUpdater.build/Objects-normal/arm64/MacKitUpdater.swiftdoc (in target 'MacKitUpdater' from project 'MacKit')
    cd /Users/geraltgraham/Codes/NeatPaste/app-macos/build/DerivedData/SourcePackages/checkouts/mac-kit-swift
    builtin-copy -exclude .DS_Store -exclude CVS -exclude .svn -exclude .git -exclude .hg -strip-unsigned-binaries -strip-deterministic -strip-tool /Applications/Xcode.app/Contents/Developer/Toolchains/XcodeDefault.xctoolchain/usr/bin/strip -resolve-src-symlinks -rename /Users/geraltgraham/Codes/NeatPaste/app-macos/build/DerivedData/Build/Intermediates.noindex/MacKit.build/Release/MacKitUpdater.build/Objects-normal/arm64/MacKitUpdater.swiftdoc /Users/geraltgraham/Codes/NeatPaste/app-macos/build/DerivedData/Build/Products/Release/MacKitUpdater.swiftmodule/arm64-apple-macos.swiftdoc

Copy /Users/geraltgraham/Codes/NeatPaste/app-macos/build/DerivedData/Build/Products/Release/MacKitUpdater.swiftmodule/Project/arm64-apple-macos.swiftsourceinfo /Users/geraltgraham/Codes/NeatPaste/app-macos/build/DerivedData/Build/Intermediates.noindex/MacKit.build/Release/MacKitUpdater.build/Objects-normal/arm64/MacKitUpdater.swiftsourceinfo (in target 'MacKitUpdater' from project 'MacKit')
    cd /Users/geraltgraham/Codes/NeatPaste/app-macos/build/DerivedData/SourcePackages/checkouts/mac-kit-swift
    builtin-copy -exclude .DS_Store -exclude CVS -exclude .svn -exclude .git -exclude .hg -strip-unsigned-binaries -strip-deterministic -strip-tool /Applications/Xcode.app/Contents/Developer/Toolchains/XcodeDefault.xctoolchain/usr/bin/strip -resolve-src-symlinks -rename /Users/geraltgraham/Codes/NeatPaste/app-macos/build/DerivedData/Build/Intermediates.noindex/MacKit.build/Release/MacKitUpdater.build/Objects-normal/arm64/MacKitUpdater.swiftsourceinfo /Users/geraltgraham/Codes/NeatPaste/app-macos/build/DerivedData/Build/Products/Release/MacKitUpdater.swiftmodule/Project/arm64-apple-macos.swiftsourceinfo

RegisterExecutionPolicyException /Users/geraltgraham/Codes/NeatPaste/app-macos/build/DerivedData/Build/Products/Release/MacKitCore.o (in target 'MacKitCore' from project 'MacKit')
    cd /Users/geraltgraham/Codes/NeatPaste/app-macos/build/DerivedData/SourcePackages/checkouts/mac-kit-swift
    builtin-RegisterExecutionPolicyException /Users/geraltgraham/Codes/NeatPaste/app-macos/build/DerivedData/Build/Products/Release/MacKitCore.o

Ld /Users/geraltgraham/Codes/NeatPaste/app-macos/build/DerivedData/Build/Intermediates.noindex/MacKit.build/Release/MacKitLaunchAtLogin.build/Objects-normal/x86_64/Binary/MacKitLaunchAtLogin.o normal x86_64 (in target 'MacKitLaunchAtLogin' from project 'MacKit')
    cd /Users/geraltgraham/Codes/NeatPaste/app-macos/build/DerivedData/SourcePackages/checkouts/mac-kit-swift
    /Applications/Xcode.app/Contents/Developer/Toolchains/XcodeDefault.xctoolchain/usr/bin/clang -Xlinker -reproducible -target x86_64-apple-macos14.0 -r -isysroot /Applications/Xcode.app/Contents/Developer/Platforms/MacOSX.platform/Developer/SDKs/MacOSX26.2.sdk -Os -w -L/Users/geraltgraham/Codes/NeatPaste/app-macos/build/DerivedData/Build/Intermediates.noindex/EagerLinkingTBDs/Release -L/Users/geraltgraham/Codes/NeatPaste/app-macos/build/DerivedData/Build/Products/Release -L/Applications/Xcode.app/Contents/Developer/Platforms/MacOSX.platform/Developer/usr/lib -F/Users/geraltgraham/Codes/NeatPaste/app-macos/build/DerivedData/Build/Intermediates.noindex/EagerLinkingTBDs/Release -F/Users/geraltgraham/Codes/NeatPaste/app-macos/build/DerivedData/Build/Products/Release/PackageFrameworks -F/Users/geraltgraham/Codes/NeatPaste/app-macos/build/DerivedData/Build/Products/Release -iframework /Applications/Xcode.app/Contents/Developer/Platforms/MacOSX.platform/Developer/Library/Frameworks -filelist /Users/geraltgraham/Codes/NeatPaste/app-macos/build/DerivedData/Build/Intermediates.noindex/MacKit.build/Release/MacKitLaunchAtLogin.build/Objects-normal/x86_64/MacKitLaunchAtLogin.LinkFileList -nostdlib -Xlinker -object_path_lto -Xlinker /Users/geraltgraham/Codes/NeatPaste/app-macos/build/DerivedData/Build/Intermediates.noindex/MacKit.build/Release/MacKitLaunchAtLogin.build/Objects-normal/x86_64/MacKitLaunchAtLogin_lto.o -Xlinker -dependency_info -Xlinker /Users/geraltgraham/Codes/NeatPaste/app-macos/build/DerivedData/Build/Intermediates.noindex/MacKit.build/Release/MacKitLaunchAtLogin.build/Objects-normal/x86_64/MacKitLaunchAtLogin_dependency_info.dat -fobjc-link-runtime -L/Applications/Xcode.app/Contents/Developer/Toolchains/XcodeDefault.xctoolchain/usr/lib/swift/macosx -L/usr/lib/swift -Xlinker -add_ast_path -Xlinker /Users/geraltgraham/Codes/NeatPaste/app-macos/build/DerivedData/Build/Intermediates.noindex/MacKit.build/Release/MacKitLaunchAtLogin.build/Objects-normal/x86_64/MacKitLaunchAtLogin.swiftmodule @/Users/geraltgraham/Codes/NeatPaste/app-macos/build/DerivedData/Build/Intermediates.noindex/MacKit.build/Release/MacKitLaunchAtLogin.build/Objects-normal/x86_64/MacKitLaunchAtLogin-linker-args.resp -o /Users/geraltgraham/Codes/NeatPaste/app-macos/build/DerivedData/Build/Intermediates.noindex/MacKit.build/Release/MacKitLaunchAtLogin.build/Objects-normal/x86_64/Binary/MacKitLaunchAtLogin.o

Ld /Users/geraltgraham/Codes/NeatPaste/app-macos/build/DerivedData/Build/Intermediates.noindex/MacKit.build/Release/MacKitLaunchAtLogin.build/Objects-normal/arm64/Binary/MacKitLaunchAtLogin.o normal arm64 (in target 'MacKitLaunchAtLogin' from project 'MacKit')
    cd /Users/geraltgraham/Codes/NeatPaste/app-macos/build/DerivedData/SourcePackages/checkouts/mac-kit-swift
    /Applications/Xcode.app/Contents/Developer/Toolchains/XcodeDefault.xctoolchain/usr/bin/clang -Xlinker -reproducible -target arm64-apple-macos14.0 -r -isysroot /Applications/Xcode.app/Contents/Developer/Platforms/MacOSX.platform/Developer/SDKs/MacOSX26.2.sdk -Os -w -L/Users/geraltgraham/Codes/NeatPaste/app-macos/build/DerivedData/Build/Intermediates.noindex/EagerLinkingTBDs/Release -L/Users/geraltgraham/Codes/NeatPaste/app-macos/build/DerivedData/Build/Products/Release -L/Applications/Xcode.app/Contents/Developer/Platforms/MacOSX.platform/Developer/usr/lib -F/Users/geraltgraham/Codes/NeatPaste/app-macos/build/DerivedData/Build/Intermediates.noindex/EagerLinkingTBDs/Release -F/Users/geraltgraham/Codes/NeatPaste/app-macos/build/DerivedData/Build/Products/Release/PackageFrameworks -F/Users/geraltgraham/Codes/NeatPaste/app-macos/build/DerivedData/Build/Products/Release -iframework /Applications/Xcode.app/Contents/Developer/Platforms/MacOSX.platform/Developer/Library/Frameworks -filelist /Users/geraltgraham/Codes/NeatPaste/app-macos/build/DerivedData/Build/Intermediates.noindex/MacKit.build/Release/MacKitLaunchAtLogin.build/Objects-normal/arm64/MacKitLaunchAtLogin.LinkFileList -nostdlib -Xlinker -object_path_lto -Xlinker /Users/geraltgraham/Codes/NeatPaste/app-macos/build/DerivedData/Build/Intermediates.noindex/MacKit.build/Release/MacKitLaunchAtLogin.build/Objects-normal/arm64/MacKitLaunchAtLogin_lto.o -Xlinker -dependency_info -Xlinker /Users/geraltgraham/Codes/NeatPaste/app-macos/build/DerivedData/Build/Intermediates.noindex/MacKit.build/Release/MacKitLaunchAtLogin.build/Objects-normal/arm64/MacKitLaunchAtLogin_dependency_info.dat -fobjc-link-runtime -L/Applications/Xcode.app/Contents/Developer/Toolchains/XcodeDefault.xctoolchain/usr/lib/swift/macosx -L/usr/lib/swift -Xlinker -add_ast_path -Xlinker /Users/geraltgraham/Codes/NeatPaste/app-macos/build/DerivedData/Build/Intermediates.noindex/MacKit.build/Release/MacKitLaunchAtLogin.build/Objects-normal/arm64/MacKitLaunchAtLogin.swiftmodule @/Users/geraltgraham/Codes/NeatPaste/app-macos/build/DerivedData/Build/Intermediates.noindex/MacKit.build/Release/MacKitLaunchAtLogin.build/Objects-normal/arm64/MacKitLaunchAtLogin-linker-args.resp -o /Users/geraltgraham/Codes/NeatPaste/app-macos/build/DerivedData/Build/Intermediates.noindex/MacKit.build/Release/MacKitLaunchAtLogin.build/Objects-normal/arm64/Binary/MacKitLaunchAtLogin.o

Ld /Users/geraltgraham/Codes/NeatPaste/app-macos/build/DerivedData/Build/Intermediates.noindex/MacKit.build/Release/MacKitUpdater.build/Objects-normal/arm64/Binary/MacKitUpdater.o normal arm64 (in target 'MacKitUpdater' from project 'MacKit')
    cd /Users/geraltgraham/Codes/NeatPaste/app-macos/build/DerivedData/SourcePackages/checkouts/mac-kit-swift
    /Applications/Xcode.app/Contents/Developer/Toolchains/XcodeDefault.xctoolchain/usr/bin/clang -Xlinker -reproducible -target arm64-apple-macos14.0 -r -isysroot /Applications/Xcode.app/Contents/Developer/Platforms/MacOSX.platform/Developer/SDKs/MacOSX26.2.sdk -Os -w -L/Users/geraltgraham/Codes/NeatPaste/app-macos/build/DerivedData/Build/Intermediates.noindex/EagerLinkingTBDs/Release -L/Users/geraltgraham/Codes/NeatPaste/app-macos/build/DerivedData/Build/Products/Release -L/Applications/Xcode.app/Contents/Developer/Platforms/MacOSX.platform/Developer/usr/lib -F/Users/geraltgraham/Codes/NeatPaste/app-macos/build/DerivedData/Build/Intermediates.noindex/EagerLinkingTBDs/Release -F/Users/geraltgraham/Codes/NeatPaste/app-macos/build/DerivedData/Build/Products/Release/PackageFrameworks -F/Users/geraltgraham/Codes/NeatPaste/app-macos/build/DerivedData/Build/Products/Release -iframework /Applications/Xcode.app/Contents/Developer/Platforms/MacOSX.platform/Developer/Library/Frameworks -filelist /Users/geraltgraham/Codes/NeatPaste/app-macos/build/DerivedData/Build/Intermediates.noindex/MacKit.build/Release/MacKitUpdater.build/Objects-normal/arm64/MacKitUpdater.LinkFileList -nostdlib -Xlinker -object_path_lto -Xlinker /Users/geraltgraham/Codes/NeatPaste/app-macos/build/DerivedData/Build/Intermediates.noindex/MacKit.build/Release/MacKitUpdater.build/Objects-normal/arm64/MacKitUpdater_lto.o -Xlinker -dependency_info -Xlinker /Users/geraltgraham/Codes/NeatPaste/app-macos/build/DerivedData/Build/Intermediates.noindex/MacKit.build/Release/MacKitUpdater.build/Objects-normal/arm64/MacKitUpdater_dependency_info.dat -fobjc-link-runtime -L/Applications/Xcode.app/Contents/Developer/Toolchains/XcodeDefault.xctoolchain/usr/lib/swift/macosx -L/usr/lib/swift -Xlinker -add_ast_path -Xlinker /Users/geraltgraham/Codes/NeatPaste/app-macos/build/DerivedData/Build/Intermediates.noindex/MacKit.build/Release/MacKitUpdater.build/Objects-normal/arm64/MacKitUpdater.swiftmodule @/Users/geraltgraham/Codes/NeatPaste/app-macos/build/DerivedData/Build/Intermediates.noindex/MacKit.build/Release/MacKitUpdater.build/Objects-normal/arm64/MacKitUpdater-linker-args.resp -o /Users/geraltgraham/Codes/NeatPaste/app-macos/build/DerivedData/Build/Intermediates.noindex/MacKit.build/Release/MacKitUpdater.build/Objects-normal/arm64/Binary/MacKitUpdater.o

Ld /Users/geraltgraham/Codes/NeatPaste/app-macos/build/DerivedData/Build/Intermediates.noindex/MacKit.build/Release/MacKitUpdater.build/Objects-normal/x86_64/Binary/MacKitUpdater.o normal x86_64 (in target 'MacKitUpdater' from project 'MacKit')
    cd /Users/geraltgraham/Codes/NeatPaste/app-macos/build/DerivedData/SourcePackages/checkouts/mac-kit-swift
    /Applications/Xcode.app/Contents/Developer/Toolchains/XcodeDefault.xctoolchain/usr/bin/clang -Xlinker -reproducible -target x86_64-apple-macos14.0 -r -isysroot /Applications/Xcode.app/Contents/Developer/Platforms/MacOSX.platform/Developer/SDKs/MacOSX26.2.sdk -Os -w -L/Users/geraltgraham/Codes/NeatPaste/app-macos/build/DerivedData/Build/Intermediates.noindex/EagerLinkingTBDs/Release -L/Users/geraltgraham/Codes/NeatPaste/app-macos/build/DerivedData/Build/Products/Release -L/Applications/Xcode.app/Contents/Developer/Platforms/MacOSX.platform/Developer/usr/lib -F/Users/geraltgraham/Codes/NeatPaste/app-macos/build/DerivedData/Build/Intermediates.noindex/EagerLinkingTBDs/Release -F/Users/geraltgraham/Codes/NeatPaste/app-macos/build/DerivedData/Build/Products/Release/PackageFrameworks -F/Users/geraltgraham/Codes/NeatPaste/app-macos/build/DerivedData/Build/Products/Release -iframework /Applications/Xcode.app/Contents/Developer/Platforms/MacOSX.platform/Developer/Library/Frameworks -filelist /Users/geraltgraham/Codes/NeatPaste/app-macos/build/DerivedData/Build/Intermediates.noindex/MacKit.build/Release/MacKitUpdater.build/Objects-normal/x86_64/MacKitUpdater.LinkFileList -nostdlib -Xlinker -object_path_lto -Xlinker /Users/geraltgraham/Codes/NeatPaste/app-macos/build/DerivedData/Build/Intermediates.noindex/MacKit.build/Release/MacKitUpdater.build/Objects-normal/x86_64/MacKitUpdater_lto.o -Xlinker -dependency_info -Xlinker /Users/geraltgraham/Codes/NeatPaste/app-macos/build/DerivedData/Build/Intermediates.noindex/MacKit.build/Release/MacKitUpdater.build/Objects-normal/x86_64/MacKitUpdater_dependency_info.dat -fobjc-link-runtime -L/Applications/Xcode.app/Contents/Developer/Toolchains/XcodeDefault.xctoolchain/usr/lib/swift/macosx -L/usr/lib/swift -Xlinker -add_ast_path -Xlinker /Users/geraltgraham/Codes/NeatPaste/app-macos/build/DerivedData/Build/Intermediates.noindex/MacKit.build/Release/MacKitUpdater.build/Objects-normal/x86_64/MacKitUpdater.swiftmodule @/Users/geraltgraham/Codes/NeatPaste/app-macos/build/DerivedData/Build/Intermediates.noindex/MacKit.build/Release/MacKitUpdater.build/Objects-normal/x86_64/MacKitUpdater-linker-args.resp -o /Users/geraltgraham/Codes/NeatPaste/app-macos/build/DerivedData/Build/Intermediates.noindex/MacKit.build/Release/MacKitUpdater.build/Objects-normal/x86_64/Binary/MacKitUpdater.o

CreateUniversalBinary /Users/geraltgraham/Codes/NeatPaste/app-macos/build/DerivedData/Build/Products/Release/MacKitLaunchAtLogin.o normal arm64\ x86_64 (in target 'MacKitLaunchAtLogin' from project 'MacKit')
    cd /Users/geraltgraham/Codes/NeatPaste/app-macos/build/DerivedData/SourcePackages/checkouts/mac-kit-swift
    /Applications/Xcode.app/Contents/Developer/Toolchains/XcodeDefault.xctoolchain/usr/bin/lipo -create /Users/geraltgraham/Codes/NeatPaste/app-macos/build/DerivedData/Build/Intermediates.noindex/MacKit.build/Release/MacKitLaunchAtLogin.build/Objects-normal/arm64/Binary/MacKitLaunchAtLogin.o /Users/geraltgraham/Codes/NeatPaste/app-macos/build/DerivedData/Build/Intermediates.noindex/MacKit.build/Release/MacKitLaunchAtLogin.build/Objects-normal/x86_64/Binary/MacKitLaunchAtLogin.o -output /Users/geraltgraham/Codes/NeatPaste/app-macos/build/DerivedData/Build/Products/Release/MacKitLaunchAtLogin.o

CreateUniversalBinary /Users/geraltgraham/Codes/NeatPaste/app-macos/build/DerivedData/Build/Products/Release/MacKitUpdater.o normal arm64\ x86_64 (in target 'MacKitUpdater' from project 'MacKit')
    cd /Users/geraltgraham/Codes/NeatPaste/app-macos/build/DerivedData/SourcePackages/checkouts/mac-kit-swift
    /Applications/Xcode.app/Contents/Developer/Toolchains/XcodeDefault.xctoolchain/usr/bin/lipo -create /Users/geraltgraham/Codes/NeatPaste/app-macos/build/DerivedData/Build/Intermediates.noindex/MacKit.build/Release/MacKitUpdater.build/Objects-normal/arm64/Binary/MacKitUpdater.o /Users/geraltgraham/Codes/NeatPaste/app-macos/build/DerivedData/Build/Intermediates.noindex/MacKit.build/Release/MacKitUpdater.build/Objects-normal/x86_64/Binary/MacKitUpdater.o -output /Users/geraltgraham/Codes/NeatPaste/app-macos/build/DerivedData/Build/Products/Release/MacKitUpdater.o

ExtractAppIntentsMetadata (in target 'MacKitLaunchAtLogin' from project 'MacKit')
    cd /Users/geraltgraham/Codes/NeatPaste/app-macos/build/DerivedData/SourcePackages/checkouts/mac-kit-swift
    /Applications/Xcode.app/Contents/Developer/Toolchains/XcodeDefault.xctoolchain/usr/bin/appintentsmetadataprocessor --toolchain-dir /var/run/com.apple.security.cryptexd/mnt/com.apple.MobileAsset.MetalToolchain-v17.3.519.0.Mve7GT/Metal.xctoolchain --module-name MacKitLaunchAtLogin --sdk-root /Applications/Xcode.app/Contents/Developer/Platforms/MacOSX.platform/Developer/SDKs/MacOSX26.2.sdk --xcode-version 17C519 --platform-family macOS --deployment-target 14.0 --bundle-identifier mac-kit-swift.MacKitLaunchAtLogin --output /Users/geraltgraham/Codes/NeatPaste/app-macos/build/DerivedData/Build/Products/Release/MacKitLaunchAtLogin.appintents --target-triple arm64-apple-macos14.0 --target-triple x86_64-apple-macos14.0 --binary-file /Users/geraltgraham/Codes/NeatPaste/app-macos/build/DerivedData/Build/Products/Release/MacKitLaunchAtLogin.o --dependency-file /Users/geraltgraham/Codes/NeatPaste/app-macos/build/DerivedData/Build/Intermediates.noindex/MacKit.build/Release/MacKitLaunchAtLogin.build/Objects-normal/arm64/MacKitLaunchAtLogin_dependency_info.dat --dependency-file /Users/geraltgraham/Codes/NeatPaste/app-macos/build/DerivedData/Build/Intermediates.noindex/MacKit.build/Release/MacKitLaunchAtLogin.build/Objects-normal/x86_64/MacKitLaunchAtLogin_dependency_info.dat --stringsdata-file /Users/geraltgraham/Codes/NeatPaste/app-macos/build/DerivedData/Build/Intermediates.noindex/MacKit.build/Release/MacKitLaunchAtLogin.build/Objects-normal/arm64/ExtractedAppShortcutsMetadata.stringsdata --stringsdata-file /Users/geraltgraham/Codes/NeatPaste/app-macos/build/DerivedData/Build/Intermediates.noindex/MacKit.build/Release/MacKitLaunchAtLogin.build/Objects-normal/x86_64/ExtractedAppShortcutsMetadata.stringsdata --source-file-list /Users/geraltgraham/Codes/NeatPaste/app-macos/build/DerivedData/Build/Intermediates.noindex/MacKit.build/Release/MacKitLaunchAtLogin.build/Objects-normal/arm64/MacKitLaunchAtLogin.SwiftFileList --source-file-list /Users/geraltgraham/Codes/NeatPaste/app-macos/build/DerivedData/Build/Intermediates.noindex/MacKit.build/Release/MacKitLaunchAtLogin.build/Objects-normal/x86_64/MacKitLaunchAtLogin.SwiftFileList --metadata-file-list /Users/geraltgraham/Codes/NeatPaste/app-macos/build/DerivedData/Build/Intermediates.noindex/MacKit.build/Release/MacKitLaunchAtLogin.build/MacKitLaunchAtLogin.DependencyMetadataFileList --static-metadata-file-list /Users/geraltgraham/Codes/NeatPaste/app-macos/build/DerivedData/Build/Intermediates.noindex/MacKit.build/Release/MacKitLaunchAtLogin.build/MacKitLaunchAtLogin.DependencyStaticMetadataFileList --swift-const-vals-list /Users/geraltgraham/Codes/NeatPaste/app-macos/build/DerivedData/Build/Intermediates.noindex/MacKit.build/Release/MacKitLaunchAtLogin.build/Objects-normal/arm64/MacKitLaunchAtLogin.SwiftConstValuesFileList --swift-const-vals-list /Users/geraltgraham/Codes/NeatPaste/app-macos/build/DerivedData/Build/Intermediates.noindex/MacKit.build/Release/MacKitLaunchAtLogin.build/Objects-normal/x86_64/MacKitLaunchAtLogin.SwiftConstValuesFileList --force --compile-time-extraction --deployment-aware-processing --validate-assistant-intents --no-app-shortcuts-localization
2026-09-07 15:02:44.663 appintentsmetadataprocessor[70458:16096402] Starting appintentsmetadataprocessor export
2026-09-07 15:02:44.771 appintentsmetadataprocessor[70458:16096402] Extracted no relevant App Intents symbols, skipping writing output

ExtractAppIntentsMetadata (in target 'MacKitUpdater' from project 'MacKit')
    cd /Users/geraltgraham/Codes/NeatPaste/app-macos/build/DerivedData/SourcePackages/checkouts/mac-kit-swift
    /Applications/Xcode.app/Contents/Developer/Toolchains/XcodeDefault.xctoolchain/usr/bin/appintentsmetadataprocessor --toolchain-dir /var/run/com.apple.security.cryptexd/mnt/com.apple.MobileAsset.MetalToolchain-v17.3.519.0.Mve7GT/Metal.xctoolchain --module-name MacKitUpdater --sdk-root /Applications/Xcode.app/Contents/Developer/Platforms/MacOSX.platform/Developer/SDKs/MacOSX26.2.sdk --xcode-version 17C519 --platform-family macOS --deployment-target 14.0 --bundle-identifier mac-kit-swift.MacKitUpdater --output /Users/geraltgraham/Codes/NeatPaste/app-macos/build/DerivedData/Build/Products/Release/MacKitUpdater.appintents --target-triple arm64-apple-macos14.0 --target-triple x86_64-apple-macos14.0 --binary-file /Users/geraltgraham/Codes/NeatPaste/app-macos/build/DerivedData/Build/Products/Release/MacKitUpdater.o --dependency-file /Users/geraltgraham/Codes/NeatPaste/app-macos/build/DerivedData/Build/Intermediates.noindex/MacKit.build/Release/MacKitUpdater.build/Objects-normal/arm64/MacKitUpdater_dependency_info.dat --dependency-file /Users/geraltgraham/Codes/NeatPaste/app-macos/build/DerivedData/Build/Intermediates.noindex/MacKit.build/Release/MacKitUpdater.build/Objects-normal/x86_64/MacKitUpdater_dependency_info.dat --stringsdata-file /Users/geraltgraham/Codes/NeatPaste/app-macos/build/DerivedData/Build/Intermediates.noindex/MacKit.build/Release/MacKitUpdater.build/Objects-normal/arm64/ExtractedAppShortcutsMetadata.stringsdata --stringsdata-file /Users/geraltgraham/Codes/NeatPaste/app-macos/build/DerivedData/Build/Intermediates.noindex/MacKit.build/Release/MacKitUpdater.build/Objects-normal/x86_64/ExtractedAppShortcutsMetadata.stringsdata --source-file-list /Users/geraltgraham/Codes/NeatPaste/app-macos/build/DerivedData/Build/Intermediates.noindex/MacKit.build/Release/MacKitUpdater.build/Objects-normal/arm64/MacKitUpdater.SwiftFileList --source-file-list /Users/geraltgraham/Codes/NeatPaste/app-macos/build/DerivedData/Build/Intermediates.noindex/MacKit.build/Release/MacKitUpdater.build/Objects-normal/x86_64/MacKitUpdater.SwiftFileList --metadata-file-list /Users/geraltgraham/Codes/NeatPaste/app-macos/build/DerivedData/Build/Intermediates.noindex/MacKit.build/Release/MacKitUpdater.build/MacKitUpdater.DependencyMetadataFileList --static-metadata-file-list /Users/geraltgraham/Codes/NeatPaste/app-macos/build/DerivedData/Build/Intermediates.noindex/MacKit.build/Release/MacKitUpdater.build/MacKitUpdater.DependencyStaticMetadataFileList --swift-const-vals-list /Users/geraltgraham/Codes/NeatPaste/app-macos/build/DerivedData/Build/Intermediates.noindex/MacKit.build/Release/MacKitUpdater.build/Objects-normal/arm64/MacKitUpdater.SwiftConstValuesFileList --swift-const-vals-list /Users/geraltgraham/Codes/NeatPaste/app-macos/build/DerivedData/Build/Intermediates.noindex/MacKit.build/Release/MacKitUpdater.build/Objects-normal/x86_64/MacKitUpdater.SwiftConstValuesFileList --force --compile-time-extraction --deployment-aware-processing --validate-assistant-intents --no-app-shortcuts-localization
2026-09-07 15:02:44.664 appintentsmetadataprocessor[70459:16096403] Starting appintentsmetadataprocessor export
2026-09-07 15:02:44.770 appintentsmetadataprocessor[70459:16096403] Extracted no relevant App Intents symbols, skipping writing output

RegisterExecutionPolicyException /Users/geraltgraham/Codes/NeatPaste/app-macos/build/DerivedData/Build/Products/Release/MacKitLifecycle.o (in target 'MacKitLifecycle' from project 'MacKit')
    cd /Users/geraltgraham/Codes/NeatPaste/app-macos/build/DerivedData/SourcePackages/checkouts/mac-kit-swift
    builtin-RegisterExecutionPolicyException /Users/geraltgraham/Codes/NeatPaste/app-macos/build/DerivedData/Build/Products/Release/MacKitLifecycle.o

SwiftDriverJobDiscovery normal x86_64 Compiling OutsideClickMonitor.swift (in target 'MacKitOverlay' from project 'MacKit')

SwiftDriver\ Compilation\ Requirements MacKitOverlay normal x86_64 com.apple.xcode.tools.swift.compiler (in target 'MacKitOverlay' from project 'MacKit')
    cd /Users/geraltgraham/Codes/NeatPaste/app-macos/NeatPaste.xcodeproj
    builtin-Swift-Compilation-Requirements -- /Applications/Xcode.app/Contents/Developer/Toolchains/XcodeDefault.xctoolchain/usr/bin/swiftc -module-name MacKitOverlay -O -whole-module-optimization -enforce-exclusivity\=checked @/Users/geraltgraham/Codes/NeatPaste/app-macos/build/DerivedData/Build/Intermediates.noindex/MacKit.build/Release/MacKitOverlay.build/Objects-normal/x86_64/MacKitOverlay.SwiftFileList -DSWIFT_PACKAGE -DSWIFT_MODULE_RESOURCE_BUNDLE_UNAVAILABLE -DXcode -plugin-path /Applications/Xcode.app/Contents/Developer/Toolchains/XcodeDefault.xctoolchain/usr/lib/swift/host/plugins/testing -enable-experimental-feature DebugDescriptionMacro -sdk /Applications/Xcode.app/Contents/Developer/Platforms/MacOSX.platform/Developer/SDKs/MacOSX26.2.sdk -target x86_64-apple-macos14.0 -g -module-cache-path /Users/geraltgraham/Codes/NeatPaste/app-macos/build/DerivedData/ModuleCache.noindex -Xfrontend -serialize-debugging-options -suppress-warnings -swift-version 6 -I /Users/geraltgraham/Codes/NeatPaste/app-macos/build/DerivedData/Build/Products/Release -Isystem /Applications/Xcode.app/Contents/Developer/Platforms/MacOSX.platform/Developer/usr/lib -F /Users/geraltgraham/Codes/NeatPaste/app-macos/build/DerivedData/Build/Products/Release/PackageFrameworks -F /Users/geraltgraham/Codes/NeatPaste/app-macos/build/DerivedData/Build/Products/Release -F /Applications/Xcode.app/Contents/Developer/Platforms/MacOSX.platform/Developer/Library/Frameworks -parse-as-library -c -num-threads 8 -Xcc -ivfsstatcache -Xcc /Users/geraltgraham/Codes/NeatPaste/app-macos/build/DerivedData/SDKStatCaches.noindex/macosx26.2-25C58-e8867d0c40613ffc63e0238af232dc5000fa09913b459cbbc988d1f6730289ae.sdkstatcache -output-file-map /Users/geraltgraham/Codes/NeatPaste/app-macos/build/DerivedData/Build/Intermediates.noindex/MacKit.build/Release/MacKitOverlay.build/Objects-normal/x86_64/MacKitOverlay-OutputFileMap.json -use-frontend-parseable-output -save-temps -no-color-diagnostics -explicit-module-build -module-cache-path /Users/geraltgraham/Codes/NeatPaste/app-macos/build/DerivedData/Build/Intermediates.noindex/SwiftExplicitPrecompiledModules -clang-scanner-module-cache-path /Users/geraltgraham/Codes/NeatPaste/app-macos/build/DerivedData/ModuleCache.noindex -sdk-module-cache-path /Users/geraltgraham/Codes/NeatPaste/app-macos/build/DerivedData/ModuleCache.noindex -serialize-diagnostics -emit-dependencies -emit-module -emit-module-path /Users/geraltgraham/Codes/NeatPaste/app-macos/build/DerivedData/Build/Intermediates.noindex/MacKit.build/Release/MacKitOverlay.build/Objects-normal/x86_64/MacKitOverlay.swiftmodule -user-module-version 0.1.4 -validate-clang-modules-once -clang-build-session-file /Users/geraltgraham/Codes/NeatPaste/app-macos/build/DerivedData/ModuleCache.noindex/Session.modulevalidation -package-name mac_kit_swift -Xcc -I/Users/geraltgraham/Codes/NeatPaste/app-macos/build/DerivedData/Build/Intermediates.noindex/MacKit.build/Release/MacKitOverlay.build/swift-overrides.hmap -emit-const-values -Xfrontend -const-gather-protocols-file -Xfrontend /Users/geraltgraham/Codes/NeatPaste/app-macos/build/DerivedData/Build/Intermediates.noindex/MacKit.build/Release/MacKitOverlay.build/Objects-normal/x86_64/MacKitOverlay_const_extract_protocols.json -Xcc -I/Users/geraltgraham/Codes/NeatPaste/app-macos/build/DerivedData/Build/Products/Release/include -Xcc -I/Users/geraltgraham/Codes/NeatPaste/app-macos/build/DerivedData/Build/Intermediates.noindex/MacKit.build/Release/MacKitOverlay.build/DerivedSources-normal/x86_64 -Xcc -I/Users/geraltgraham/Codes/NeatPaste/app-macos/build/DerivedData/Build/Intermediates.noindex/MacKit.build/Release/MacKitOverlay.build/DerivedSources/x86_64 -Xcc -I/Users/geraltgraham/Codes/NeatPaste/app-macos/build/DerivedData/Build/Intermediates.noindex/MacKit.build/Release/MacKitOverlay.build/DerivedSources -Xcc -DSWIFT_PACKAGE -emit-objc-header -emit-objc-header-path /Users/geraltgraham/Codes/NeatPaste/app-macos/build/DerivedData/Build/Intermediates.noindex/MacKit.build/Release/MacKitOverlay.build/Objects-normal/x86_64/MacKitOverlay-Swift.h -working-directory /Users/geraltgraham/Codes/NeatPaste/app-macos/NeatPaste.xcodeproj -no-emit-module-separately-wmo

Copy /Users/geraltgraham/Codes/NeatPaste/app-macos/build/DerivedData/Build/Products/Release/MacKitOverlay.swiftmodule/x86_64-apple-macos.swiftmodule /Users/geraltgraham/Codes/NeatPaste/app-macos/build/DerivedData/Build/Intermediates.noindex/MacKit.build/Release/MacKitOverlay.build/Objects-normal/x86_64/MacKitOverlay.swiftmodule (in target 'MacKitOverlay' from project 'MacKit')
    cd /Users/geraltgraham/Codes/NeatPaste/app-macos/build/DerivedData/SourcePackages/checkouts/mac-kit-swift
    builtin-copy -exclude .DS_Store -exclude CVS -exclude .svn -exclude .git -exclude .hg -strip-unsigned-binaries -strip-deterministic -strip-tool /Applications/Xcode.app/Contents/Developer/Toolchains/XcodeDefault.xctoolchain/usr/bin/strip -resolve-src-symlinks -rename /Users/geraltgraham/Codes/NeatPaste/app-macos/build/DerivedData/Build/Intermediates.noindex/MacKit.build/Release/MacKitOverlay.build/Objects-normal/x86_64/MacKitOverlay.swiftmodule /Users/geraltgraham/Codes/NeatPaste/app-macos/build/DerivedData/Build/Products/Release/MacKitOverlay.swiftmodule/x86_64-apple-macos.swiftmodule

Copy /Users/geraltgraham/Codes/NeatPaste/app-macos/build/DerivedData/Build/Products/Release/MacKitOverlay.swiftmodule/x86_64-apple-macos.swiftdoc /Users/geraltgraham/Codes/NeatPaste/app-macos/build/DerivedData/Build/Intermediates.noindex/MacKit.build/Release/MacKitOverlay.build/Objects-normal/x86_64/MacKitOverlay.swiftdoc (in target 'MacKitOverlay' from project 'MacKit')
    cd /Users/geraltgraham/Codes/NeatPaste/app-macos/build/DerivedData/SourcePackages/checkouts/mac-kit-swift
    builtin-copy -exclude .DS_Store -exclude CVS -exclude .svn -exclude .git -exclude .hg -strip-unsigned-binaries -strip-deterministic -strip-tool /Applications/Xcode.app/Contents/Developer/Toolchains/XcodeDefault.xctoolchain/usr/bin/strip -resolve-src-symlinks -rename /Users/geraltgraham/Codes/NeatPaste/app-macos/build/DerivedData/Build/Intermediates.noindex/MacKit.build/Release/MacKitOverlay.build/Objects-normal/x86_64/MacKitOverlay.swiftdoc /Users/geraltgraham/Codes/NeatPaste/app-macos/build/DerivedData/Build/Products/Release/MacKitOverlay.swiftmodule/x86_64-apple-macos.swiftdoc

Copy /Users/geraltgraham/Codes/NeatPaste/app-macos/build/DerivedData/Build/Products/Release/MacKitOverlay.swiftmodule/x86_64-apple-macos.abi.json /Users/geraltgraham/Codes/NeatPaste/app-macos/build/DerivedData/Build/Intermediates.noindex/MacKit.build/Release/MacKitOverlay.build/Objects-normal/x86_64/MacKitOverlay.abi.json (in target 'MacKitOverlay' from project 'MacKit')
    cd /Users/geraltgraham/Codes/NeatPaste/app-macos/build/DerivedData/SourcePackages/checkouts/mac-kit-swift
    builtin-copy -exclude .DS_Store -exclude CVS -exclude .svn -exclude .git -exclude .hg -strip-unsigned-binaries -strip-deterministic -strip-tool /Applications/Xcode.app/Contents/Developer/Toolchains/XcodeDefault.xctoolchain/usr/bin/strip -resolve-src-symlinks -rename /Users/geraltgraham/Codes/NeatPaste/app-macos/build/DerivedData/Build/Intermediates.noindex/MacKit.build/Release/MacKitOverlay.build/Objects-normal/x86_64/MacKitOverlay.abi.json /Users/geraltgraham/Codes/NeatPaste/app-macos/build/DerivedData/Build/Products/Release/MacKitOverlay.swiftmodule/x86_64-apple-macos.abi.json

Copy /Users/geraltgraham/Codes/NeatPaste/app-macos/build/DerivedData/Build/Products/Release/MacKitOverlay.swiftmodule/Project/x86_64-apple-macos.swiftsourceinfo /Users/geraltgraham/Codes/NeatPaste/app-macos/build/DerivedData/Build/Intermediates.noindex/MacKit.build/Release/MacKitOverlay.build/Objects-normal/x86_64/MacKitOverlay.swiftsourceinfo (in target 'MacKitOverlay' from project 'MacKit')
    cd /Users/geraltgraham/Codes/NeatPaste/app-macos/build/DerivedData/SourcePackages/checkouts/mac-kit-swift
    builtin-copy -exclude .DS_Store -exclude CVS -exclude .svn -exclude .git -exclude .hg -strip-unsigned-binaries -strip-deterministic -strip-tool /Applications/Xcode.app/Contents/Developer/Toolchains/XcodeDefault.xctoolchain/usr/bin/strip -resolve-src-symlinks -rename /Users/geraltgraham/Codes/NeatPaste/app-macos/build/DerivedData/Build/Intermediates.noindex/MacKit.build/Release/MacKitOverlay.build/Objects-normal/x86_64/MacKitOverlay.swiftsourceinfo /Users/geraltgraham/Codes/NeatPaste/app-macos/build/DerivedData/Build/Products/Release/MacKitOverlay.swiftmodule/Project/x86_64-apple-macos.swiftsourceinfo

RegisterExecutionPolicyException /Users/geraltgraham/Codes/NeatPaste/app-macos/build/DerivedData/Build/Products/Release/MacKitUpdater.o (in target 'MacKitUpdater' from project 'MacKit')
    cd /Users/geraltgraham/Codes/NeatPaste/app-macos/build/DerivedData/SourcePackages/checkouts/mac-kit-swift
    builtin-RegisterExecutionPolicyException /Users/geraltgraham/Codes/NeatPaste/app-macos/build/DerivedData/Build/Products/Release/MacKitUpdater.o

RegisterExecutionPolicyException /Users/geraltgraham/Codes/NeatPaste/app-macos/build/DerivedData/Build/Products/Release/MacKitLaunchAtLogin.o (in target 'MacKitLaunchAtLogin' from project 'MacKit')
    cd /Users/geraltgraham/Codes/NeatPaste/app-macos/build/DerivedData/SourcePackages/checkouts/mac-kit-swift
    builtin-RegisterExecutionPolicyException /Users/geraltgraham/Codes/NeatPaste/app-macos/build/DerivedData/Build/Products/Release/MacKitLaunchAtLogin.o

SwiftDriverJobDiscovery normal arm64 Compiling OutsideClickMonitor.swift (in target 'MacKitOverlay' from project 'MacKit')

SwiftDriver\ Compilation\ Requirements MacKitOverlay normal arm64 com.apple.xcode.tools.swift.compiler (in target 'MacKitOverlay' from project 'MacKit')
    cd /Users/geraltgraham/Codes/NeatPaste/app-macos/NeatPaste.xcodeproj
    builtin-Swift-Compilation-Requirements -- /Applications/Xcode.app/Contents/Developer/Toolchains/XcodeDefault.xctoolchain/usr/bin/swiftc -module-name MacKitOverlay -O -whole-module-optimization -enforce-exclusivity\=checked @/Users/geraltgraham/Codes/NeatPaste/app-macos/build/DerivedData/Build/Intermediates.noindex/MacKit.build/Release/MacKitOverlay.build/Objects-normal/arm64/MacKitOverlay.SwiftFileList -DSWIFT_PACKAGE -DSWIFT_MODULE_RESOURCE_BUNDLE_UNAVAILABLE -DXcode -plugin-path /Applications/Xcode.app/Contents/Developer/Toolchains/XcodeDefault.xctoolchain/usr/lib/swift/host/plugins/testing -enable-experimental-feature DebugDescriptionMacro -sdk /Applications/Xcode.app/Contents/Developer/Platforms/MacOSX.platform/Developer/SDKs/MacOSX26.2.sdk -target arm64-apple-macos14.0 -g -module-cache-path /Users/geraltgraham/Codes/NeatPaste/app-macos/build/DerivedData/ModuleCache.noindex -Xfrontend -serialize-debugging-options -suppress-warnings -swift-version 6 -I /Users/geraltgraham/Codes/NeatPaste/app-macos/build/DerivedData/Build/Products/Release -Isystem /Applications/Xcode.app/Contents/Developer/Platforms/MacOSX.platform/Developer/usr/lib -F /Users/geraltgraham/Codes/NeatPaste/app-macos/build/DerivedData/Build/Products/Release/PackageFrameworks -F /Users/geraltgraham/Codes/NeatPaste/app-macos/build/DerivedData/Build/Products/Release -F /Applications/Xcode.app/Contents/Developer/Platforms/MacOSX.platform/Developer/Library/Frameworks -parse-as-library -c -num-threads 8 -Xcc -ivfsstatcache -Xcc /Users/geraltgraham/Codes/NeatPaste/app-macos/build/DerivedData/SDKStatCaches.noindex/macosx26.2-25C58-e8867d0c40613ffc63e0238af232dc5000fa09913b459cbbc988d1f6730289ae.sdkstatcache -output-file-map /Users/geraltgraham/Codes/NeatPaste/app-macos/build/DerivedData/Build/Intermediates.noindex/MacKit.build/Release/MacKitOverlay.build/Objects-normal/arm64/MacKitOverlay-OutputFileMap.json -use-frontend-parseable-output -save-temps -no-color-diagnostics -explicit-module-build -module-cache-path /Users/geraltgraham/Codes/NeatPaste/app-macos/build/DerivedData/Build/Intermediates.noindex/SwiftExplicitPrecompiledModules -clang-scanner-module-cache-path /Users/geraltgraham/Codes/NeatPaste/app-macos/build/DerivedData/ModuleCache.noindex -sdk-module-cache-path /Users/geraltgraham/Codes/NeatPaste/app-macos/build/DerivedData/ModuleCache.noindex -serialize-diagnostics -emit-dependencies -emit-module -emit-module-path /Users/geraltgraham/Codes/NeatPaste/app-macos/build/DerivedData/Build/Intermediates.noindex/MacKit.build/Release/MacKitOverlay.build/Objects-normal/arm64/MacKitOverlay.swiftmodule -user-module-version 0.1.4 -validate-clang-modules-once -clang-build-session-file /Users/geraltgraham/Codes/NeatPaste/app-macos/build/DerivedData/ModuleCache.noindex/Session.modulevalidation -package-name mac_kit_swift -Xcc -I/Users/geraltgraham/Codes/NeatPaste/app-macos/build/DerivedData/Build/Intermediates.noindex/MacKit.build/Release/MacKitOverlay.build/swift-overrides.hmap -emit-const-values -Xfrontend -const-gather-protocols-file -Xfrontend /Users/geraltgraham/Codes/NeatPaste/app-macos/build/DerivedData/Build/Intermediates.noindex/MacKit.build/Release/MacKitOverlay.build/Objects-normal/arm64/MacKitOverlay_const_extract_protocols.json -Xcc -I/Users/geraltgraham/Codes/NeatPaste/app-macos/build/DerivedData/Build/Products/Release/include -Xcc -I/Users/geraltgraham/Codes/NeatPaste/app-macos/build/DerivedData/Build/Intermediates.noindex/MacKit.build/Release/MacKitOverlay.build/DerivedSources-normal/arm64 -Xcc -I/Users/geraltgraham/Codes/NeatPaste/app-macos/build/DerivedData/Build/Intermediates.noindex/MacKit.build/Release/MacKitOverlay.build/DerivedSources/arm64 -Xcc -I/Users/geraltgraham/Codes/NeatPaste/app-macos/build/DerivedData/Build/Intermediates.noindex/MacKit.build/Release/MacKitOverlay.build/DerivedSources -Xcc -DSWIFT_PACKAGE -emit-objc-header -emit-objc-header-path /Users/geraltgraham/Codes/NeatPaste/app-macos/build/DerivedData/Build/Intermediates.noindex/MacKit.build/Release/MacKitOverlay.build/Objects-normal/arm64/MacKitOverlay-Swift.h -working-directory /Users/geraltgraham/Codes/NeatPaste/app-macos/NeatPaste.xcodeproj -no-emit-module-separately-wmo

SwiftMergeGeneratedHeaders /Users/geraltgraham/Codes/NeatPaste/app-macos/build/DerivedData/Build/Intermediates.noindex/GeneratedModuleMaps/MacKitOverlay-Swift.h /Users/geraltgraham/Codes/NeatPaste/app-macos/build/DerivedData/Build/Intermediates.noindex/MacKit.build/Release/MacKitOverlay.build/Objects-normal/arm64/MacKitOverlay-Swift.h /Users/geraltgraham/Codes/NeatPaste/app-macos/build/DerivedData/Build/Intermediates.noindex/MacKit.build/Release/MacKitOverlay.build/Objects-normal/x86_64/MacKitOverlay-Swift.h (in target 'MacKitOverlay' from project 'MacKit')
    cd /Users/geraltgraham/Codes/NeatPaste/app-macos/build/DerivedData/SourcePackages/checkouts/mac-kit-swift
    builtin-swiftHeaderTool -arch arm64 /Users/geraltgraham/Codes/NeatPaste/app-macos/build/DerivedData/Build/Intermediates.noindex/MacKit.build/Release/MacKitOverlay.build/Objects-normal/arm64/MacKitOverlay-Swift.h -arch x86_64 /Users/geraltgraham/Codes/NeatPaste/app-macos/build/DerivedData/Build/Intermediates.noindex/MacKit.build/Release/MacKitOverlay.build/Objects-normal/x86_64/MacKitOverlay-Swift.h -o /Users/geraltgraham/Codes/NeatPaste/app-macos/build/DerivedData/Build/Intermediates.noindex/GeneratedModuleMaps/MacKitOverlay-Swift.h

Copy /Users/geraltgraham/Codes/NeatPaste/app-macos/build/DerivedData/Build/Products/Release/MacKitOverlay.swiftmodule/arm64-apple-macos.swiftmodule /Users/geraltgraham/Codes/NeatPaste/app-macos/build/DerivedData/Build/Intermediates.noindex/MacKit.build/Release/MacKitOverlay.build/Objects-normal/arm64/MacKitOverlay.swiftmodule (in target 'MacKitOverlay' from project 'MacKit')
    cd /Users/geraltgraham/Codes/NeatPaste/app-macos/build/DerivedData/SourcePackages/checkouts/mac-kit-swift
    builtin-copy -exclude .DS_Store -exclude CVS -exclude .svn -exclude .git -exclude .hg -strip-unsigned-binaries -strip-deterministic -strip-tool /Applications/Xcode.app/Contents/Developer/Toolchains/XcodeDefault.xctoolchain/usr/bin/strip -resolve-src-symlinks -rename /Users/geraltgraham/Codes/NeatPaste/app-macos/build/DerivedData/Build/Intermediates.noindex/MacKit.build/Release/MacKitOverlay.build/Objects-normal/arm64/MacKitOverlay.swiftmodule /Users/geraltgraham/Codes/NeatPaste/app-macos/build/DerivedData/Build/Products/Release/MacKitOverlay.swiftmodule/arm64-apple-macos.swiftmodule

Copy /Users/geraltgraham/Codes/NeatPaste/app-macos/build/DerivedData/Build/Products/Release/MacKitOverlay.swiftmodule/arm64-apple-macos.abi.json /Users/geraltgraham/Codes/NeatPaste/app-macos/build/DerivedData/Build/Intermediates.noindex/MacKit.build/Release/MacKitOverlay.build/Objects-normal/arm64/MacKitOverlay.abi.json (in target 'MacKitOverlay' from project 'MacKit')
    cd /Users/geraltgraham/Codes/NeatPaste/app-macos/build/DerivedData/SourcePackages/checkouts/mac-kit-swift
    builtin-copy -exclude .DS_Store -exclude CVS -exclude .svn -exclude .git -exclude .hg -strip-unsigned-binaries -strip-deterministic -strip-tool /Applications/Xcode.app/Contents/Developer/Toolchains/XcodeDefault.xctoolchain/usr/bin/strip -resolve-src-symlinks -rename /Users/geraltgraham/Codes/NeatPaste/app-macos/build/DerivedData/Build/Intermediates.noindex/MacKit.build/Release/MacKitOverlay.build/Objects-normal/arm64/MacKitOverlay.abi.json /Users/geraltgraham/Codes/NeatPaste/app-macos/build/DerivedData/Build/Products/Release/MacKitOverlay.swiftmodule/arm64-apple-macos.abi.json

Copy /Users/geraltgraham/Codes/NeatPaste/app-macos/build/DerivedData/Build/Products/Release/MacKitOverlay.swiftmodule/Project/arm64-apple-macos.swiftsourceinfo /Users/geraltgraham/Codes/NeatPaste/app-macos/build/DerivedData/Build/Intermediates.noindex/MacKit.build/Release/MacKitOverlay.build/Objects-normal/arm64/MacKitOverlay.swiftsourceinfo (in target 'MacKitOverlay' from project 'MacKit')
    cd /Users/geraltgraham/Codes/NeatPaste/app-macos/build/DerivedData/SourcePackages/checkouts/mac-kit-swift
    builtin-copy -exclude .DS_Store -exclude CVS -exclude .svn -exclude .git -exclude .hg -strip-unsigned-binaries -strip-deterministic -strip-tool /Applications/Xcode.app/Contents/Developer/Toolchains/XcodeDefault.xctoolchain/usr/bin/strip -resolve-src-symlinks -rename /Users/geraltgraham/Codes/NeatPaste/app-macos/build/DerivedData/Build/Intermediates.noindex/MacKit.build/Release/MacKitOverlay.build/Objects-normal/arm64/MacKitOverlay.swiftsourceinfo /Users/geraltgraham/Codes/NeatPaste/app-macos/build/DerivedData/Build/Products/Release/MacKitOverlay.swiftmodule/Project/arm64-apple-macos.swiftsourceinfo

Copy /Users/geraltgraham/Codes/NeatPaste/app-macos/build/DerivedData/Build/Products/Release/MacKitOverlay.swiftmodule/arm64-apple-macos.swiftdoc /Users/geraltgraham/Codes/NeatPaste/app-macos/build/DerivedData/Build/Intermediates.noindex/MacKit.build/Release/MacKitOverlay.build/Objects-normal/arm64/MacKitOverlay.swiftdoc (in target 'MacKitOverlay' from project 'MacKit')
    cd /Users/geraltgraham/Codes/NeatPaste/app-macos/build/DerivedData/SourcePackages/checkouts/mac-kit-swift
    builtin-copy -exclude .DS_Store -exclude CVS -exclude .svn -exclude .git -exclude .hg -strip-unsigned-binaries -strip-deterministic -strip-tool /Applications/Xcode.app/Contents/Developer/Toolchains/XcodeDefault.xctoolchain/usr/bin/strip -resolve-src-symlinks -rename /Users/geraltgraham/Codes/NeatPaste/app-macos/build/DerivedData/Build/Intermediates.noindex/MacKit.build/Release/MacKitOverlay.build/Objects-normal/arm64/MacKitOverlay.swiftdoc /Users/geraltgraham/Codes/NeatPaste/app-macos/build/DerivedData/Build/Products/Release/MacKitOverlay.swiftmodule/arm64-apple-macos.swiftdoc

Ld /Users/geraltgraham/Codes/NeatPaste/app-macos/build/DerivedData/Build/Intermediates.noindex/MacKit.build/Release/MacKitOverlay.build/Objects-normal/x86_64/Binary/MacKitOverlay.o normal x86_64 (in target 'MacKitOverlay' from project 'MacKit')
    cd /Users/geraltgraham/Codes/NeatPaste/app-macos/build/DerivedData/SourcePackages/checkouts/mac-kit-swift
    /Applications/Xcode.app/Contents/Developer/Toolchains/XcodeDefault.xctoolchain/usr/bin/clang -Xlinker -reproducible -target x86_64-apple-macos14.0 -r -isysroot /Applications/Xcode.app/Contents/Developer/Platforms/MacOSX.platform/Developer/SDKs/MacOSX26.2.sdk -Os -w -L/Users/geraltgraham/Codes/NeatPaste/app-macos/build/DerivedData/Build/Intermediates.noindex/EagerLinkingTBDs/Release -L/Users/geraltgraham/Codes/NeatPaste/app-macos/build/DerivedData/Build/Products/Release -L/Applications/Xcode.app/Contents/Developer/Platforms/MacOSX.platform/Developer/usr/lib -F/Users/geraltgraham/Codes/NeatPaste/app-macos/build/DerivedData/Build/Intermediates.noindex/EagerLinkingTBDs/Release -F/Users/geraltgraham/Codes/NeatPaste/app-macos/build/DerivedData/Build/Products/Release/PackageFrameworks -F/Users/geraltgraham/Codes/NeatPaste/app-macos/build/DerivedData/Build/Products/Release -iframework /Applications/Xcode.app/Contents/Developer/Platforms/MacOSX.platform/Developer/Library/Frameworks -filelist /Users/geraltgraham/Codes/NeatPaste/app-macos/build/DerivedData/Build/Intermediates.noindex/MacKit.build/Release/MacKitOverlay.build/Objects-normal/x86_64/MacKitOverlay.LinkFileList -nostdlib -Xlinker -object_path_lto -Xlinker /Users/geraltgraham/Codes/NeatPaste/app-macos/build/DerivedData/Build/Intermediates.noindex/MacKit.build/Release/MacKitOverlay.build/Objects-normal/x86_64/MacKitOverlay_lto.o -Xlinker -dependency_info -Xlinker /Users/geraltgraham/Codes/NeatPaste/app-macos/build/DerivedData/Build/Intermediates.noindex/MacKit.build/Release/MacKitOverlay.build/Objects-normal/x86_64/MacKitOverlay_dependency_info.dat -fobjc-link-runtime -L/Applications/Xcode.app/Contents/Developer/Toolchains/XcodeDefault.xctoolchain/usr/lib/swift/macosx -L/usr/lib/swift -Xlinker -add_ast_path -Xlinker /Users/geraltgraham/Codes/NeatPaste/app-macos/build/DerivedData/Build/Intermediates.noindex/MacKit.build/Release/MacKitOverlay.build/Objects-normal/x86_64/MacKitOverlay.swiftmodule @/Users/geraltgraham/Codes/NeatPaste/app-macos/build/DerivedData/Build/Intermediates.noindex/MacKit.build/Release/MacKitOverlay.build/Objects-normal/x86_64/MacKitOverlay-linker-args.resp -o /Users/geraltgraham/Codes/NeatPaste/app-macos/build/DerivedData/Build/Intermediates.noindex/MacKit.build/Release/MacKitOverlay.build/Objects-normal/x86_64/Binary/MacKitOverlay.o

Ld /Users/geraltgraham/Codes/NeatPaste/app-macos/build/DerivedData/Build/Intermediates.noindex/MacKit.build/Release/MacKitOverlay.build/Objects-normal/arm64/Binary/MacKitOverlay.o normal arm64 (in target 'MacKitOverlay' from project 'MacKit')
    cd /Users/geraltgraham/Codes/NeatPaste/app-macos/build/DerivedData/SourcePackages/checkouts/mac-kit-swift
    /Applications/Xcode.app/Contents/Developer/Toolchains/XcodeDefault.xctoolchain/usr/bin/clang -Xlinker -reproducible -target arm64-apple-macos14.0 -r -isysroot /Applications/Xcode.app/Contents/Developer/Platforms/MacOSX.platform/Developer/SDKs/MacOSX26.2.sdk -Os -w -L/Users/geraltgraham/Codes/NeatPaste/app-macos/build/DerivedData/Build/Intermediates.noindex/EagerLinkingTBDs/Release -L/Users/geraltgraham/Codes/NeatPaste/app-macos/build/DerivedData/Build/Products/Release -L/Applications/Xcode.app/Contents/Developer/Platforms/MacOSX.platform/Developer/usr/lib -F/Users/geraltgraham/Codes/NeatPaste/app-macos/build/DerivedData/Build/Intermediates.noindex/EagerLinkingTBDs/Release -F/Users/geraltgraham/Codes/NeatPaste/app-macos/build/DerivedData/Build/Products/Release/PackageFrameworks -F/Users/geraltgraham/Codes/NeatPaste/app-macos/build/DerivedData/Build/Products/Release -iframework /Applications/Xcode.app/Contents/Developer/Platforms/MacOSX.platform/Developer/Library/Frameworks -filelist /Users/geraltgraham/Codes/NeatPaste/app-macos/build/DerivedData/Build/Intermediates.noindex/MacKit.build/Release/MacKitOverlay.build/Objects-normal/arm64/MacKitOverlay.LinkFileList -nostdlib -Xlinker -object_path_lto -Xlinker /Users/geraltgraham/Codes/NeatPaste/app-macos/build/DerivedData/Build/Intermediates.noindex/MacKit.build/Release/MacKitOverlay.build/Objects-normal/arm64/MacKitOverlay_lto.o -Xlinker -dependency_info -Xlinker /Users/geraltgraham/Codes/NeatPaste/app-macos/build/DerivedData/Build/Intermediates.noindex/MacKit.build/Release/MacKitOverlay.build/Objects-normal/arm64/MacKitOverlay_dependency_info.dat -fobjc-link-runtime -L/Applications/Xcode.app/Contents/Developer/Toolchains/XcodeDefault.xctoolchain/usr/lib/swift/macosx -L/usr/lib/swift -Xlinker -add_ast_path -Xlinker /Users/geraltgraham/Codes/NeatPaste/app-macos/build/DerivedData/Build/Intermediates.noindex/MacKit.build/Release/MacKitOverlay.build/Objects-normal/arm64/MacKitOverlay.swiftmodule @/Users/geraltgraham/Codes/NeatPaste/app-macos/build/DerivedData/Build/Intermediates.noindex/MacKit.build/Release/MacKitOverlay.build/Objects-normal/arm64/MacKitOverlay-linker-args.resp -o /Users/geraltgraham/Codes/NeatPaste/app-macos/build/DerivedData/Build/Intermediates.noindex/MacKit.build/Release/MacKitOverlay.build/Objects-normal/arm64/Binary/MacKitOverlay.o

ProcessProductPackaging /Users/geraltgraham/Codes/NeatPaste/app-macos/NeatPaste/NeatPaste.entitlements /Users/geraltgraham/Codes/NeatPaste/app-macos/build/DerivedData/Build/Intermediates.noindex/NeatPaste.build/Release/NeatPaste.build/NeatPaste.app.xcent (in target 'NeatPaste' from project 'NeatPaste')
    cd /Users/geraltgraham/Codes/NeatPaste/app-macos
    
    Entitlements:
    
    {
}
    
    builtin-productPackagingUtility /Users/geraltgraham/Codes/NeatPaste/app-macos/NeatPaste/NeatPaste.entitlements -entitlements -format xml -o /Users/geraltgraham/Codes/NeatPaste/app-macos/build/DerivedData/Build/Intermediates.noindex/NeatPaste.build/Release/NeatPaste.build/NeatPaste.app.xcent

ProcessProductPackagingDER /Users/geraltgraham/Codes/NeatPaste/app-macos/build/DerivedData/Build/Intermediates.noindex/NeatPaste.build/Release/NeatPaste.build/NeatPaste.app.xcent /Users/geraltgraham/Codes/NeatPaste/app-macos/build/DerivedData/Build/Intermediates.noindex/NeatPaste.build/Release/NeatPaste.build/NeatPaste.app.xcent.der (in target 'NeatPaste' from project 'NeatPaste')
    cd /Users/geraltgraham/Codes/NeatPaste/app-macos
    /usr/bin/derq query -f xml -i /Users/geraltgraham/Codes/NeatPaste/app-macos/build/DerivedData/Build/Intermediates.noindex/NeatPaste.build/Release/NeatPaste.build/NeatPaste.app.xcent -o /Users/geraltgraham/Codes/NeatPaste/app-macos/build/DerivedData/Build/Intermediates.noindex/NeatPaste.build/Release/NeatPaste.build/NeatPaste.app.xcent.der --raw

SwiftDriver NeatPaste normal arm64 com.apple.xcode.tools.swift.compiler (in target 'NeatPaste' from project 'NeatPaste')
    cd /Users/geraltgraham/Codes/NeatPaste/app-macos
    builtin-SwiftDriver -- /Applications/Xcode.app/Contents/Developer/Toolchains/XcodeDefault.xctoolchain/usr/bin/swiftc -module-name NeatPaste -O -whole-module-optimization -enforce-exclusivity\=checked @/Users/geraltgraham/Codes/NeatPaste/app-macos/build/DerivedData/Build/Intermediates.noindex/NeatPaste.build/Release/NeatPaste.build/Objects-normal/arm64/NeatPaste.SwiftFileList -default-isolation\=MainActor -enable-upcoming-feature InferIsolatedConformances -enable-upcoming-feature NonisolatedNonsendingByDefault -enable-experimental-feature DebugDescriptionMacro -sdk /Applications/Xcode.app/Contents/Developer/Platforms/MacOSX.platform/Developer/SDKs/MacOSX26.2.sdk -target arm64-apple-macos26.0 -g -module-cache-path /Users/geraltgraham/Codes/NeatPaste/app-macos/build/DerivedData/ModuleCache.noindex -Xfrontend -serialize-debugging-options -swift-version 6 -I /Users/geraltgraham/Codes/NeatPaste/app-macos/build/DerivedData/Build/Products/Release -F /Users/geraltgraham/Codes/NeatPaste/app-macos/build/DerivedData/Build/Products/Release/PackageFrameworks -F /Users/geraltgraham/Codes/NeatPaste/app-macos/build/DerivedData/Build/Products/Release/PackageFrameworks -F /Users/geraltgraham/Codes/NeatPaste/app-macos/build/DerivedData/Build/Products/Release/PackageFrameworks -F /Users/geraltgraham/Codes/NeatPaste/app-macos/build/DerivedData/Build/Products/Release/PackageFrameworks -F /Users/geraltgraham/Codes/NeatPaste/app-macos/build/DerivedData/Build/Products/Release/PackageFrameworks -F /Users/geraltgraham/Codes/NeatPaste/app-macos/build/DerivedData/Build/Products/Release -emit-localized-strings -emit-localized-strings-path /Users/geraltgraham/Codes/NeatPaste/app-macos/build/DerivedData/Build/Intermediates.noindex/NeatPaste.build/Release/NeatPaste.build/Objects-normal/arm64 -c -num-threads 8 -Xcc -ivfsstatcache -Xcc /Users/geraltgraham/Codes/NeatPaste/app-macos/build/DerivedData/SDKStatCaches.noindex/macosx26.2-25C58-e8867d0c40613ffc63e0238af232dc5000fa09913b459cbbc988d1f6730289ae.sdkstatcache -output-file-map /Users/geraltgraham/Codes/NeatPaste/app-macos/build/DerivedData/Build/Intermediates.noindex/NeatPaste.build/Release/NeatPaste.build/Objects-normal/arm64/NeatPaste-OutputFileMap.json -use-frontend-parseable-output -save-temps -no-color-diagnostics -explicit-module-build -module-cache-path /Users/geraltgraham/Codes/NeatPaste/app-macos/build/DerivedData/Build/Intermediates.noindex/SwiftExplicitPrecompiledModules -clang-scanner-module-cache-path /Users/geraltgraham/Codes/NeatPaste/app-macos/build/DerivedData/ModuleCache.noindex -sdk-module-cache-path /Users/geraltgraham/Codes/NeatPaste/app-macos/build/DerivedData/ModuleCache.noindex -serialize-diagnostics -emit-dependencies -emit-module -emit-module-path /Users/geraltgraham/Codes/NeatPaste/app-macos/build/DerivedData/Build/Intermediates.noindex/NeatPaste.build/Release/NeatPaste.build/Objects-normal/arm64/NeatPaste.swiftmodule -validate-clang-modules-once -clang-build-session-file /Users/geraltgraham/Codes/NeatPaste/app-macos/build/DerivedData/ModuleCache.noindex/Session.modulevalidation -Xcc -I/Users/geraltgraham/Codes/NeatPaste/app-macos/build/DerivedData/Build/Intermediates.noindex/NeatPaste.build/Release/NeatPaste.build/swift-overrides.hmap -emit-const-values -Xfrontend -const-gather-protocols-file -Xfrontend /Users/geraltgraham/Codes/NeatPaste/app-macos/build/DerivedData/Build/Intermediates.noindex/NeatPaste.build/Release/NeatPaste.build/Objects-normal/arm64/NeatPaste_const_extract_protocols.json -Xcc -iquote -Xcc /Users/geraltgraham/Codes/NeatPaste/app-macos/build/DerivedData/Build/Intermediates.noindex/NeatPaste.build/Release/NeatPaste.build/NeatPaste-generated-files.hmap -Xcc -I/Users/geraltgraham/Codes/NeatPaste/app-macos/build/DerivedData/Build/Intermediates.noindex/NeatPaste.build/Release/NeatPaste.build/NeatPaste-own-target-headers.hmap -Xcc -I/Users/geraltgraham/Codes/NeatPaste/app-macos/build/DerivedData/Build/Intermediates.noindex/NeatPaste.build/Release/NeatPaste.build/NeatPaste-all-non-framework-target-headers.hmap -Xcc -ivfsoverlay -Xcc /Users/geraltgraham/Codes/NeatPaste/app-macos/build/DerivedData/Build/Intermediates.noindex/NeatPaste.build/Release/NeatPaste-11287374e6b03c7c8aa12ea79f648c21-VFS/all-product-headers.yaml -Xcc -iquote -Xcc /Users/geraltgraham/Codes/NeatPaste/app-macos/build/DerivedData/Build/Intermediates.noindex/NeatPaste.build/Release/NeatPaste.build/NeatPaste-project-headers.hmap -Xcc -I/Users/geraltgraham/Codes/NeatPaste/app-macos/build/DerivedData/Build/Products/Release/include -Xcc -I/Users/geraltgraham/Codes/NeatPaste/app-macos/build/DerivedData/Build/Intermediates.noindex/NeatPaste.build/Release/NeatPaste.build/DerivedSources-normal/arm64 -Xcc -I/Users/geraltgraham/Codes/NeatPaste/app-macos/build/DerivedData/Build/Intermediates.noindex/NeatPaste.build/Release/NeatPaste.build/DerivedSources/arm64 -Xcc -I/Users/geraltgraham/Codes/NeatPaste/app-macos/build/DerivedData/Build/Intermediates.noindex/NeatPaste.build/Release/NeatPaste.build/DerivedSources -emit-objc-header -emit-objc-header-path /Users/geraltgraham/Codes/NeatPaste/app-macos/build/DerivedData/Build/Intermediates.noindex/NeatPaste.build/Release/NeatPaste.build/Objects-normal/arm64/NeatPaste-Swift.h -working-directory /Users/geraltgraham/Codes/NeatPaste/app-macos -no-emit-module-separately-wmo

SwiftDriver NeatPaste normal x86_64 com.apple.xcode.tools.swift.compiler (in target 'NeatPaste' from project 'NeatPaste')
    cd /Users/geraltgraham/Codes/NeatPaste/app-macos
    builtin-SwiftDriver -- /Applications/Xcode.app/Contents/Developer/Toolchains/XcodeDefault.xctoolchain/usr/bin/swiftc -module-name NeatPaste -O -whole-module-optimization -enforce-exclusivity\=checked @/Users/geraltgraham/Codes/NeatPaste/app-macos/build/DerivedData/Build/Intermediates.noindex/NeatPaste.build/Release/NeatPaste.build/Objects-normal/x86_64/NeatPaste.SwiftFileList -default-isolation\=MainActor -enable-upcoming-feature InferIsolatedConformances -enable-upcoming-feature NonisolatedNonsendingByDefault -enable-experimental-feature DebugDescriptionMacro -sdk /Applications/Xcode.app/Contents/Developer/Platforms/MacOSX.platform/Developer/SDKs/MacOSX26.2.sdk -target x86_64-apple-macos26.0 -g -module-cache-path /Users/geraltgraham/Codes/NeatPaste/app-macos/build/DerivedData/ModuleCache.noindex -Xfrontend -serialize-debugging-options -swift-version 6 -I /Users/geraltgraham/Codes/NeatPaste/app-macos/build/DerivedData/Build/Products/Release -F /Users/geraltgraham/Codes/NeatPaste/app-macos/build/DerivedData/Build/Products/Release/PackageFrameworks -F /Users/geraltgraham/Codes/NeatPaste/app-macos/build/DerivedData/Build/Products/Release/PackageFrameworks -F /Users/geraltgraham/Codes/NeatPaste/app-macos/build/DerivedData/Build/Products/Release/PackageFrameworks -F /Users/geraltgraham/Codes/NeatPaste/app-macos/build/DerivedData/Build/Products/Release/PackageFrameworks -F /Users/geraltgraham/Codes/NeatPaste/app-macos/build/DerivedData/Build/Products/Release/PackageFrameworks -F /Users/geraltgraham/Codes/NeatPaste/app-macos/build/DerivedData/Build/Products/Release -emit-localized-strings -emit-localized-strings-path /Users/geraltgraham/Codes/NeatPaste/app-macos/build/DerivedData/Build/Intermediates.noindex/NeatPaste.build/Release/NeatPaste.build/Objects-normal/x86_64 -c -num-threads 8 -Xcc -ivfsstatcache -Xcc /Users/geraltgraham/Codes/NeatPaste/app-macos/build/DerivedData/SDKStatCaches.noindex/macosx26.2-25C58-e8867d0c40613ffc63e0238af232dc5000fa09913b459cbbc988d1f6730289ae.sdkstatcache -output-file-map /Users/geraltgraham/Codes/NeatPaste/app-macos/build/DerivedData/Build/Intermediates.noindex/NeatPaste.build/Release/NeatPaste.build/Objects-normal/x86_64/NeatPaste-OutputFileMap.json -use-frontend-parseable-output -save-temps -no-color-diagnostics -explicit-module-build -module-cache-path /Users/geraltgraham/Codes/NeatPaste/app-macos/build/DerivedData/Build/Intermediates.noindex/SwiftExplicitPrecompiledModules -clang-scanner-module-cache-path /Users/geraltgraham/Codes/NeatPaste/app-macos/build/DerivedData/ModuleCache.noindex -sdk-module-cache-path /Users/geraltgraham/Codes/NeatPaste/app-macos/build/DerivedData/ModuleCache.noindex -serialize-diagnostics -emit-dependencies -emit-module -emit-module-path /Users/geraltgraham/Codes/NeatPaste/app-macos/build/DerivedData/Build/Intermediates.noindex/NeatPaste.build/Release/NeatPaste.build/Objects-normal/x86_64/NeatPaste.swiftmodule -validate-clang-modules-once -clang-build-session-file /Users/geraltgraham/Codes/NeatPaste/app-macos/build/DerivedData/ModuleCache.noindex/Session.modulevalidation -Xcc -I/Users/geraltgraham/Codes/NeatPaste/app-macos/build/DerivedData/Build/Intermediates.noindex/NeatPaste.build/Release/NeatPaste.build/swift-overrides.hmap -emit-const-values -Xfrontend -const-gather-protocols-file -Xfrontend /Users/geraltgraham/Codes/NeatPaste/app-macos/build/DerivedData/Build/Intermediates.noindex/NeatPaste.build/Release/NeatPaste.build/Objects-normal/x86_64/NeatPaste_const_extract_protocols.json -Xcc -iquote -Xcc /Users/geraltgraham/Codes/NeatPaste/app-macos/build/DerivedData/Build/Intermediates.noindex/NeatPaste.build/Release/NeatPaste.build/NeatPaste-generated-files.hmap -Xcc -I/Users/geraltgraham/Codes/NeatPaste/app-macos/build/DerivedData/Build/Intermediates.noindex/NeatPaste.build/Release/NeatPaste.build/NeatPaste-own-target-headers.hmap -Xcc -I/Users/geraltgraham/Codes/NeatPaste/app-macos/build/DerivedData/Build/Intermediates.noindex/NeatPaste.build/Release/NeatPaste.build/NeatPaste-all-non-framework-target-headers.hmap -Xcc -ivfsoverlay -Xcc /Users/geraltgraham/Codes/NeatPaste/app-macos/build/DerivedData/Build/Intermediates.noindex/NeatPaste.build/Release/NeatPaste-11287374e6b03c7c8aa12ea79f648c21-VFS/all-product-headers.yaml -Xcc -iquote -Xcc /Users/geraltgraham/Codes/NeatPaste/app-macos/build/DerivedData/Build/Intermediates.noindex/NeatPaste.build/Release/NeatPaste.build/NeatPaste-project-headers.hmap -Xcc -I/Users/geraltgraham/Codes/NeatPaste/app-macos/build/DerivedData/Build/Products/Release/include -Xcc -I/Users/geraltgraham/Codes/NeatPaste/app-macos/build/DerivedData/Build/Intermediates.noindex/NeatPaste.build/Release/NeatPaste.build/DerivedSources-normal/x86_64 -Xcc -I/Users/geraltgraham/Codes/NeatPaste/app-macos/build/DerivedData/Build/Intermediates.noindex/NeatPaste.build/Release/NeatPaste.build/DerivedSources/x86_64 -Xcc -I/Users/geraltgraham/Codes/NeatPaste/app-macos/build/DerivedData/Build/Intermediates.noindex/NeatPaste.build/Release/NeatPaste.build/DerivedSources -emit-objc-header -emit-objc-header-path /Users/geraltgraham/Codes/NeatPaste/app-macos/build/DerivedData/Build/Intermediates.noindex/NeatPaste.build/Release/NeatPaste.build/Objects-normal/x86_64/NeatPaste-Swift.h -working-directory /Users/geraltgraham/Codes/NeatPaste/app-macos -no-emit-module-separately-wmo

CreateUniversalBinary /Users/geraltgraham/Codes/NeatPaste/app-macos/build/DerivedData/Build/Products/Release/MacKitOverlay.o normal arm64\ x86_64 (in target 'MacKitOverlay' from project 'MacKit')
    cd /Users/geraltgraham/Codes/NeatPaste/app-macos/build/DerivedData/SourcePackages/checkouts/mac-kit-swift
    /Applications/Xcode.app/Contents/Developer/Toolchains/XcodeDefault.xctoolchain/usr/bin/lipo -create /Users/geraltgraham/Codes/NeatPaste/app-macos/build/DerivedData/Build/Intermediates.noindex/MacKit.build/Release/MacKitOverlay.build/Objects-normal/arm64/Binary/MacKitOverlay.o /Users/geraltgraham/Codes/NeatPaste/app-macos/build/DerivedData/Build/Intermediates.noindex/MacKit.build/Release/MacKitOverlay.build/Objects-normal/x86_64/Binary/MacKitOverlay.o -output /Users/geraltgraham/Codes/NeatPaste/app-macos/build/DerivedData/Build/Products/Release/MacKitOverlay.o

ExtractAppIntentsMetadata (in target 'MacKitOverlay' from project 'MacKit')
    cd /Users/geraltgraham/Codes/NeatPaste/app-macos/build/DerivedData/SourcePackages/checkouts/mac-kit-swift
    /Applications/Xcode.app/Contents/Developer/Toolchains/XcodeDefault.xctoolchain/usr/bin/appintentsmetadataprocessor --toolchain-dir /var/run/com.apple.security.cryptexd/mnt/com.apple.MobileAsset.MetalToolchain-v17.3.519.0.Mve7GT/Metal.xctoolchain --module-name MacKitOverlay --sdk-root /Applications/Xcode.app/Contents/Developer/Platforms/MacOSX.platform/Developer/SDKs/MacOSX26.2.sdk --xcode-version 17C519 --platform-family macOS --deployment-target 14.0 --bundle-identifier mac-kit-swift.MacKitOverlay --output /Users/geraltgraham/Codes/NeatPaste/app-macos/build/DerivedData/Build/Products/Release/MacKitOverlay.appintents --target-triple arm64-apple-macos14.0 --target-triple x86_64-apple-macos14.0 --binary-file /Users/geraltgraham/Codes/NeatPaste/app-macos/build/DerivedData/Build/Products/Release/MacKitOverlay.o --dependency-file /Users/geraltgraham/Codes/NeatPaste/app-macos/build/DerivedData/Build/Intermediates.noindex/MacKit.build/Release/MacKitOverlay.build/Objects-normal/arm64/MacKitOverlay_dependency_info.dat --dependency-file /Users/geraltgraham/Codes/NeatPaste/app-macos/build/DerivedData/Build/Intermediates.noindex/MacKit.build/Release/MacKitOverlay.build/Objects-normal/x86_64/MacKitOverlay_dependency_info.dat --stringsdata-file /Users/geraltgraham/Codes/NeatPaste/app-macos/build/DerivedData/Build/Intermediates.noindex/MacKit.build/Release/MacKitOverlay.build/Objects-normal/arm64/ExtractedAppShortcutsMetadata.stringsdata --stringsdata-file /Users/geraltgraham/Codes/NeatPaste/app-macos/build/DerivedData/Build/Intermediates.noindex/MacKit.build/Release/MacKitOverlay.build/Objects-normal/x86_64/ExtractedAppShortcutsMetadata.stringsdata --source-file-list /Users/geraltgraham/Codes/NeatPaste/app-macos/build/DerivedData/Build/Intermediates.noindex/MacKit.build/Release/MacKitOverlay.build/Objects-normal/arm64/MacKitOverlay.SwiftFileList --source-file-list /Users/geraltgraham/Codes/NeatPaste/app-macos/build/DerivedData/Build/Intermediates.noindex/MacKit.build/Release/MacKitOverlay.build/Objects-normal/x86_64/MacKitOverlay.SwiftFileList --metadata-file-list /Users/geraltgraham/Codes/NeatPaste/app-macos/build/DerivedData/Build/Intermediates.noindex/MacKit.build/Release/MacKitOverlay.build/MacKitOverlay.DependencyMetadataFileList --static-metadata-file-list /Users/geraltgraham/Codes/NeatPaste/app-macos/build/DerivedData/Build/Intermediates.noindex/MacKit.build/Release/MacKitOverlay.build/MacKitOverlay.DependencyStaticMetadataFileList --swift-const-vals-list /Users/geraltgraham/Codes/NeatPaste/app-macos/build/DerivedData/Build/Intermediates.noindex/MacKit.build/Release/MacKitOverlay.build/Objects-normal/arm64/MacKitOverlay.SwiftConstValuesFileList --swift-const-vals-list /Users/geraltgraham/Codes/NeatPaste/app-macos/build/DerivedData/Build/Intermediates.noindex/MacKit.build/Release/MacKitOverlay.build/Objects-normal/x86_64/MacKitOverlay.SwiftConstValuesFileList --force --compile-time-extraction --deployment-aware-processing --validate-assistant-intents --no-app-shortcuts-localization
2026-09-07 15:02:44.845 appintentsmetadataprocessor[70466:16096447] Starting appintentsmetadataprocessor export
2026-09-07 15:02:44.971 appintentsmetadataprocessor[70466:16096447] Extracted no relevant App Intents symbols, skipping writing output

RegisterExecutionPolicyException /Users/geraltgraham/Codes/NeatPaste/app-macos/build/DerivedData/Build/Products/Release/MacKitOverlay.o (in target 'MacKitOverlay' from project 'MacKit')
    cd /Users/geraltgraham/Codes/NeatPaste/app-macos/build/DerivedData/SourcePackages/checkouts/mac-kit-swift
    builtin-RegisterExecutionPolicyException /Users/geraltgraham/Codes/NeatPaste/app-macos/build/DerivedData/Build/Products/Release/MacKitOverlay.o

ProcessInfoPlistFile /Users/geraltgraham/Codes/NeatPaste/app-macos/build/DerivedData/Build/Products/Release/NeatPaste.app/Contents/Info.plist /Users/geraltgraham/Codes/NeatPaste/app-macos/NeatPaste/Info.plist (in target 'NeatPaste' from project 'NeatPaste')
    cd /Users/geraltgraham/Codes/NeatPaste/app-macos
    builtin-infoPlistUtility /Users/geraltgraham/Codes/NeatPaste/app-macos/NeatPaste/Info.plist -producttype com.apple.product-type.application -genpkginfo /Users/geraltgraham/Codes/NeatPaste/app-macos/build/DerivedData/Build/Products/Release/NeatPaste.app/Contents/PkgInfo -expandbuildsettings -platform macosx -additionalcontentfile /Users/geraltgraham/Codes/NeatPaste/app-macos/build/DerivedData/Build/Intermediates.noindex/NeatPaste.build/Release/NeatPaste.build/assetcatalog_generated_info.plist -scanforprivacyfile /Users/geraltgraham/Codes/NeatPaste/app-macos/build/DerivedData/Build/Products/Release/NeatPaste.app/Contents/Frameworks/Sparkle.framework -o /Users/geraltgraham/Codes/NeatPaste/app-macos/build/DerivedData/Build/Products/Release/NeatPaste.app/Contents/Info.plist

CompileXCStrings /Users/geraltgraham/Codes/NeatPaste/app-macos/build/DerivedData/Build/Intermediates.noindex/NeatPaste.build/Release/NeatPaste.build/ /Users/geraltgraham/Codes/NeatPaste/app-macos/NeatPaste/Localizable.xcstrings (in target 'NeatPaste' from project 'NeatPaste')
    cd /Users/geraltgraham/Codes/NeatPaste/app-macos
    /Applications/Xcode.app/Contents/Developer/usr/bin/xcstringstool compile --output-directory /Users/geraltgraham/Codes/NeatPaste/app-macos/build/DerivedData/Build/Intermediates.noindex/NeatPaste.build/Release/NeatPaste.build /Users/geraltgraham/Codes/NeatPaste/app-macos/NeatPaste/Localizable.xcstrings

CopyStringsFile /Users/geraltgraham/Codes/NeatPaste/app-macos/build/DerivedData/Build/Products/Release/NeatPaste.app/Contents/Resources/zh-Hans.lproj/Localizable.strings /Users/geraltgraham/Codes/NeatPaste/app-macos/build/DerivedData/Build/Intermediates.noindex/NeatPaste.build/Release/NeatPaste.build/zh-Hans.lproj/Localizable.strings (in target 'NeatPaste' from project 'NeatPaste')
    cd /Users/geraltgraham/Codes/NeatPaste/app-macos
    builtin-copyStrings --validate --outputencoding UTF-16 --outfilename Localizable.strings --outdir /Users/geraltgraham/Codes/NeatPaste/app-macos/build/DerivedData/Build/Products/Release/NeatPaste.app/Contents/Resources/zh-Hans.lproj -- /Users/geraltgraham/Codes/NeatPaste/app-macos/build/DerivedData/Build/Intermediates.noindex/NeatPaste.build/Release/NeatPaste.build/zh-Hans.lproj/Localizable.strings
/Users/geraltgraham/Codes/NeatPaste/app-macos/build/DerivedData/Build/Intermediates.noindex/NeatPaste.build/Release/NeatPaste.build/zh-Hans.lproj/Localizable.strings:1:1: note: detected encoding of input file as Unicode (UTF-8) (in target 'NeatPaste' from project 'NeatPaste')

CopyStringsFile /Users/geraltgraham/Codes/NeatPaste/app-macos/build/DerivedData/Build/Products/Release/NeatPaste.app/Contents/Resources/en.lproj/Localizable.strings /Users/geraltgraham/Codes/NeatPaste/app-macos/build/DerivedData/Build/Intermediates.noindex/NeatPaste.build/Release/NeatPaste.build/en.lproj/Localizable.strings (in target 'NeatPaste' from project 'NeatPaste')
    cd /Users/geraltgraham/Codes/NeatPaste/app-macos
    builtin-copyStrings --validate --outputencoding UTF-16 --outfilename Localizable.strings --outdir /Users/geraltgraham/Codes/NeatPaste/app-macos/build/DerivedData/Build/Products/Release/NeatPaste.app/Contents/Resources/en.lproj -- /Users/geraltgraham/Codes/NeatPaste/app-macos/build/DerivedData/Build/Intermediates.noindex/NeatPaste.build/Release/NeatPaste.build/en.lproj/Localizable.strings
/Users/geraltgraham/Codes/NeatPaste/app-macos/build/DerivedData/Build/Intermediates.noindex/NeatPaste.build/Release/NeatPaste.build/en.lproj/Localizable.strings:1:1: note: detected encoding of input file as Unicode (UTF-8) (in target 'NeatPaste' from project 'NeatPaste')

SwiftCompile normal x86_64 Compiling\ AccessibilityPermission.swift,\ AppDelegate.swift,\ AppPreferences.swift,\ ArrowKeyRepeat.swift,\ ClickThroughEater.swift,\ ClipboardContentIdentity.swift,\ ClipboardMonitor.swift,\ HistoryItem.swift,\ HistoryPanel.swift,\ HistoryPanelModel.swift,\ HistoryPanelView.swift,\ HistorySearch.swift,\ HistoryServing.swift,\ HistoryText.swift,\ HistoryThumbnail.swift,\ HotkeyManager.swift,\ InMemoryHistoryStore.swift,\ LaunchAtLoginManager.swift,\ NeatPasteApp.swift,\ PanelAnchor.swift,\ PanelGlassView.swift,\ PasteEngine.swift,\ PasteboardCapture.swift,\ PasteboardSnapshot.swift,\ PayloadVault.swift,\ PersistedHistoryRecord.swift,\ PreviewDismissHotkey.swift,\ QuickLookPreview.swift,\ RecoveryView.swift,\ RecoveryWindowController.swift,\ SettingsView.swift,\ SettingsWindowController.swift,\ StatusItemController.swift,\ TitledWindowActivation.swift,\ GeneratedAssetSymbols.swift /Users/geraltgraham/Codes/NeatPaste/app-macos/NeatPaste/Paste/AccessibilityPermission.swift /Users/geraltgraham/Codes/NeatPaste/app-macos/NeatPaste/AppDelegate.swift /Users/geraltgraham/Codes/NeatPaste/app-macos/NeatPaste/AppPreferences.swift /Users/geraltgraham/Codes/NeatPaste/app-macos/NeatPaste/Panel/ArrowKeyRepeat.swift /Users/geraltgraham/Codes/NeatPaste/app-macos/NeatPaste/Panel/ClickThroughEater.swift /Users/geraltgraham/Codes/NeatPaste/app-macos/NeatPaste/History/ClipboardContentIdentity.swift /Users/geraltgraham/Codes/NeatPaste/app-macos/NeatPaste/History/ClipboardMonitor.swift /Users/geraltgraham/Codes/NeatPaste/app-macos/NeatPaste/History/HistoryItem.swift /Users/geraltgraham/Codes/NeatPaste/app-macos/NeatPaste/Panel/HistoryPanel.swift /Users/geraltgraham/Codes/NeatPaste/app-macos/NeatPaste/Panel/HistoryPanelModel.swift /Users/geraltgraham/Codes/NeatPaste/app-macos/NeatPaste/Panel/HistoryPanelView.swift /Users/geraltgraham/Codes/NeatPaste/app-macos/NeatPaste/History/HistorySearch.swift /Users/geraltgraham/Codes/NeatPaste/app-macos/NeatPaste/History/HistoryServing.swift /Users/geraltgraham/Codes/NeatPaste/app-macos/NeatPaste/History/HistoryText.swift /Users/geraltgraham/Codes/NeatPaste/app-macos/NeatPaste/Panel/HistoryThumbnail.swift /Users/geraltgraham/Codes/NeatPaste/app-macos/NeatPaste/HotkeyManager.swift /Users/geraltgraham/Codes/NeatPaste/app-macos/NeatPaste/History/InMemoryHistoryStore.swift /Users/geraltgraham/Codes/NeatPaste/app-macos/NeatPaste/LaunchAtLoginManager.swift /Users/geraltgraham/Codes/NeatPaste/app-macos/NeatPaste/NeatPasteApp.swift /Users/geraltgraham/Codes/NeatPaste/app-macos/NeatPaste/Panel/PanelAnchor.swift /Users/geraltgraham/Codes/NeatPaste/app-macos/NeatPaste/Panel/PanelGlassView.swift /Users/geraltgraham/Codes/NeatPaste/app-macos/NeatPaste/Paste/PasteEngine.swift /Users/geraltgraham/Codes/NeatPaste/app-macos/NeatPaste/History/PasteboardCapture.swift /Users/geraltgraham/Codes/NeatPaste/app-macos/NeatPaste/History/PasteboardSnapshot.swift /Users/geraltgraham/Codes/NeatPaste/app-macos/NeatPaste/History/PayloadVault.swift /Users/geraltgraham/Codes/NeatPaste/app-macos/NeatPaste/History/PersistedHistoryRecord.swift /Users/geraltgraham/Codes/NeatPaste/app-macos/NeatPaste/Panel/PreviewDismissHotkey.swift /Users/geraltgraham/Codes/NeatPaste/app-macos/NeatPaste/Panel/QuickLookPreview.swift /Users/geraltgraham/Codes/NeatPaste/app-macos/NeatPaste/Recovery/RecoveryView.swift /Users/geraltgraham/Codes/NeatPaste/app-macos/NeatPaste/Recovery/RecoveryWindowController.swift /Users/geraltgraham/Codes/NeatPaste/app-macos/NeatPaste/Settings/SettingsView.swift /Users/geraltgraham/Codes/NeatPaste/app-macos/NeatPaste/Settings/SettingsWindowController.swift /Users/geraltgraham/Codes/NeatPaste/app-macos/NeatPaste/StatusItem/StatusItemController.swift /Users/geraltgraham/Codes/NeatPaste/app-macos/NeatPaste/TitledWindowActivation.swift /Users/geraltgraham/Codes/NeatPaste/app-macos/build/DerivedData/Build/Intermediates.noindex/NeatPaste.build/Release/NeatPaste.build/DerivedSources/GeneratedAssetSymbols.swift /Applications/Xcode.app/Contents/Developer/Toolchains/XcodeDefault.xctoolchain/usr/lib/swift/macosx/prebuilt-modules/26.2/Combine.swiftmodule/x86_64-apple-macos.swiftmodule /Applications/Xcode.app/Contents/Developer/Toolchains/XcodeDefault.xctoolchain/usr/lib/swift/macosx/prebuilt-modules/26.2/_DarwinFoundation3.swiftmodule/x86_64-apple-macos.swiftmodule /Applications/Xcode.app/Contents/Developer/Toolchains/XcodeDefault.xctoolchain/usr/lib/swift/macosx/prebuilt-modules/26.2/System.swiftmodule/x86_64-apple-macos.swiftmodule /Applications/Xcode.app/Contents/Developer/Toolchains/XcodeDefault.xctoolchain/usr/lib/swift/macosx/prebuilt-modules/26.2/simd.swiftmodule/x86_64-apple-macos.swiftmodule /Applications/Xcode.app/Contents/Developer/Toolchains/XcodeDefault.xctoolchain/usr/lib/swift/macosx/prebuilt-modules/26.2/UniformTypeIdentifiers.swiftmodule/x86_64-apple-macos.swiftmodule /Applications/Xcode.app/Contents/Developer/Toolchains/XcodeDefault.xctoolchain/usr/lib/swift/macosx/prebuilt-modules/26.2/LocalAuthentication.swiftmodule/x86_64-apple-macos.swiftmodule /Users/geraltgraham/Codes/NeatPaste/app-macos/build/DerivedData/Build/Products/Release/MacKitLaunchAtLogin.swiftmodule/x86_64-apple-macos.swiftmodule /Applications/Xcode.app/Contents/Developer/Toolchains/XcodeDefault.xctoolchain/usr/lib/swift/macosx/prebuilt-modules/26.2/CoreTransferable.swiftmodule/x86_64-apple-macos.swiftmodule /Applications/Xcode.app/Contents/Developer/Toolchains/XcodeDefault.xctoolchain/usr/lib/swift/macosx/prebuilt-modules/26.2/CoreData.swiftmodule/x86_64-apple-macos.swiftmodule /Applications/Xcode.app/Contents/Developer/Toolchains/XcodeDefault.xctoolchain/usr/lib/swift/macosx/prebuilt-modules/26.2/Observation.swiftmodule/x86_64-apple-macos.swiftmodule /Applications/Xcode.app/Contents/Developer/Toolchains/XcodeDefault.xctoolchain/usr/lib/swift/macosx/prebuilt-modules/26.2/_StringProcessing.swiftmodule/x86_64-apple-macos.swiftmodule /Users/geraltgraham/Codes/NeatPaste/app-macos/build/DerivedData/Build/Products/Release/MacKitLifecycle.swiftmodule/x86_64-apple-macos.swiftmodule /Applications/Xcode.app/Contents/Developer/Toolchains/XcodeDefault.xctoolchain/usr/lib/swift/macosx/prebuilt-modules/26.2/Swift.swiftmodule/x86_64-apple-macos.swiftmodule /Applications/Xcode.app/Contents/Developer/Toolchains/XcodeDefault.xctoolchain/usr/lib/swift/macosx/prebuilt-modules/26.2/DataDetection.swiftmodule/x86_64-apple-macos.swiftmodule /Applications/Xcode.app/Contents/Developer/Toolchains/XcodeDefault.xctoolchain/usr/lib/swift/macosx/prebuilt-modules/26.2/CoreImage.swiftmodule/x86_64-apple-macos.swiftmodule /Applications/Xcode.app/Contents/Developer/Toolchains/XcodeDefault.xctoolchain/usr/lib/swift/macosx/prebuilt-modules/26.2/SwiftUI.swiftmodule/x86_64-apple-macos.swiftmodule /Applications/Xcode.app/Contents/Developer/Toolchains/XcodeDefault.xctoolchain/usr/lib/swift/macosx/prebuilt-modules/26.2/AppKit.swiftmodule/x86_64-apple-macos.swiftmodule /Applications/Xcode.app/Contents/Developer/Toolchains/XcodeDefault.xctoolchain/usr/lib/swift/macosx/prebuilt-modules/26.2/Foundation.swiftmodule/x86_64-apple-macos.swiftmodule /Users/geraltgraham/Codes/NeatPaste/app-macos/build/DerivedData/Build/Products/Release/MacKitUpdater.swiftmodule/x86_64-apple-macos.swiftmodule /Applications/Xcode.app/Contents/Developer/Toolchains/XcodeDefault.xctoolchain/usr/lib/swift/macosx/prebuilt-modules/26.2/_Builtin_float.swiftmodule/x86_64-apple-macos.swiftmodule /Applications/Xcode.app/Contents/Developer/Toolchains/XcodeDefault.xctoolchain/usr/lib/swift/macosx/prebuilt-modules/26.2/CoreVideo.swiftmodule/x86_64-apple-macos.swiftmodule /Applications/Xcode.app/Contents/Developer/Toolchains/XcodeDefault.xctoolchain/usr/lib/swift/macosx/prebuilt-modules/26.2/CoreText.swiftmodule/x86_64-apple-macos.swiftmodule /Applications/Xcode.app/Contents/Developer/Toolchains/XcodeDefault.xctoolchain/usr/lib/swift/macosx/prebuilt-modules/26.2/os.swiftmodule/x86_64-apple-macos.swiftmodule /Applications/Xcode.app/Contents/Developer/Toolchains/XcodeDefault.xctoolchain/usr/lib/swift/macosx/prebuilt-modules/26.2/CoreGraphics.swiftmodule/x86_64-apple-macos.swiftmodule /Applications/Xcode.app/Contents/Developer/Toolchains/XcodeDefault.xctoolchain/usr/lib/swift/macosx/prebuilt-modules/26.2/QuickLookUI.swiftmodule/x86_64-apple-macos.swiftmodule /Users/geraltgraham/Codes/NeatPaste/app-macos/build/DerivedData/Build/Products/Release/MacKitCore.swiftmodule/x86_64-apple-macos.swiftmodule /Applications/Xcode.app/Contents/Developer/Toolchains/XcodeDefault.xctoolchain/usr/lib/swift/macosx/prebuilt-modules/26.2/IOKit.swiftmodule/x86_64-apple-macos.swiftmodule /Applications/Xcode.app/Contents/Developer/Toolchains/XcodeDefault.xctoolchain/usr/lib/swift/macosx/prebuilt-modules/26.2/QuartzCore.swiftmodule/x86_64-apple-macos.swiftmodule /Applications/Xcode.app/Contents/Developer/Toolchains/XcodeDefault.xctoolchain/usr/lib/swift/macosx/prebuilt-modules/26.2/Metal.swiftmodule/x86_64-apple-macos.swiftmodule /Applications/Xcode.app/Contents/Developer/Toolchains/XcodeDefault.xctoolchain/usr/lib/swift/macosx/prebuilt-modules/26.2/Accessibility.swiftmodule/x86_64-apple-macos.swiftmodule /Users/geraltgraham/Codes/NeatPaste/app-macos/build/DerivedData/Build/Products/Release/MacKitOverlay.swiftmodule/x86_64-apple-macos.swiftmodule /Applications/Xcode.app/Contents/Developer/Toolchains/XcodeDefault.xctoolchain/usr/lib/swift/macosx/prebuilt-modules/26.2/SwiftUICore.swiftmodule/x86_64-apple-macos.swiftmodule /Applications/Xcode.app/Contents/Developer/Toolchains/XcodeDefault.xctoolchain/usr/lib/swift/macosx/prebuilt-modules/26.2/_DarwinFoundation2.swiftmodule/x86_64-apple-macos.swiftmodule /Applications/Xcode.app/Contents/Developer/Toolchains/XcodeDefault.xctoolchain/usr/lib/swift/macosx/prebuilt-modules/26.2/_DarwinFoundation1.swiftmodule/x86_64-apple-macos.swiftmodule /Applications/Xcode.app/Contents/Developer/Toolchains/XcodeDefault.xctoolchain/usr/lib/swift/macosx/prebuilt-modules/26.2/Symbols.swiftmodule/x86_64-apple-macos.swiftmodule /Applications/Xcode.app/Contents/Developer/Toolchains/XcodeDefault.xctoolchain/usr/lib/swift/macosx/prebuilt-modules/26.2/CryptoKit.swiftmodule/x86_64-apple-macos.swiftmodule /Applications/Xcode.app/Contents/Developer/Toolchains/XcodeDefault.xctoolchain/usr/lib/swift/macosx/prebuilt-modules/26.2/Darwin.swiftmodule/x86_64-apple-macos.swiftmodule /Applications/Xcode.app/Contents/Developer/Toolchains/XcodeDefault.xctoolchain/usr/lib/swift/macosx/prebuilt-modules/26.2/OSLog.swiftmodule/x86_64-apple-macos.swiftmodule /Applications/Xcode.app/Contents/Developer/Toolchains/XcodeDefault.xctoolchain/usr/lib/swift/macosx/prebuilt-modules/26.2/DeveloperToolsSupport.swiftmodule/x86_64-apple-macos.swiftmodule /Applications/Xcode.app/Contents/Developer/Toolchains/XcodeDefault.xctoolchain/usr/lib/swift/macosx/prebuilt-modules/26.2/PDFKit.swiftmodule/x86_64-apple-macos.swiftmodule /Applications/Xcode.app/Contents/Developer/Toolchains/XcodeDefault.xctoolchain/usr/lib/swift/macosx/prebuilt-modules/26.2/_Concurrency.swiftmodule/x86_64-apple-macos.swiftmodule /Applications/Xcode.app/Contents/Developer/Toolchains/XcodeDefault.xctoolchain/usr/lib/swift/macosx/prebuilt-modules/26.2/Spatial.swiftmodule/x86_64-apple-macos.swiftmodule /Applications/Xcode.app/Contents/Developer/Toolchains/XcodeDefault.xctoolchain/usr/lib/swift/macosx/prebuilt-modules/26.2/XPC.swiftmodule/x86_64-apple-macos.swiftmodule /Applications/Xcode.app/Contents/Developer/Toolchains/XcodeDefault.xctoolchain/usr/lib/swift/macosx/prebuilt-modules/26.2/CoreFoundation.swiftmodule/x86_64-apple-macos.swiftmodule /Applications/Xcode.app/Contents/Developer/Toolchains/XcodeDefault.xctoolchain/usr/lib/swift/macosx/prebuilt-modules/26.2/ObjectiveC.swiftmodule/x86_64-apple-macos.swiftmodule /Applications/Xcode.app/Contents/Developer/Toolchains/XcodeDefault.xctoolchain/usr/lib/swift/macosx/prebuilt-modules/26.2/Dispatch.swiftmodule/x86_64-apple-macos.swiftmodule /Users/geraltgraham/Codes/NeatPaste/app-macos/build/DerivedData/ModuleCache.noindex/CoreTransferable-9K3SJ3RSVRM2CFSGJ0P1JP5EF.pcm /Users/geraltgraham/Codes/NeatPaste/app-macos/build/DerivedData/ModuleCache.noindex/Metal-8OC5SXY9J9YMWCR7IHZZBZZMJ.pcm /Users/geraltgraham/Codes/NeatPaste/app-macos/build/DerivedData/ModuleCache.noindex/sys_types-BPZZDGZEZBJXW19WI8FJD9OEQ.pcm /Users/geraltgraham/Codes/NeatPaste/app-macos/build/DerivedData/ModuleCache.noindex/os_object-BJ31Z80MDAPS00QGCCE47G2XX.pcm /Users/geraltgraham/Codes/NeatPaste/app-macos/build/DerivedData/ModuleCache.noindex/IOKit-20CQ2EEM1W5ATKAGQ38924AP6.pcm /Users/geraltgraham/Codes/NeatPaste/app-macos/build/DerivedData/ModuleCache.noindex/CoreFoundation-C6DAHRPDKL7B094FNOPO0S4D8.pcm /Users/geraltgraham/Codes/NeatPaste/app-macos/build/DerivedData/ModuleCache.noindex/MachO-DRZ2R9WG6HKE213GTKU6XOVCV.pcm /Users/geraltgraham/Codes/NeatPaste/app-macos/build/DerivedData/ModuleCache.noindex/_Builtin_float-DHDIBEK6QJULSUL5AWWY8NJID.pcm /Users/geraltgraham/Codes/NeatPaste/app-macos/build/DerivedData/ModuleCache.noindex/CoreVideo-A97PUX5RHG96C1KCEO5VIZKQ5.pcm /Users/geraltgraham/Codes/NeatPaste/app-macos/build/DerivedData/ModuleCache.noindex/ApplicationServices-AB0ESGZHY9P46DMJ8HZYQN3S3.pcm /Users/geraltgraham/Codes/NeatPaste/app-macos/build/DerivedData/ModuleCache.noindex/OSLog-CGPAOP4VFCIS53FV8XKSVK5GM.pcm /Users/geraltgraham/Codes/NeatPaste/app-macos/build/DerivedData/Build/Intermediates.noindex/SwiftExplicitPrecompiledModules/Sparkle-151L3FNAU3YEN5A8IKLH6B151.pcm /Users/geraltgraham/Codes/NeatPaste/app-macos/build/DerivedData/ModuleCache.noindex/_Builtin_stdbool-AOBX28BAYQLE6DF9IJEUSDQIJ.pcm /Users/geraltgraham/Codes/NeatPaste/app-macos/build/DerivedData/ModuleCache.noindex/os_workgroup-1WUYFGFBTBF3YG96NLT1USZ86.pcm /Users/geraltgraham/Codes/NeatPaste/app-macos/build/DerivedData/ModuleCache.noindex/_Builtin_stdint-9S53FYURCIG4J1U1WIQFI9ZPW.pcm /Users/geraltgraham/Codes/NeatPaste/app-macos/build/DerivedData/ModuleCache.noindex/_DarwinFoundation1-DC1XXC5DGSQI4JH6OBO559Z9I.pcm /Users/geraltgraham/Codes/NeatPaste/app-macos/build/DerivedData/ModuleCache.noindex/DiskArbitration-15HR40UQO1WM7FYWIOZG7S0CY.pcm /Users/geraltgraham/Codes/NeatPaste/app-macos/build/DerivedData/ModuleCache.noindex/CUPS-7LM3P8FGR2W569GJ6H5BBNVJ0.pcm /Users/geraltgraham/Codes/NeatPaste/app-macos/build/DerivedData/ModuleCache.noindex/Spatial-2ITR3NKQOK5UL0OTCNS3DCUJ0.pcm /Users/geraltgraham/Codes/NeatPaste/app-macos/build/DerivedData/ModuleCache.noindex/CoreData-ARBEOZVX82H1P2AK3W1U3R33L.pcm /Users/geraltgraham/Codes/NeatPaste/app-macos/build/DerivedData/ModuleCache.noindex/CoreText-DZG0PP8XHEVZYJPZAYCYPWOIH.pcm /Users/geraltgraham/Codes/NeatPaste/app-macos/build/DerivedData/ModuleCache.noindex/AppKit-CU3TE807R4N090FE8HNPHYRB7.pcm /Users/geraltgraham/Codes/NeatPaste/app-macos/build/DerivedData/ModuleCache.noindex/ObjectiveC-EGUNBZ7V5VM0U94727RYSJT1H.pcm /Users/geraltgraham/Codes/NeatPaste/app-macos/build/DerivedData/ModuleCache.noindex/_Builtin_tgmath-9HWBRJL6LWF1TWXY1Z0X3Z5JV.pcm /Users/geraltgraham/Codes/NeatPaste/app-macos/build/DerivedData/ModuleCache.noindex/ColorSync-CDVUJKAXHKLAB1CJI1LUVT32A.pcm /Users/geraltgraham/Codes/NeatPaste/app-macos/build/DerivedData/ModuleCache.noindex/_DarwinFoundation2-EZ1BV6NCJX95DAHLS07LFCIPB.pcm /Users/geraltgraham/Codes/NeatPaste/app-macos/build/DerivedData/ModuleCache.noindex/_DarwinFoundation3-EUJD3ZF72KP8L276GB7RDNMRR.pcm /Users/geraltgraham/Codes/NeatPaste/app-macos/build/DerivedData/ModuleCache.noindex/DataDetection-7Z02UK5DLYOPOEX73P3VKEZ9H.pcm /Users/geraltgraham/Codes/NeatPaste/app-macos/build/DerivedData/ModuleCache.noindex/_Builtin_inttypes-22XH35929MSVM3R7VYRESTU5P.pcm /Users/geraltgraham/Codes/NeatPaste/app-macos/build/DerivedData/ModuleCache.noindex/_Builtin_stddef-9ZG75UR3J6M5XQ4YODK0XGW35.pcm /Users/geraltgraham/Codes/NeatPaste/app-macos/build/DerivedData/ModuleCache.noindex/CoreServices-7XZ7PFU0JSFQXUPWG4CU88Y7T.pcm /Users/geraltgraham/Codes/NeatPaste/app-macos/build/DerivedData/ModuleCache.noindex/XPC-CSM6NQPYM0DBOLEQ4RY2KI1ZB.pcm /Users/geraltgraham/Codes/NeatPaste/app-macos/build/DerivedData/ModuleCache.noindex/SwiftUICore-5NVMEC268B71QPIIUVMRO5YSN.pcm /Users/geraltgraham/Codes/NeatPaste/app-macos/build/DerivedData/ModuleCache.noindex/_Builtin_limits-CQDDHWBWTPBYFLTP9175F9WP5.pcm /Users/geraltgraham/Codes/NeatPaste/app-macos/build/DerivedData/ModuleCache.noindex/Foundation-8D5TMBSSP9RINRDR3N8UBB39Y.pcm /Users/geraltgraham/Codes/NeatPaste/app-macos/build/DerivedData/ModuleCache.noindex/Darwin-7RPSI72JMS7YZMAJY2JYMNZZA.pcm /Users/geraltgraham/Codes/NeatPaste/app-macos/build/DerivedData/ModuleCache.noindex/IOSurface-39MVJE50IG13F44OO3Q71HVW9.pcm /Users/geraltgraham/Codes/NeatPaste/app-macos/build/DerivedData/ModuleCache.noindex/Carbon-9RG8CXC73U3G2OLSXZZ51VN8J.pcm /Users/geraltgraham/Codes/NeatPaste/app-macos/build/DerivedData/ModuleCache.noindex/CoreImage-8127E68VU7I43SPWRM84U2KWM.pcm /Users/geraltgraham/Codes/NeatPaste/app-macos/build/DerivedData/ModuleCache.noindex/ptrcheck-3NOBA9OSOILL2JY5LL18JPPX8.pcm /Users/geraltgraham/Codes/NeatPaste/app-macos/build/DerivedData/ModuleCache.noindex/QuickLook-7VGJW7H1AWNIBDR8BPS4DQ1L0.pcm /Users/geraltgraham/Codes/NeatPaste/app-macos/build/DerivedData/ModuleCache.noindex/Cocoa-6FZ7B5UUQ74XPC7B1NFSQD53N.pcm /Users/geraltgraham/Codes/NeatPaste/app-macos/build/DerivedData/ModuleCache.noindex/_SwiftConcurrencyShims-6QQSIK24ZTZ0CE7BS7F173MVK.pcm /Users/geraltgraham/Codes/NeatPaste/app-macos/build/DerivedData/ModuleCache.noindex/ServiceManagement-2SZ4CVBNUMFNF9KDI5XHM1V6.pcm /Users/geraltgraham/Codes/NeatPaste/app-macos/build/DerivedData/ModuleCache.noindex/UniformTypeIdentifiers-DCTLG1F1EH0LUWOZ1WQ16NLGG.pcm /Users/geraltgraham/Codes/NeatPaste/app-macos/build/DerivedData/ModuleCache.noindex/Symbols-F0TG9P6T6TP6EB8VNDDKI3SO0.pcm /Users/geraltgraham/Codes/NeatPaste/app-macos/build/DerivedData/ModuleCache.noindex/LocalAuthentication-4QUN8YPFDYTEIG36K8FIXH1W1.pcm /Users/geraltgraham/Codes/NeatPaste/app-macos/build/DerivedData/ModuleCache.noindex/Dispatch-CZ3J1BWJ0LZHRB6TRAC7SRPAR.pcm /Users/geraltgraham/Codes/NeatPaste/app-macos/build/DerivedData/ModuleCache.noindex/OpenGL-E9PHE8CXX09W3AIEE6WXU8BRN.pcm /Users/geraltgraham/Codes/NeatPaste/app-macos/build/DerivedData/ModuleCache.noindex/_Builtin_stdarg-9ATYJRXRF7ILNTKD3W0SF24EH.pcm /Users/geraltgraham/Codes/NeatPaste/app-macos/build/DerivedData/ModuleCache.noindex/SwiftShims-787JA8LV1GJ2PO3FNMLTFOVNL.pcm /Users/geraltgraham/Codes/NeatPaste/app-macos/build/DerivedData/ModuleCache.noindex/SwiftUI-DXR7VROWCJUG4MMT8VCYXJGOH.pcm /Users/geraltgraham/Codes/NeatPaste/app-macos/build/DerivedData/ModuleCache.noindex/Security-7MJRA3I9S6IXU0EVR3YV0PYQ9.pcm /Users/geraltgraham/Codes/NeatPaste/app-macos/build/DerivedData/ModuleCache.noindex/os-C6R87PSXWCVMWZP86N7PQ4SKY.pcm /Users/geraltgraham/Codes/NeatPaste/app-macos/build/DerivedData/ModuleCache.noindex/launch-46WKIHS86TZI8R4BAV9IX6BN8.pcm /Users/geraltgraham/Codes/NeatPaste/app-macos/build/DerivedData/ModuleCache.noindex/CFNetwork-94S4RL9332UMX2QOXGFFUMEL9.pcm /Users/geraltgraham/Codes/NeatPaste/app-macos/build/DerivedData/ModuleCache.noindex/ImageIO-23DIYNUOZPJVNZUDT1GLO2Y27.pcm /Users/geraltgraham/Codes/NeatPaste/app-macos/build/DerivedData/ModuleCache.noindex/libkern-1C2NIVRA39P47CIOIKQSHK6R2.pcm /Users/geraltgraham/Codes/NeatPaste/app-macos/build/DerivedData/ModuleCache.noindex/_Builtin_stdatomic-E55022DZD1WDWPJBKI7G0NW2V.pcm /Users/geraltgraham/Codes/NeatPaste/app-macos/build/DerivedData/ModuleCache.noindex/libDER-ARKUR4XM5216BA0KOH68WLN8B.pcm /Users/geraltgraham/Codes/NeatPaste/app-macos/build/DerivedData/ModuleCache.noindex/_Builtin_intrinsics-A48NZ0NTCHXI26LRU97779YTD.pcm /Users/geraltgraham/Codes/NeatPaste/app-macos/build/DerivedData/ModuleCache.noindex/CoreGraphics-6IT96OO1EQFDEP00Y6YNBBUBW.pcm /Users/geraltgraham/Codes/NeatPaste/app-macos/build/DerivedData/ModuleCache.noindex/simd-70A10Q4TECVFMGCFW0O5GQ36Y.pcm /Users/geraltgraham/Codes/NeatPaste/app-macos/build/DerivedData/ModuleCache.noindex/_AvailabilityInternal-7VWMOS0ARA7088LLY0ORVGOYV.pcm /Users/geraltgraham/Codes/NeatPaste/app-macos/build/DerivedData/ModuleCache.noindex/ptrauth-2U8YR25DS2AB0G9IY5LOY7M0W.pcm /Users/geraltgraham/Codes/NeatPaste/app-macos/build/DerivedData/ModuleCache.noindex/DeveloperToolsSupport-BVX52UST9S9HHFEAHAGM30S8J.pcm /Users/geraltgraham/Codes/NeatPaste/app-macos/build/DerivedData/ModuleCache.noindex/QuartzCore-6M5S02IBSJERAZ8PXWWZL7JG3.pcm /Users/geraltgraham/Codes/NeatPaste/app-macos/build/DerivedData/ModuleCache.noindex/QuickLookUI-2DCBPQ7XRSX0IQL4YSJK3ENY1.pcm /Users/geraltgraham/Codes/NeatPaste/app-macos/build/DerivedData/ModuleCache.noindex/Accessibility-A1BP6FWLTJUZQ6ESITCBFU5HM.pcm /Users/geraltgraham/Codes/NeatPaste/app-macos/build/DerivedData/ModuleCache.noindex/PDFKit-9UE34D6MIKGLE4OZVDCIIXJAG.pcm /Users/geraltgraham/Codes/NeatPaste/app-macos/build/DerivedData/Build/Intermediates.noindex/NeatPaste.build/Release/NeatPaste.build/Objects-normal/x86_64/NeatPaste-dependencies-1.json (in target 'NeatPaste' from project 'NeatPaste')

CompileSwift normal x86_64 (in target 'NeatPaste' from project 'NeatPaste')
    cd /Users/geraltgraham/Codes/NeatPaste/app-macos
    

SwiftCompile normal arm64 Compiling\ AccessibilityPermission.swift,\ AppDelegate.swift,\ AppPreferences.swift,\ ArrowKeyRepeat.swift,\ ClickThroughEater.swift,\ ClipboardContentIdentity.swift,\ ClipboardMonitor.swift,\ HistoryItem.swift,\ HistoryPanel.swift,\ HistoryPanelModel.swift,\ HistoryPanelView.swift,\ HistorySearch.swift,\ HistoryServing.swift,\ HistoryText.swift,\ HistoryThumbnail.swift,\ HotkeyManager.swift,\ InMemoryHistoryStore.swift,\ LaunchAtLoginManager.swift,\ NeatPasteApp.swift,\ PanelAnchor.swift,\ PanelGlassView.swift,\ PasteEngine.swift,\ PasteboardCapture.swift,\ PasteboardSnapshot.swift,\ PayloadVault.swift,\ PersistedHistoryRecord.swift,\ PreviewDismissHotkey.swift,\ QuickLookPreview.swift,\ RecoveryView.swift,\ RecoveryWindowController.swift,\ SettingsView.swift,\ SettingsWindowController.swift,\ StatusItemController.swift,\ TitledWindowActivation.swift,\ GeneratedAssetSymbols.swift /Users/geraltgraham/Codes/NeatPaste/app-macos/NeatPaste/Paste/AccessibilityPermission.swift /Users/geraltgraham/Codes/NeatPaste/app-macos/NeatPaste/AppDelegate.swift /Users/geraltgraham/Codes/NeatPaste/app-macos/NeatPaste/AppPreferences.swift /Users/geraltgraham/Codes/NeatPaste/app-macos/NeatPaste/Panel/ArrowKeyRepeat.swift /Users/geraltgraham/Codes/NeatPaste/app-macos/NeatPaste/Panel/ClickThroughEater.swift /Users/geraltgraham/Codes/NeatPaste/app-macos/NeatPaste/History/ClipboardContentIdentity.swift /Users/geraltgraham/Codes/NeatPaste/app-macos/NeatPaste/History/ClipboardMonitor.swift /Users/geraltgraham/Codes/NeatPaste/app-macos/NeatPaste/History/HistoryItem.swift /Users/geraltgraham/Codes/NeatPaste/app-macos/NeatPaste/Panel/HistoryPanel.swift /Users/geraltgraham/Codes/NeatPaste/app-macos/NeatPaste/Panel/HistoryPanelModel.swift /Users/geraltgraham/Codes/NeatPaste/app-macos/NeatPaste/Panel/HistoryPanelView.swift /Users/geraltgraham/Codes/NeatPaste/app-macos/NeatPaste/History/HistorySearch.swift /Users/geraltgraham/Codes/NeatPaste/app-macos/NeatPaste/History/HistoryServing.swift /Users/geraltgraham/Codes/NeatPaste/app-macos/NeatPaste/History/HistoryText.swift /Users/geraltgraham/Codes/NeatPaste/app-macos/NeatPaste/Panel/HistoryThumbnail.swift /Users/geraltgraham/Codes/NeatPaste/app-macos/NeatPaste/HotkeyManager.swift /Users/geraltgraham/Codes/NeatPaste/app-macos/NeatPaste/History/InMemoryHistoryStore.swift /Users/geraltgraham/Codes/NeatPaste/app-macos/NeatPaste/LaunchAtLoginManager.swift /Users/geraltgraham/Codes/NeatPaste/app-macos/NeatPaste/NeatPasteApp.swift /Users/geraltgraham/Codes/NeatPaste/app-macos/NeatPaste/Panel/PanelAnchor.swift /Users/geraltgraham/Codes/NeatPaste/app-macos/NeatPaste/Panel/PanelGlassView.swift /Users/geraltgraham/Codes/NeatPaste/app-macos/NeatPaste/Paste/PasteEngine.swift /Users/geraltgraham/Codes/NeatPaste/app-macos/NeatPaste/History/PasteboardCapture.swift /Users/geraltgraham/Codes/NeatPaste/app-macos/NeatPaste/History/PasteboardSnapshot.swift /Users/geraltgraham/Codes/NeatPaste/app-macos/NeatPaste/History/PayloadVault.swift /Users/geraltgraham/Codes/NeatPaste/app-macos/NeatPaste/History/PersistedHistoryRecord.swift /Users/geraltgraham/Codes/NeatPaste/app-macos/NeatPaste/Panel/PreviewDismissHotkey.swift /Users/geraltgraham/Codes/NeatPaste/app-macos/NeatPaste/Panel/QuickLookPreview.swift /Users/geraltgraham/Codes/NeatPaste/app-macos/NeatPaste/Recovery/RecoveryView.swift /Users/geraltgraham/Codes/NeatPaste/app-macos/NeatPaste/Recovery/RecoveryWindowController.swift /Users/geraltgraham/Codes/NeatPaste/app-macos/NeatPaste/Settings/SettingsView.swift /Users/geraltgraham/Codes/NeatPaste/app-macos/NeatPaste/Settings/SettingsWindowController.swift /Users/geraltgraham/Codes/NeatPaste/app-macos/NeatPaste/StatusItem/StatusItemController.swift /Users/geraltgraham/Codes/NeatPaste/app-macos/NeatPaste/TitledWindowActivation.swift /Users/geraltgraham/Codes/NeatPaste/app-macos/build/DerivedData/Build/Intermediates.noindex/NeatPaste.build/Release/NeatPaste.build/DerivedSources/GeneratedAssetSymbols.swift /Applications/Xcode.app/Contents/Developer/Toolchains/XcodeDefault.xctoolchain/usr/lib/swift/macosx/prebuilt-modules/26.2/_Builtin_float.swiftmodule/arm64e-apple-macos.swiftmodule /Applications/Xcode.app/Contents/Developer/Toolchains/XcodeDefault.xctoolchain/usr/lib/swift/macosx/prebuilt-modules/26.2/UniformTypeIdentifiers.swiftmodule/arm64e-apple-macos.swiftmodule /Users/geraltgraham/Codes/NeatPaste/app-macos/build/DerivedData/Build/Products/Release/MacKitLaunchAtLogin.swiftmodule/arm64-apple-macos.swiftmodule /Applications/Xcode.app/Contents/Developer/Toolchains/XcodeDefault.xctoolchain/usr/lib/swift/macosx/prebuilt-modules/26.2/Foundation.swiftmodule/arm64e-apple-macos.swiftmodule /Applications/Xcode.app/Contents/Developer/Toolchains/XcodeDefault.xctoolchain/usr/lib/swift/macosx/prebuilt-modules/26.2/Accessibility.swiftmodule/arm64e-apple-macos.swiftmodule /Applications/Xcode.app/Contents/Developer/Toolchains/XcodeDefault.xctoolchain/usr/lib/swift/macosx/prebuilt-modules/26.2/DataDetection.swiftmodule/arm64e-apple-macos.swiftmodule /Applications/Xcode.app/Contents/Developer/Toolchains/XcodeDefault.xctoolchain/usr/lib/swift/macosx/prebuilt-modules/26.2/_DarwinFoundation3.swiftmodule/arm64e-apple-macos.swiftmodule /Applications/Xcode.app/Contents/Developer/Toolchains/XcodeDefault.xctoolchain/usr/lib/swift/macosx/prebuilt-modules/26.2/System.swiftmodule/arm64e-apple-macos.swiftmodule /Applications/Xcode.app/Contents/Developer/Toolchains/XcodeDefault.xctoolchain/usr/lib/swift/macosx/prebuilt-modules/26.2/SwiftUICore.swiftmodule/arm64e-apple-macos.swiftmodule /Users/geraltgraham/Codes/NeatPaste/app-macos/build/DerivedData/Build/Products/Release/MacKitCore.swiftmodule/arm64-apple-macos.swiftmodule /Users/geraltgraham/Codes/NeatPaste/app-macos/build/DerivedData/Build/Products/Release/MacKitUpdater.swiftmodule/arm64-apple-macos.swiftmodule /Applications/Xcode.app/Contents/Developer/Toolchains/XcodeDefault.xctoolchain/usr/lib/swift/macosx/prebuilt-modules/26.2/CoreData.swiftmodule/arm64e-apple-macos.swiftmodule /Applications/Xcode.app/Contents/Developer/Toolchains/XcodeDefault.xctoolchain/usr/lib/swift/macosx/prebuilt-modules/26.2/SwiftUI.swiftmodule/arm64e-apple-macos.swiftmodule /Applications/Xcode.app/Contents/Developer/Toolchains/XcodeDefault.xctoolchain/usr/lib/swift/macosx/prebuilt-modules/26.2/os.swiftmodule/arm64e-apple-macos.swiftmodule /Applications/Xcode.app/Contents/Developer/Toolchains/XcodeDefault.xctoolchain/usr/lib/swift/macosx/prebuilt-modules/26.2/CoreFoundation.swiftmodule/arm64e-apple-macos.swiftmodule /Applications/Xcode.app/Contents/Developer/Toolchains/XcodeDefault.xctoolchain/usr/lib/swift/macosx/prebuilt-modules/26.2/Observation.swiftmodule/arm64e-apple-macos.swiftmodule /Applications/Xcode.app/Contents/Developer/Toolchains/XcodeDefault.xctoolchain/usr/lib/swift/macosx/prebuilt-modules/26.2/CoreText.swiftmodule/arm64e-apple-macos.swiftmodule /Applications/Xcode.app/Contents/Developer/Toolchains/XcodeDefault.xctoolchain/usr/lib/swift/macosx/prebuilt-modules/26.2/IOKit.swiftmodule/arm64e-apple-macos.swiftmodule /Applications/Xcode.app/Contents/Developer/Toolchains/XcodeDefault.xctoolchain/usr/lib/swift/macosx/prebuilt-modules/26.2/Combine.swiftmodule/arm64e-apple-macos.swiftmodule /Users/geraltgraham/Codes/NeatPaste/app-macos/build/DerivedData/Build/Products/Release/MacKitOverlay.swiftmodule/arm64-apple-macos.swiftmodule /Applications/Xcode.app/Contents/Developer/Toolchains/XcodeDefault.xctoolchain/usr/lib/swift/macosx/prebuilt-modules/26.2/OSLog.swiftmodule/arm64e-apple-macos.swiftmodule /Applications/Xcode.app/Contents/Developer/Toolchains/XcodeDefault.xctoolchain/usr/lib/swift/macosx/prebuilt-modules/26.2/CoreGraphics.swiftmodule/arm64e-apple-macos.swiftmodule /Applications/Xcode.app/Contents/Developer/Toolchains/XcodeDefault.xctoolchain/usr/lib/swift/macosx/prebuilt-modules/26.2/Darwin.swiftmodule/arm64e-apple-macos.swiftmodule /Applications/Xcode.app/Contents/Developer/Toolchains/XcodeDefault.xctoolchain/usr/lib/swift/macosx/prebuilt-modules/26.2/DeveloperToolsSupport.swiftmodule/arm64e-apple-macos.swiftmodule /Applications/Xcode.app/Contents/Developer/Toolchains/XcodeDefault.xctoolchain/usr/lib/swift/macosx/prebuilt-modules/26.2/Swift.swiftmodule/arm64e-apple-macos.swiftmodule /Applications/Xcode.app/Contents/Developer/Toolchains/XcodeDefault.xctoolchain/usr/lib/swift/macosx/prebuilt-modules/26.2/_DarwinFoundation2.swiftmodule/arm64e-apple-macos.swiftmodule /Applications/Xcode.app/Contents/Developer/Toolchains/XcodeDefault.xctoolchain/usr/lib/swift/macosx/prebuilt-modules/26.2/PDFKit.swiftmodule/arm64e-apple-macos.swiftmodule /Applications/Xcode.app/Contents/Developer/Toolchains/XcodeDefault.xctoolchain/usr/lib/swift/macosx/prebuilt-modules/26.2/Dispatch.swiftmodule/arm64e-apple-macos.swiftmodule /Applications/Xcode.app/Contents/Developer/Toolchains/XcodeDefault.xctoolchain/usr/lib/swift/macosx/prebuilt-modules/26.2/_Concurrency.swiftmodule/arm64e-apple-macos.swiftmodule /Applications/Xcode.app/Contents/Developer/Toolchains/XcodeDefault.xctoolchain/usr/lib/swift/macosx/prebuilt-modules/26.2/simd.swiftmodule/arm64e-apple-macos.swiftmodule /Applications/Xcode.app/Contents/Developer/Toolchains/XcodeDefault.xctoolchain/usr/lib/swift/macosx/prebuilt-modules/26.2/XPC.swiftmodule/arm64e-apple-macos.swiftmodule /Applications/Xcode.app/Contents/Developer/Toolchains/XcodeDefault.xctoolchain/usr/lib/swift/macosx/prebuilt-modules/26.2/QuickLookUI.swiftmodule/arm64e-apple-macos.swiftmodule /Applications/Xcode.app/Contents/Developer/Toolchains/XcodeDefault.xctoolchain/usr/lib/swift/macosx/prebuilt-modules/26.2/_StringProcessing.swiftmodule/arm64e-apple-macos.swiftmodule /Applications/Xcode.app/Contents/Developer/Toolchains/XcodeDefault.xctoolchain/usr/lib/swift/macosx/prebuilt-modules/26.2/Metal.swiftmodule/arm64e-apple-macos.swiftmodule /Applications/Xcode.app/Contents/Developer/Toolchains/XcodeDefault.xctoolchain/usr/lib/swift/macosx/prebuilt-modules/26.2/AppKit.swiftmodule/arm64e-apple-macos.swiftmodule /Applications/Xcode.app/Contents/Developer/Toolchains/XcodeDefault.xctoolchain/usr/lib/swift/macosx/prebuilt-modules/26.2/CoreVideo.swiftmodule/arm64e-apple-macos.swiftmodule /Applications/Xcode.app/Contents/Developer/Toolchains/XcodeDefault.xctoolchain/usr/lib/swift/macosx/prebuilt-modules/26.2/ObjectiveC.swiftmodule/arm64e-apple-macos.swiftmodule /Applications/Xcode.app/Contents/Developer/Toolchains/XcodeDefault.xctoolchain/usr/lib/swift/macosx/prebuilt-modules/26.2/QuartzCore.swiftmodule/arm64e-apple-macos.swiftmodule /Applications/Xcode.app/Contents/Developer/Toolchains/XcodeDefault.xctoolchain/usr/lib/swift/macosx/prebuilt-modules/26.2/CoreTransferable.swiftmodule/arm64e-apple-macos.swiftmodule /Applications/Xcode.app/Contents/Developer/Toolchains/XcodeDefault.xctoolchain/usr/lib/swift/macosx/prebuilt-modules/26.2/LocalAuthentication.swiftmodule/arm64e-apple-macos.swiftmodule /Applications/Xcode.app/Contents/Developer/Toolchains/XcodeDefault.xctoolchain/usr/lib/swift/macosx/prebuilt-modules/26.2/CryptoKit.swiftmodule/arm64e-apple-macos.swiftmodule /Applications/Xcode.app/Contents/Developer/Toolchains/XcodeDefault.xctoolchain/usr/lib/swift/macosx/prebuilt-modules/26.2/CoreImage.swiftmodule/arm64e-apple-macos.swiftmodule /Users/geraltgraham/Codes/NeatPaste/app-macos/build/DerivedData/Build/Products/Release/MacKitLifecycle.swiftmodule/arm64-apple-macos.swiftmodule /Applications/Xcode.app/Contents/Developer/Toolchains/XcodeDefault.xctoolchain/usr/lib/swift/macosx/prebuilt-modules/26.2/Spatial.swiftmodule/arm64e-apple-macos.swiftmodule /Applications/Xcode.app/Contents/Developer/Toolchains/XcodeDefault.xctoolchain/usr/lib/swift/macosx/prebuilt-modules/26.2/_DarwinFoundation1.swiftmodule/arm64e-apple-macos.swiftmodule /Applications/Xcode.app/Contents/Developer/Toolchains/XcodeDefault.xctoolchain/usr/lib/swift/macosx/prebuilt-modules/26.2/Symbols.swiftmodule/arm64e-apple-macos.swiftmodule /Users/geraltgraham/Codes/NeatPaste/app-macos/build/DerivedData/ModuleCache.noindex/DataDetection-67ZLHGXWXDRSVD3SQC63017T0.pcm /Users/geraltgraham/Codes/NeatPaste/app-macos/build/DerivedData/ModuleCache.noindex/_Builtin_intrinsics-D37S1SV1ZL005I5YDZ1BG9SB4.pcm /Users/geraltgraham/Codes/NeatPaste/app-macos/build/DerivedData/ModuleCache.noindex/AppKit-3AM9B72G1D16LQ4FIS031FA4P.pcm /Users/geraltgraham/Codes/NeatPaste/app-macos/build/DerivedData/ModuleCache.noindex/DiskArbitration-1REFOO1OM35EHY2MHKW859X90.pcm /Users/geraltgraham/Codes/NeatPaste/app-macos/build/DerivedData/ModuleCache.noindex/Foundation-7OPZJOPFG18RWOECCV7LD58X9.pcm /Users/geraltgraham/Codes/NeatPaste/app-macos/build/DerivedData/ModuleCache.noindex/_Builtin_stddef-ETZACUZX3VID4PURFV0AZXRX6.pcm /Users/geraltgraham/Codes/NeatPaste/app-macos/build/DerivedData/ModuleCache.noindex/OpenGL-2X6H1X3F80SQ3B4Q6RBSE8FZC.pcm /Users/geraltgraham/Codes/NeatPaste/app-macos/build/DerivedData/ModuleCache.noindex/Metal-6PP64C1KZ1DL4ZJYNLNXTXS1P.pcm /Users/geraltgraham/Codes/NeatPaste/app-macos/build/DerivedData/ModuleCache.noindex/UniformTypeIdentifiers-8JR359HG4FOLAFOEEOCSIP5XR.pcm /Users/geraltgraham/Codes/NeatPaste/app-macos/build/DerivedData/Build/Intermediates.noindex/SwiftExplicitPrecompiledModules/Sparkle-1H6HA14J6QDDRW8JSO4OVLC5T.pcm /Users/geraltgraham/Codes/NeatPaste/app-macos/build/DerivedData/ModuleCache.noindex/IOSurface-EVNTRAUDVDH4ZXLTYNJPM5AHS.pcm /Users/geraltgraham/Codes/NeatPaste/app-macos/build/DerivedData/ModuleCache.noindex/ObjectiveC-3U2FOBRJIU0JY4JXX9F9B1RSZ.pcm /Users/geraltgraham/Codes/NeatPaste/app-macos/build/DerivedData/ModuleCache.noindex/simd-EB4RVBOD1UPQY4Q1O335GO7OO.pcm /Users/geraltgraham/Codes/NeatPaste/app-macos/build/DerivedData/ModuleCache.noindex/_Builtin_float-775ENTHTGI1625J4HDYRES4R8.pcm /Users/geraltgraham/Codes/NeatPaste/app-macos/build/DerivedData/ModuleCache.noindex/CFNetwork-AISK3PX9HZ2D2EYWZ12WXLB1T.pcm /Users/geraltgraham/Codes/NeatPaste/app-macos/build/DerivedData/ModuleCache.noindex/CoreData-BTKRDVOJ3RH6EVU9ZXI3SSIWC.pcm /Users/geraltgraham/Codes/NeatPaste/app-macos/build/DerivedData/ModuleCache.noindex/SwiftShims-25V4N239HWMOLHMEB4HOQ9662.pcm /Users/geraltgraham/Codes/NeatPaste/app-macos/build/DerivedData/ModuleCache.noindex/Carbon-D6GHANS7WT8O7XGQ71ZI1QVWQ.pcm /Users/geraltgraham/Codes/NeatPaste/app-macos/build/DerivedData/ModuleCache.noindex/libkern-29RUVLIAO372DP6AM2IC9LODP.pcm /Users/geraltgraham/Codes/NeatPaste/app-macos/build/DerivedData/ModuleCache.noindex/_DarwinFoundation1-DGVQCW6RHLF6YXSYOU4W6CJK8.pcm /Users/geraltgraham/Codes/NeatPaste/app-macos/build/DerivedData/ModuleCache.noindex/_Builtin_stdint-8N66O2OC0ITWVKY11EV3RDTSI.pcm /Users/geraltgraham/Codes/NeatPaste/app-macos/build/DerivedData/ModuleCache.noindex/IOKit-DSQYCTE1BXW255MHYV69M68L2.pcm /Users/geraltgraham/Codes/NeatPaste/app-macos/build/DerivedData/ModuleCache.noindex/os_workgroup-4RXVSRKTMN0KUM8F2WTE6IHYQ.pcm /Users/geraltgraham/Codes/NeatPaste/app-macos/build/DerivedData/ModuleCache.noindex/sys_types-BFXR4EXKHQ1ZJ49IILS72BW3C.pcm /Users/geraltgraham/Codes/NeatPaste/app-macos/build/DerivedData/ModuleCache.noindex/QuickLook-8HGV3C814DLF7QLVASWUOSLT2.pcm /Users/geraltgraham/Codes/NeatPaste/app-macos/build/DerivedData/ModuleCache.noindex/Symbols-BCMZ6FMSWTGNGSYP34GW05P88.pcm /Users/geraltgraham/Codes/NeatPaste/app-macos/build/DerivedData/ModuleCache.noindex/QuickLookUI-DPZLTAYJ2Q2KVIHBB8BHQ2EPI.pcm /Users/geraltgraham/Codes/NeatPaste/app-macos/build/DerivedData/ModuleCache.noindex/_Builtin_stdarg-PW37EOASY7SYROD9FZG4WMSI.pcm /Users/geraltgraham/Codes/NeatPaste/app-macos/build/DerivedData/ModuleCache.noindex/CoreText-D87CED89WF50HYA4L6CZEFJES.pcm /Users/geraltgraham/Codes/NeatPaste/app-macos/build/DerivedData/ModuleCache.noindex/_DarwinFoundation2-CI63WOOTMJGUA0FACQJUDG5G2.pcm /Users/geraltgraham/Codes/NeatPaste/app-macos/build/DerivedData/ModuleCache.noindex/_Builtin_inttypes-2TVP3ZGDDDZQWYM42L8928XWG.pcm /Users/geraltgraham/Codes/NeatPaste/app-macos/build/DerivedData/ModuleCache.noindex/CoreVideo-4VWMSQ8Y092BVYUWTZR0OEII7.pcm /Users/geraltgraham/Codes/NeatPaste/app-macos/build/DerivedData/ModuleCache.noindex/_Builtin_limits-D54OTDOVFVGTDOYNERH1F987T.pcm /Users/geraltgraham/Codes/NeatPaste/app-macos/build/DerivedData/ModuleCache.noindex/Security-1SHRZDE41QSGJWIZ8733HYMH3.pcm /Users/geraltgraham/Codes/NeatPaste/app-macos/build/DerivedData/ModuleCache.noindex/OSLog-5FG8TOCQ0QUFHNYY9I2EYLZNA.pcm /Users/geraltgraham/Codes/NeatPaste/app-macos/build/DerivedData/ModuleCache.noindex/_SwiftConcurrencyShims-3MN363L4TWWQ5OWZEOXJXSLJ.pcm /Users/geraltgraham/Codes/NeatPaste/app-macos/build/DerivedData/ModuleCache.noindex/os_object-1YGPTOZ5Z826Q1HRFRNF1ZQ7L.pcm /Users/geraltgraham/Codes/NeatPaste/app-macos/build/DerivedData/ModuleCache.noindex/_AvailabilityInternal-4ULJ2G6ZL53KWT5949ZEDVNHF.pcm /Users/geraltgraham/Codes/NeatPaste/app-macos/build/DerivedData/ModuleCache.noindex/SwiftUICore-EJMQ0OVQGHTNS43UW20G3U9OC.pcm /Users/geraltgraham/Codes/NeatPaste/app-macos/build/DerivedData/ModuleCache.noindex/CoreFoundation-DM750WO7P5X7YJ0YNLUY28BX4.pcm /Users/geraltgraham/Codes/NeatPaste/app-macos/build/DerivedData/ModuleCache.noindex/Darwin-12QOPA1GCKOJKUDUV78OFDP46.pcm /Users/geraltgraham/Codes/NeatPaste/app-macos/build/DerivedData/ModuleCache.noindex/ptrauth-1I8PKAHTFTS1Q8QZX0WUXYT8H.pcm /Users/geraltgraham/Codes/NeatPaste/app-macos/build/DerivedData/ModuleCache.noindex/DeveloperToolsSupport-2JTVMB0CPXC4FSFAKK51BR0HX.pcm /Users/geraltgraham/Codes/NeatPaste/app-macos/build/DerivedData/ModuleCache.noindex/_Builtin_stdbool-7FGGY7BJF0S8908LY28VN2HP8.pcm /Users/geraltgraham/Codes/NeatPaste/app-macos/build/DerivedData/ModuleCache.noindex/XPC-DVHUPQHZCTUSBH5FZWIC2NUNO.pcm /Users/geraltgraham/Codes/NeatPaste/app-macos/build/DerivedData/ModuleCache.noindex/CUPS-5U035GBGTJFXE8XHCN4QU0S2T.pcm /Users/geraltgraham/Codes/NeatPaste/app-macos/build/DerivedData/ModuleCache.noindex/SwiftUI-CER2ZT75EDI1577VFY34FLQTF.pcm /Users/geraltgraham/Codes/NeatPaste/app-macos/build/DerivedData/ModuleCache.noindex/os-JDQV8OSJH9DY8X7N4AVREUTP.pcm /Users/geraltgraham/Codes/NeatPaste/app-macos/build/DerivedData/ModuleCache.noindex/_Builtin_stdatomic-A53DK54I0GBLL66C0AG457E8C.pcm /Users/geraltgraham/Codes/NeatPaste/app-macos/build/DerivedData/ModuleCache.noindex/Accessibility-AENOS92NDTYBPZRLQ6FK5MEUX.pcm /Users/geraltgraham/Codes/NeatPaste/app-macos/build/DerivedData/ModuleCache.noindex/CoreTransferable-PF6JZETY4WRUWHCXYRHJYB4M.pcm /Users/geraltgraham/Codes/NeatPaste/app-macos/build/DerivedData/ModuleCache.noindex/LocalAuthentication-3F5OZYSXHWA1RCFXKTAOHWAO9.pcm /Users/geraltgraham/Codes/NeatPaste/app-macos/build/DerivedData/ModuleCache.noindex/MachO-4ZPXWTWVQUULIVL13GRX89DJ9.pcm /Users/geraltgraham/Codes/NeatPaste/app-macos/build/DerivedData/ModuleCache.noindex/ServiceManagement-8EGDKIYKGUCBKXVEXCKIN2BIL.pcm /Users/geraltgraham/Codes/NeatPaste/app-macos/build/DerivedData/ModuleCache.noindex/launch-8XZFPJHYDRC48BONAW7UMMR8Z.pcm /Users/geraltgraham/Codes/NeatPaste/app-macos/build/DerivedData/ModuleCache.noindex/ptrcheck-5S9FCCG6XIV8VIE2RRPAO30TF.pcm /Users/geraltgraham/Codes/NeatPaste/app-macos/build/DerivedData/ModuleCache.noindex/libDER-1A44UDEN97ZWY830UFPMMNQ40.pcm /Users/geraltgraham/Codes/NeatPaste/app-macos/build/DerivedData/ModuleCache.noindex/Spatial-BS8LC527977EN07T4MTBMTMMS.pcm /Users/geraltgraham/Codes/NeatPaste/app-macos/build/DerivedData/ModuleCache.noindex/ColorSync-6WOIO0K065XH5H0X9NWEIVK2T.pcm /Users/geraltgraham/Codes/NeatPaste/app-macos/build/DerivedData/ModuleCache.noindex/Dispatch-MGA61KPEIOUMZ99Y56R3DC6B.pcm /Users/geraltgraham/Codes/NeatPaste/app-macos/build/DerivedData/ModuleCache.noindex/CoreGraphics-BSDQU6ZIPJQICN4ROS9YB1MYL.pcm /Users/geraltgraham/Codes/NeatPaste/app-macos/build/DerivedData/ModuleCache.noindex/Cocoa-AS98W7XQV1FMNV370O2YNYQJT.pcm /Users/geraltgraham/Codes/NeatPaste/app-macos/build/DerivedData/ModuleCache.noindex/CoreServices-8TNWKKHRMBHDZECLT6MO6F2IF.pcm /Users/geraltgraham/Codes/NeatPaste/app-macos/build/DerivedData/ModuleCache.noindex/QuartzCore-7C7B8AXU7JHRJU8HJDEWZM36K.pcm /Users/geraltgraham/Codes/NeatPaste/app-macos/build/DerivedData/ModuleCache.noindex/ImageIO-20SY3QKOJLDLL946KE5O9G43G.pcm /Users/geraltgraham/Codes/NeatPaste/app-macos/build/DerivedData/ModuleCache.noindex/CoreImage-3JAQ0CM6I0Q7MX6EZ302JUUL7.pcm /Users/geraltgraham/Codes/NeatPaste/app-macos/build/DerivedData/ModuleCache.noindex/_Builtin_tgmath-F2GBX4RW1OVNBYTJ01ZTXJYGR.pcm /Users/geraltgraham/Codes/NeatPaste/app-macos/build/DerivedData/ModuleCache.noindex/PDFKit-9P0KOS81E2TZWUNBWXQ5R2P6S.pcm /Users/geraltgraham/Codes/NeatPaste/app-macos/build/DerivedData/ModuleCache.noindex/ApplicationServices-CUYAFM0KRFA1PMUR5LIKOZGK4.pcm /Users/geraltgraham/Codes/NeatPaste/app-macos/build/DerivedData/ModuleCache.noindex/_DarwinFoundation3-DU6B1O0PAAAG7VPQSR0A9VXGC.pcm /Users/geraltgraham/Codes/NeatPaste/app-macos/build/DerivedData/Build/Intermediates.noindex/NeatPaste.build/Release/NeatPaste.build/Objects-normal/arm64/NeatPaste-dependencies-2.json (in target 'NeatPaste' from project 'NeatPaste')

CompileSwift normal arm64 (in target 'NeatPaste' from project 'NeatPaste')
    cd /Users/geraltgraham/Codes/NeatPaste/app-macos
    

SwiftDriver\ Compilation NeatPaste normal x86_64 com.apple.xcode.tools.swift.compiler (in target 'NeatPaste' from project 'NeatPaste')
    cd /Users/geraltgraham/Codes/NeatPaste/app-macos
    builtin-Swift-Compilation -- /Applications/Xcode.app/Contents/Developer/Toolchains/XcodeDefault.xctoolchain/usr/bin/swiftc -module-name NeatPaste -O -whole-module-optimization -enforce-exclusivity\=checked @/Users/geraltgraham/Codes/NeatPaste/app-macos/build/DerivedData/Build/Intermediates.noindex/NeatPaste.build/Release/NeatPaste.build/Objects-normal/x86_64/NeatPaste.SwiftFileList -default-isolation\=MainActor -enable-upcoming-feature InferIsolatedConformances -enable-upcoming-feature NonisolatedNonsendingByDefault -enable-experimental-feature DebugDescriptionMacro -sdk /Applications/Xcode.app/Contents/Developer/Platforms/MacOSX.platform/Developer/SDKs/MacOSX26.2.sdk -target x86_64-apple-macos26.0 -g -module-cache-path /Users/geraltgraham/Codes/NeatPaste/app-macos/build/DerivedData/ModuleCache.noindex -Xfrontend -serialize-debugging-options -swift-version 6 -I /Users/geraltgraham/Codes/NeatPaste/app-macos/build/DerivedData/Build/Products/Release -F /Users/geraltgraham/Codes/NeatPaste/app-macos/build/DerivedData/Build/Products/Release/PackageFrameworks -F /Users/geraltgraham/Codes/NeatPaste/app-macos/build/DerivedData/Build/Products/Release/PackageFrameworks -F /Users/geraltgraham/Codes/NeatPaste/app-macos/build/DerivedData/Build/Products/Release/PackageFrameworks -F /Users/geraltgraham/Codes/NeatPaste/app-macos/build/DerivedData/Build/Products/Release/PackageFrameworks -F /Users/geraltgraham/Codes/NeatPaste/app-macos/build/DerivedData/Build/Products/Release/PackageFrameworks -F /Users/geraltgraham/Codes/NeatPaste/app-macos/build/DerivedData/Build/Products/Release -emit-localized-strings -emit-localized-strings-path /Users/geraltgraham/Codes/NeatPaste/app-macos/build/DerivedData/Build/Intermediates.noindex/NeatPaste.build/Release/NeatPaste.build/Objects-normal/x86_64 -c -num-threads 8 -Xcc -ivfsstatcache -Xcc /Users/geraltgraham/Codes/NeatPaste/app-macos/build/DerivedData/SDKStatCaches.noindex/macosx26.2-25C58-e8867d0c40613ffc63e0238af232dc5000fa09913b459cbbc988d1f6730289ae.sdkstatcache -output-file-map /Users/geraltgraham/Codes/NeatPaste/app-macos/build/DerivedData/Build/Intermediates.noindex/NeatPaste.build/Release/NeatPaste.build/Objects-normal/x86_64/NeatPaste-OutputFileMap.json -use-frontend-parseable-output -save-temps -no-color-diagnostics -explicit-module-build -module-cache-path /Users/geraltgraham/Codes/NeatPaste/app-macos/build/DerivedData/Build/Intermediates.noindex/SwiftExplicitPrecompiledModules -clang-scanner-module-cache-path /Users/geraltgraham/Codes/NeatPaste/app-macos/build/DerivedData/ModuleCache.noindex -sdk-module-cache-path /Users/geraltgraham/Codes/NeatPaste/app-macos/build/DerivedData/ModuleCache.noindex -serialize-diagnostics -emit-dependencies -emit-module -emit-module-path /Users/geraltgraham/Codes/NeatPaste/app-macos/build/DerivedData/Build/Intermediates.noindex/NeatPaste.build/Release/NeatPaste.build/Objects-normal/x86_64/NeatPaste.swiftmodule -validate-clang-modules-once -clang-build-session-file /Users/geraltgraham/Codes/NeatPaste/app-macos/build/DerivedData/ModuleCache.noindex/Session.modulevalidation -Xcc -I/Users/geraltgraham/Codes/NeatPaste/app-macos/build/DerivedData/Build/Intermediates.noindex/NeatPaste.build/Release/NeatPaste.build/swift-overrides.hmap -emit-const-values -Xfrontend -const-gather-protocols-file -Xfrontend /Users/geraltgraham/Codes/NeatPaste/app-macos/build/DerivedData/Build/Intermediates.noindex/NeatPaste.build/Release/NeatPaste.build/Objects-normal/x86_64/NeatPaste_const_extract_protocols.json -Xcc -iquote -Xcc /Users/geraltgraham/Codes/NeatPaste/app-macos/build/DerivedData/Build/Intermediates.noindex/NeatPaste.build/Release/NeatPaste.build/NeatPaste-generated-files.hmap -Xcc -I/Users/geraltgraham/Codes/NeatPaste/app-macos/build/DerivedData/Build/Intermediates.noindex/NeatPaste.build/Release/NeatPaste.build/NeatPaste-own-target-headers.hmap -Xcc -I/Users/geraltgraham/Codes/NeatPaste/app-macos/build/DerivedData/Build/Intermediates.noindex/NeatPaste.build/Release/NeatPaste.build/NeatPaste-all-non-framework-target-headers.hmap -Xcc -ivfsoverlay -Xcc /Users/geraltgraham/Codes/NeatPaste/app-macos/build/DerivedData/Build/Intermediates.noindex/NeatPaste.build/Release/NeatPaste-11287374e6b03c7c8aa12ea79f648c21-VFS/all-product-headers.yaml -Xcc -iquote -Xcc /Users/geraltgraham/Codes/NeatPaste/app-macos/build/DerivedData/Build/Intermediates.noindex/NeatPaste.build/Release/NeatPaste.build/NeatPaste-project-headers.hmap -Xcc -I/Users/geraltgraham/Codes/NeatPaste/app-macos/build/DerivedData/Build/Products/Release/include -Xcc -I/Users/geraltgraham/Codes/NeatPaste/app-macos/build/DerivedData/Build/Intermediates.noindex/NeatPaste.build/Release/NeatPaste.build/DerivedSources-normal/x86_64 -Xcc -I/Users/geraltgraham/Codes/NeatPaste/app-macos/build/DerivedData/Build/Intermediates.noindex/NeatPaste.build/Release/NeatPaste.build/DerivedSources/x86_64 -Xcc -I/Users/geraltgraham/Codes/NeatPaste/app-macos/build/DerivedData/Build/Intermediates.noindex/NeatPaste.build/Release/NeatPaste.build/DerivedSources -emit-objc-header -emit-objc-header-path /Users/geraltgraham/Codes/NeatPaste/app-macos/build/DerivedData/Build/Intermediates.noindex/NeatPaste.build/Release/NeatPaste.build/Objects-normal/x86_64/NeatPaste-Swift.h -working-directory /Users/geraltgraham/Codes/NeatPaste/app-macos -no-emit-module-separately-wmo

SwiftDriver\ Compilation NeatPaste normal arm64 com.apple.xcode.tools.swift.compiler (in target 'NeatPaste' from project 'NeatPaste')
    cd /Users/geraltgraham/Codes/NeatPaste/app-macos
    builtin-Swift-Compilation -- /Applications/Xcode.app/Contents/Developer/Toolchains/XcodeDefault.xctoolchain/usr/bin/swiftc -module-name NeatPaste -O -whole-module-optimization -enforce-exclusivity\=checked @/Users/geraltgraham/Codes/NeatPaste/app-macos/build/DerivedData/Build/Intermediates.noindex/NeatPaste.build/Release/NeatPaste.build/Objects-normal/arm64/NeatPaste.SwiftFileList -default-isolation\=MainActor -enable-upcoming-feature InferIsolatedConformances -enable-upcoming-feature NonisolatedNonsendingByDefault -enable-experimental-feature DebugDescriptionMacro -sdk /Applications/Xcode.app/Contents/Developer/Platforms/MacOSX.platform/Developer/SDKs/MacOSX26.2.sdk -target arm64-apple-macos26.0 -g -module-cache-path /Users/geraltgraham/Codes/NeatPaste/app-macos/build/DerivedData/ModuleCache.noindex -Xfrontend -serialize-debugging-options -swift-version 6 -I /Users/geraltgraham/Codes/NeatPaste/app-macos/build/DerivedData/Build/Products/Release -F /Users/geraltgraham/Codes/NeatPaste/app-macos/build/DerivedData/Build/Products/Release/PackageFrameworks -F /Users/geraltgraham/Codes/NeatPaste/app-macos/build/DerivedData/Build/Products/Release/PackageFrameworks -F /Users/geraltgraham/Codes/NeatPaste/app-macos/build/DerivedData/Build/Products/Release/PackageFrameworks -F /Users/geraltgraham/Codes/NeatPaste/app-macos/build/DerivedData/Build/Products/Release/PackageFrameworks -F /Users/geraltgraham/Codes/NeatPaste/app-macos/build/DerivedData/Build/Products/Release/PackageFrameworks -F /Users/geraltgraham/Codes/NeatPaste/app-macos/build/DerivedData/Build/Products/Release -emit-localized-strings -emit-localized-strings-path /Users/geraltgraham/Codes/NeatPaste/app-macos/build/DerivedData/Build/Intermediates.noindex/NeatPaste.build/Release/NeatPaste.build/Objects-normal/arm64 -c -num-threads 8 -Xcc -ivfsstatcache -Xcc /Users/geraltgraham/Codes/NeatPaste/app-macos/build/DerivedData/SDKStatCaches.noindex/macosx26.2-25C58-e8867d0c40613ffc63e0238af232dc5000fa09913b459cbbc988d1f6730289ae.sdkstatcache -output-file-map /Users/geraltgraham/Codes/NeatPaste/app-macos/build/DerivedData/Build/Intermediates.noindex/NeatPaste.build/Release/NeatPaste.build/Objects-normal/arm64/NeatPaste-OutputFileMap.json -use-frontend-parseable-output -save-temps -no-color-diagnostics -explicit-module-build -module-cache-path /Users/geraltgraham/Codes/NeatPaste/app-macos/build/DerivedData/Build/Intermediates.noindex/SwiftExplicitPrecompiledModules -clang-scanner-module-cache-path /Users/geraltgraham/Codes/NeatPaste/app-macos/build/DerivedData/ModuleCache.noindex -sdk-module-cache-path /Users/geraltgraham/Codes/NeatPaste/app-macos/build/DerivedData/ModuleCache.noindex -serialize-diagnostics -emit-dependencies -emit-module -emit-module-path /Users/geraltgraham/Codes/NeatPaste/app-macos/build/DerivedData/Build/Intermediates.noindex/NeatPaste.build/Release/NeatPaste.build/Objects-normal/arm64/NeatPaste.swiftmodule -validate-clang-modules-once -clang-build-session-file /Users/geraltgraham/Codes/NeatPaste/app-macos/build/DerivedData/ModuleCache.noindex/Session.modulevalidation -Xcc -I/Users/geraltgraham/Codes/NeatPaste/app-macos/build/DerivedData/Build/Intermediates.noindex/NeatPaste.build/Release/NeatPaste.build/swift-overrides.hmap -emit-const-values -Xfrontend -const-gather-protocols-file -Xfrontend /Users/geraltgraham/Codes/NeatPaste/app-macos/build/DerivedData/Build/Intermediates.noindex/NeatPaste.build/Release/NeatPaste.build/Objects-normal/arm64/NeatPaste_const_extract_protocols.json -Xcc -iquote -Xcc /Users/geraltgraham/Codes/NeatPaste/app-macos/build/DerivedData/Build/Intermediates.noindex/NeatPaste.build/Release/NeatPaste.build/NeatPaste-generated-files.hmap -Xcc -I/Users/geraltgraham/Codes/NeatPaste/app-macos/build/DerivedData/Build/Intermediates.noindex/NeatPaste.build/Release/NeatPaste.build/NeatPaste-own-target-headers.hmap -Xcc -I/Users/geraltgraham/Codes/NeatPaste/app-macos/build/DerivedData/Build/Intermediates.noindex/NeatPaste.build/Release/NeatPaste.build/NeatPaste-all-non-framework-target-headers.hmap -Xcc -ivfsoverlay -Xcc /Users/geraltgraham/Codes/NeatPaste/app-macos/build/DerivedData/Build/Intermediates.noindex/NeatPaste.build/Release/NeatPaste-11287374e6b03c7c8aa12ea79f648c21-VFS/all-product-headers.yaml -Xcc -iquote -Xcc /Users/geraltgraham/Codes/NeatPaste/app-macos/build/DerivedData/Build/Intermediates.noindex/NeatPaste.build/Release/NeatPaste.build/NeatPaste-project-headers.hmap -Xcc -I/Users/geraltgraham/Codes/NeatPaste/app-macos/build/DerivedData/Build/Products/Release/include -Xcc -I/Users/geraltgraham/Codes/NeatPaste/app-macos/build/DerivedData/Build/Intermediates.noindex/NeatPaste.build/Release/NeatPaste.build/DerivedSources-normal/arm64 -Xcc -I/Users/geraltgraham/Codes/NeatPaste/app-macos/build/DerivedData/Build/Intermediates.noindex/NeatPaste.build/Release/NeatPaste.build/DerivedSources/arm64 -Xcc -I/Users/geraltgraham/Codes/NeatPaste/app-macos/build/DerivedData/Build/Intermediates.noindex/NeatPaste.build/Release/NeatPaste.build/DerivedSources -emit-objc-header -emit-objc-header-path /Users/geraltgraham/Codes/NeatPaste/app-macos/build/DerivedData/Build/Intermediates.noindex/NeatPaste.build/Release/NeatPaste.build/Objects-normal/arm64/NeatPaste-Swift.h -working-directory /Users/geraltgraham/Codes/NeatPaste/app-macos -no-emit-module-separately-wmo

SwiftDriverJobDiscovery normal arm64 Compiling AccessibilityPermission.swift, AppDelegate.swift, AppPreferences.swift, ArrowKeyRepeat.swift, ClickThroughEater.swift, ClipboardContentIdentity.swift, ClipboardMonitor.swift, HistoryItem.swift, HistoryPanel.swift, HistoryPanelModel.swift, HistoryPanelView.swift, HistorySearch.swift, HistoryServing.swift, HistoryText.swift, HistoryThumbnail.swift, HotkeyManager.swift, InMemoryHistoryStore.swift, LaunchAtLoginManager.swift, NeatPasteApp.swift, PanelAnchor.swift, PanelGlassView.swift, PasteEngine.swift, PasteboardCapture.swift, PasteboardSnapshot.swift, PayloadVault.swift, PersistedHistoryRecord.swift, PreviewDismissHotkey.swift, QuickLookPreview.swift, RecoveryView.swift, RecoveryWindowController.swift, SettingsView.swift, SettingsWindowController.swift, StatusItemController.swift, TitledWindowActivation.swift, GeneratedAssetSymbols.swift (in target 'NeatPaste' from project 'NeatPaste')

SwiftDriver\ Compilation\ Requirements NeatPaste normal arm64 com.apple.xcode.tools.swift.compiler (in target 'NeatPaste' from project 'NeatPaste')
    cd /Users/geraltgraham/Codes/NeatPaste/app-macos
    builtin-Swift-Compilation-Requirements -- /Applications/Xcode.app/Contents/Developer/Toolchains/XcodeDefault.xctoolchain/usr/bin/swiftc -module-name NeatPaste -O -whole-module-optimization -enforce-exclusivity\=checked @/Users/geraltgraham/Codes/NeatPaste/app-macos/build/DerivedData/Build/Intermediates.noindex/NeatPaste.build/Release/NeatPaste.build/Objects-normal/arm64/NeatPaste.SwiftFileList -default-isolation\=MainActor -enable-upcoming-feature InferIsolatedConformances -enable-upcoming-feature NonisolatedNonsendingByDefault -enable-experimental-feature DebugDescriptionMacro -sdk /Applications/Xcode.app/Contents/Developer/Platforms/MacOSX.platform/Developer/SDKs/MacOSX26.2.sdk -target arm64-apple-macos26.0 -g -module-cache-path /Users/geraltgraham/Codes/NeatPaste/app-macos/build/DerivedData/ModuleCache.noindex -Xfrontend -serialize-debugging-options -swift-version 6 -I /Users/geraltgraham/Codes/NeatPaste/app-macos/build/DerivedData/Build/Products/Release -F /Users/geraltgraham/Codes/NeatPaste/app-macos/build/DerivedData/Build/Products/Release/PackageFrameworks -F /Users/geraltgraham/Codes/NeatPaste/app-macos/build/DerivedData/Build/Products/Release/PackageFrameworks -F /Users/geraltgraham/Codes/NeatPaste/app-macos/build/DerivedData/Build/Products/Release/PackageFrameworks -F /Users/geraltgraham/Codes/NeatPaste/app-macos/build/DerivedData/Build/Products/Release/PackageFrameworks -F /Users/geraltgraham/Codes/NeatPaste/app-macos/build/DerivedData/Build/Products/Release/PackageFrameworks -F /Users/geraltgraham/Codes/NeatPaste/app-macos/build/DerivedData/Build/Products/Release -emit-localized-strings -emit-localized-strings-path /Users/geraltgraham/Codes/NeatPaste/app-macos/build/DerivedData/Build/Intermediates.noindex/NeatPaste.build/Release/NeatPaste.build/Objects-normal/arm64 -c -num-threads 8 -Xcc -ivfsstatcache -Xcc /Users/geraltgraham/Codes/NeatPaste/app-macos/build/DerivedData/SDKStatCaches.noindex/macosx26.2-25C58-e8867d0c40613ffc63e0238af232dc5000fa09913b459cbbc988d1f6730289ae.sdkstatcache -output-file-map /Users/geraltgraham/Codes/NeatPaste/app-macos/build/DerivedData/Build/Intermediates.noindex/NeatPaste.build/Release/NeatPaste.build/Objects-normal/arm64/NeatPaste-OutputFileMap.json -use-frontend-parseable-output -save-temps -no-color-diagnostics -explicit-module-build -module-cache-path /Users/geraltgraham/Codes/NeatPaste/app-macos/build/DerivedData/Build/Intermediates.noindex/SwiftExplicitPrecompiledModules -clang-scanner-module-cache-path /Users/geraltgraham/Codes/NeatPaste/app-macos/build/DerivedData/ModuleCache.noindex -sdk-module-cache-path /Users/geraltgraham/Codes/NeatPaste/app-macos/build/DerivedData/ModuleCache.noindex -serialize-diagnostics -emit-dependencies -emit-module -emit-module-path /Users/geraltgraham/Codes/NeatPaste/app-macos/build/DerivedData/Build/Intermediates.noindex/NeatPaste.build/Release/NeatPaste.build/Objects-normal/arm64/NeatPaste.swiftmodule -validate-clang-modules-once -clang-build-session-file /Users/geraltgraham/Codes/NeatPaste/app-macos/build/DerivedData/ModuleCache.noindex/Session.modulevalidation -Xcc -I/Users/geraltgraham/Codes/NeatPaste/app-macos/build/DerivedData/Build/Intermediates.noindex/NeatPaste.build/Release/NeatPaste.build/swift-overrides.hmap -emit-const-values -Xfrontend -const-gather-protocols-file -Xfrontend /Users/geraltgraham/Codes/NeatPaste/app-macos/build/DerivedData/Build/Intermediates.noindex/NeatPaste.build/Release/NeatPaste.build/Objects-normal/arm64/NeatPaste_const_extract_protocols.json -Xcc -iquote -Xcc /Users/geraltgraham/Codes/NeatPaste/app-macos/build/DerivedData/Build/Intermediates.noindex/NeatPaste.build/Release/NeatPaste.build/NeatPaste-generated-files.hmap -Xcc -I/Users/geraltgraham/Codes/NeatPaste/app-macos/build/DerivedData/Build/Intermediates.noindex/NeatPaste.build/Release/NeatPaste.build/NeatPaste-own-target-headers.hmap -Xcc -I/Users/geraltgraham/Codes/NeatPaste/app-macos/build/DerivedData/Build/Intermediates.noindex/NeatPaste.build/Release/NeatPaste.build/NeatPaste-all-non-framework-target-headers.hmap -Xcc -ivfsoverlay -Xcc /Users/geraltgraham/Codes/NeatPaste/app-macos/build/DerivedData/Build/Intermediates.noindex/NeatPaste.build/Release/NeatPaste-11287374e6b03c7c8aa12ea79f648c21-VFS/all-product-headers.yaml -Xcc -iquote -Xcc /Users/geraltgraham/Codes/NeatPaste/app-macos/build/DerivedData/Build/Intermediates.noindex/NeatPaste.build/Release/NeatPaste.build/NeatPaste-project-headers.hmap -Xcc -I/Users/geraltgraham/Codes/NeatPaste/app-macos/build/DerivedData/Build/Products/Release/include -Xcc -I/Users/geraltgraham/Codes/NeatPaste/app-macos/build/DerivedData/Build/Intermediates.noindex/NeatPaste.build/Release/NeatPaste.build/DerivedSources-normal/arm64 -Xcc -I/Users/geraltgraham/Codes/NeatPaste/app-macos/build/DerivedData/Build/Intermediates.noindex/NeatPaste.build/Release/NeatPaste.build/DerivedSources/arm64 -Xcc -I/Users/geraltgraham/Codes/NeatPaste/app-macos/build/DerivedData/Build/Intermediates.noindex/NeatPaste.build/Release/NeatPaste.build/DerivedSources -emit-objc-header -emit-objc-header-path /Users/geraltgraham/Codes/NeatPaste/app-macos/build/DerivedData/Build/Intermediates.noindex/NeatPaste.build/Release/NeatPaste.build/Objects-normal/arm64/NeatPaste-Swift.h -working-directory /Users/geraltgraham/Codes/NeatPaste/app-macos -no-emit-module-separately-wmo

Copy /Users/geraltgraham/Codes/NeatPaste/app-macos/build/DerivedData/Build/Products/Release/NeatPaste.swiftmodule/arm64-apple-macos.swiftmodule /Users/geraltgraham/Codes/NeatPaste/app-macos/build/DerivedData/Build/Intermediates.noindex/NeatPaste.build/Release/NeatPaste.build/Objects-normal/arm64/NeatPaste.swiftmodule (in target 'NeatPaste' from project 'NeatPaste')
    cd /Users/geraltgraham/Codes/NeatPaste/app-macos
    builtin-copy -exclude .DS_Store -exclude CVS -exclude .svn -exclude .git -exclude .hg -resolve-src-symlinks -rename /Users/geraltgraham/Codes/NeatPaste/app-macos/build/DerivedData/Build/Intermediates.noindex/NeatPaste.build/Release/NeatPaste.build/Objects-normal/arm64/NeatPaste.swiftmodule /Users/geraltgraham/Codes/NeatPaste/app-macos/build/DerivedData/Build/Products/Release/NeatPaste.swiftmodule/arm64-apple-macos.swiftmodule

Copy /Users/geraltgraham/Codes/NeatPaste/app-macos/build/DerivedData/Build/Products/Release/NeatPaste.swiftmodule/arm64-apple-macos.abi.json /Users/geraltgraham/Codes/NeatPaste/app-macos/build/DerivedData/Build/Intermediates.noindex/NeatPaste.build/Release/NeatPaste.build/Objects-normal/arm64/NeatPaste.abi.json (in target 'NeatPaste' from project 'NeatPaste')
    cd /Users/geraltgraham/Codes/NeatPaste/app-macos
    builtin-copy -exclude .DS_Store -exclude CVS -exclude .svn -exclude .git -exclude .hg -resolve-src-symlinks -rename /Users/geraltgraham/Codes/NeatPaste/app-macos/build/DerivedData/Build/Intermediates.noindex/NeatPaste.build/Release/NeatPaste.build/Objects-normal/arm64/NeatPaste.abi.json /Users/geraltgraham/Codes/NeatPaste/app-macos/build/DerivedData/Build/Products/Release/NeatPaste.swiftmodule/arm64-apple-macos.abi.json

Copy /Users/geraltgraham/Codes/NeatPaste/app-macos/build/DerivedData/Build/Products/Release/NeatPaste.swiftmodule/Project/arm64-apple-macos.swiftsourceinfo /Users/geraltgraham/Codes/NeatPaste/app-macos/build/DerivedData/Build/Intermediates.noindex/NeatPaste.build/Release/NeatPaste.build/Objects-normal/arm64/NeatPaste.swiftsourceinfo (in target 'NeatPaste' from project 'NeatPaste')
    cd /Users/geraltgraham/Codes/NeatPaste/app-macos
    builtin-copy -exclude .DS_Store -exclude CVS -exclude .svn -exclude .git -exclude .hg -resolve-src-symlinks -rename /Users/geraltgraham/Codes/NeatPaste/app-macos/build/DerivedData/Build/Intermediates.noindex/NeatPaste.build/Release/NeatPaste.build/Objects-normal/arm64/NeatPaste.swiftsourceinfo /Users/geraltgraham/Codes/NeatPaste/app-macos/build/DerivedData/Build/Products/Release/NeatPaste.swiftmodule/Project/arm64-apple-macos.swiftsourceinfo

SwiftDriverJobDiscovery normal x86_64 Compiling AccessibilityPermission.swift, AppDelegate.swift, AppPreferences.swift, ArrowKeyRepeat.swift, ClickThroughEater.swift, ClipboardContentIdentity.swift, ClipboardMonitor.swift, HistoryItem.swift, HistoryPanel.swift, HistoryPanelModel.swift, HistoryPanelView.swift, HistorySearch.swift, HistoryServing.swift, HistoryText.swift, HistoryThumbnail.swift, HotkeyManager.swift, InMemoryHistoryStore.swift, LaunchAtLoginManager.swift, NeatPasteApp.swift, PanelAnchor.swift, PanelGlassView.swift, PasteEngine.swift, PasteboardCapture.swift, PasteboardSnapshot.swift, PayloadVault.swift, PersistedHistoryRecord.swift, PreviewDismissHotkey.swift, QuickLookPreview.swift, RecoveryView.swift, RecoveryWindowController.swift, SettingsView.swift, SettingsWindowController.swift, StatusItemController.swift, TitledWindowActivation.swift, GeneratedAssetSymbols.swift (in target 'NeatPaste' from project 'NeatPaste')

SwiftDriver\ Compilation\ Requirements NeatPaste normal x86_64 com.apple.xcode.tools.swift.compiler (in target 'NeatPaste' from project 'NeatPaste')
    cd /Users/geraltgraham/Codes/NeatPaste/app-macos
    builtin-Swift-Compilation-Requirements -- /Applications/Xcode.app/Contents/Developer/Toolchains/XcodeDefault.xctoolchain/usr/bin/swiftc -module-name NeatPaste -O -whole-module-optimization -enforce-exclusivity\=checked @/Users/geraltgraham/Codes/NeatPaste/app-macos/build/DerivedData/Build/Intermediates.noindex/NeatPaste.build/Release/NeatPaste.build/Objects-normal/x86_64/NeatPaste.SwiftFileList -default-isolation\=MainActor -enable-upcoming-feature InferIsolatedConformances -enable-upcoming-feature NonisolatedNonsendingByDefault -enable-experimental-feature DebugDescriptionMacro -sdk /Applications/Xcode.app/Contents/Developer/Platforms/MacOSX.platform/Developer/SDKs/MacOSX26.2.sdk -target x86_64-apple-macos26.0 -g -module-cache-path /Users/geraltgraham/Codes/NeatPaste/app-macos/build/DerivedData/ModuleCache.noindex -Xfrontend -serialize-debugging-options -swift-version 6 -I /Users/geraltgraham/Codes/NeatPaste/app-macos/build/DerivedData/Build/Products/Release -F /Users/geraltgraham/Codes/NeatPaste/app-macos/build/DerivedData/Build/Products/Release/PackageFrameworks -F /Users/geraltgraham/Codes/NeatPaste/app-macos/build/DerivedData/Build/Products/Release/PackageFrameworks -F /Users/geraltgraham/Codes/NeatPaste/app-macos/build/DerivedData/Build/Products/Release/PackageFrameworks -F /Users/geraltgraham/Codes/NeatPaste/app-macos/build/DerivedData/Build/Products/Release/PackageFrameworks -F /Users/geraltgraham/Codes/NeatPaste/app-macos/build/DerivedData/Build/Products/Release/PackageFrameworks -F /Users/geraltgraham/Codes/NeatPaste/app-macos/build/DerivedData/Build/Products/Release -emit-localized-strings -emit-localized-strings-path /Users/geraltgraham/Codes/NeatPaste/app-macos/build/DerivedData/Build/Intermediates.noindex/NeatPaste.build/Release/NeatPaste.build/Objects-normal/x86_64 -c -num-threads 8 -Xcc -ivfsstatcache -Xcc /Users/geraltgraham/Codes/NeatPaste/app-macos/build/DerivedData/SDKStatCaches.noindex/macosx26.2-25C58-e8867d0c40613ffc63e0238af232dc5000fa09913b459cbbc988d1f6730289ae.sdkstatcache -output-file-map /Users/geraltgraham/Codes/NeatPaste/app-macos/build/DerivedData/Build/Intermediates.noindex/NeatPaste.build/Release/NeatPaste.build/Objects-normal/x86_64/NeatPaste-OutputFileMap.json -use-frontend-parseable-output -save-temps -no-color-diagnostics -explicit-module-build -module-cache-path /Users/geraltgraham/Codes/NeatPaste/app-macos/build/DerivedData/Build/Intermediates.noindex/SwiftExplicitPrecompiledModules -clang-scanner-module-cache-path /Users/geraltgraham/Codes/NeatPaste/app-macos/build/DerivedData/ModuleCache.noindex -sdk-module-cache-path /Users/geraltgraham/Codes/NeatPaste/app-macos/build/DerivedData/ModuleCache.noindex -serialize-diagnostics -emit-dependencies -emit-module -emit-module-path /Users/geraltgraham/Codes/NeatPaste/app-macos/build/DerivedData/Build/Intermediates.noindex/NeatPaste.build/Release/NeatPaste.build/Objects-normal/x86_64/NeatPaste.swiftmodule -validate-clang-modules-once -clang-build-session-file /Users/geraltgraham/Codes/NeatPaste/app-macos/build/DerivedData/ModuleCache.noindex/Session.modulevalidation -Xcc -I/Users/geraltgraham/Codes/NeatPaste/app-macos/build/DerivedData/Build/Intermediates.noindex/NeatPaste.build/Release/NeatPaste.build/swift-overrides.hmap -emit-const-values -Xfrontend -const-gather-protocols-file -Xfrontend /Users/geraltgraham/Codes/NeatPaste/app-macos/build/DerivedData/Build/Intermediates.noindex/NeatPaste.build/Release/NeatPaste.build/Objects-normal/x86_64/NeatPaste_const_extract_protocols.json -Xcc -iquote -Xcc /Users/geraltgraham/Codes/NeatPaste/app-macos/build/DerivedData/Build/Intermediates.noindex/NeatPaste.build/Release/NeatPaste.build/NeatPaste-generated-files.hmap -Xcc -I/Users/geraltgraham/Codes/NeatPaste/app-macos/build/DerivedData/Build/Intermediates.noindex/NeatPaste.build/Release/NeatPaste.build/NeatPaste-own-target-headers.hmap -Xcc -I/Users/geraltgraham/Codes/NeatPaste/app-macos/build/DerivedData/Build/Intermediates.noindex/NeatPaste.build/Release/NeatPaste.build/NeatPaste-all-non-framework-target-headers.hmap -Xcc -ivfsoverlay -Xcc /Users/geraltgraham/Codes/NeatPaste/app-macos/build/DerivedData/Build/Intermediates.noindex/NeatPaste.build/Release/NeatPaste-11287374e6b03c7c8aa12ea79f648c21-VFS/all-product-headers.yaml -Xcc -iquote -Xcc /Users/geraltgraham/Codes/NeatPaste/app-macos/build/DerivedData/Build/Intermediates.noindex/NeatPaste.build/Release/NeatPaste.build/NeatPaste-project-headers.hmap -Xcc -I/Users/geraltgraham/Codes/NeatPaste/app-macos/build/DerivedData/Build/Products/Release/include -Xcc -I/Users/geraltgraham/Codes/NeatPaste/app-macos/build/DerivedData/Build/Intermediates.noindex/NeatPaste.build/Release/NeatPaste.build/DerivedSources-normal/x86_64 -Xcc -I/Users/geraltgraham/Codes/NeatPaste/app-macos/build/DerivedData/Build/Intermediates.noindex/NeatPaste.build/Release/NeatPaste.build/DerivedSources/x86_64 -Xcc -I/Users/geraltgraham/Codes/NeatPaste/app-macos/build/DerivedData/Build/Intermediates.noindex/NeatPaste.build/Release/NeatPaste.build/DerivedSources -emit-objc-header -emit-objc-header-path /Users/geraltgraham/Codes/NeatPaste/app-macos/build/DerivedData/Build/Intermediates.noindex/NeatPaste.build/Release/NeatPaste.build/Objects-normal/x86_64/NeatPaste-Swift.h -working-directory /Users/geraltgraham/Codes/NeatPaste/app-macos -no-emit-module-separately-wmo

SwiftMergeGeneratedHeaders /Users/geraltgraham/Codes/NeatPaste/app-macos/build/DerivedData/Build/Intermediates.noindex/NeatPaste.build/Release/NeatPaste.build/DerivedSources/NeatPaste-Swift.h /Users/geraltgraham/Codes/NeatPaste/app-macos/build/DerivedData/Build/Intermediates.noindex/NeatPaste.build/Release/NeatPaste.build/Objects-normal/arm64/NeatPaste-Swift.h /Users/geraltgraham/Codes/NeatPaste/app-macos/build/DerivedData/Build/Intermediates.noindex/NeatPaste.build/Release/NeatPaste.build/Objects-normal/x86_64/NeatPaste-Swift.h (in target 'NeatPaste' from project 'NeatPaste')
    cd /Users/geraltgraham/Codes/NeatPaste/app-macos
    builtin-swiftHeaderTool -arch arm64 /Users/geraltgraham/Codes/NeatPaste/app-macos/build/DerivedData/Build/Intermediates.noindex/NeatPaste.build/Release/NeatPaste.build/Objects-normal/arm64/NeatPaste-Swift.h -arch x86_64 /Users/geraltgraham/Codes/NeatPaste/app-macos/build/DerivedData/Build/Intermediates.noindex/NeatPaste.build/Release/NeatPaste.build/Objects-normal/x86_64/NeatPaste-Swift.h -o /Users/geraltgraham/Codes/NeatPaste/app-macos/build/DerivedData/Build/Intermediates.noindex/NeatPaste.build/Release/NeatPaste.build/DerivedSources/NeatPaste-Swift.h

Copy /Users/geraltgraham/Codes/NeatPaste/app-macos/build/DerivedData/Build/Products/Release/NeatPaste.swiftmodule/x86_64-apple-macos.swiftmodule /Users/geraltgraham/Codes/NeatPaste/app-macos/build/DerivedData/Build/Intermediates.noindex/NeatPaste.build/Release/NeatPaste.build/Objects-normal/x86_64/NeatPaste.swiftmodule (in target 'NeatPaste' from project 'NeatPaste')
    cd /Users/geraltgraham/Codes/NeatPaste/app-macos
    builtin-copy -exclude .DS_Store -exclude CVS -exclude .svn -exclude .git -exclude .hg -resolve-src-symlinks -rename /Users/geraltgraham/Codes/NeatPaste/app-macos/build/DerivedData/Build/Intermediates.noindex/NeatPaste.build/Release/NeatPaste.build/Objects-normal/x86_64/NeatPaste.swiftmodule /Users/geraltgraham/Codes/NeatPaste/app-macos/build/DerivedData/Build/Products/Release/NeatPaste.swiftmodule/x86_64-apple-macos.swiftmodule

Copy /Users/geraltgraham/Codes/NeatPaste/app-macos/build/DerivedData/Build/Products/Release/NeatPaste.swiftmodule/x86_64-apple-macos.abi.json /Users/geraltgraham/Codes/NeatPaste/app-macos/build/DerivedData/Build/Intermediates.noindex/NeatPaste.build/Release/NeatPaste.build/Objects-normal/x86_64/NeatPaste.abi.json (in target 'NeatPaste' from project 'NeatPaste')
    cd /Users/geraltgraham/Codes/NeatPaste/app-macos
    builtin-copy -exclude .DS_Store -exclude CVS -exclude .svn -exclude .git -exclude .hg -resolve-src-symlinks -rename /Users/geraltgraham/Codes/NeatPaste/app-macos/build/DerivedData/Build/Intermediates.noindex/NeatPaste.build/Release/NeatPaste.build/Objects-normal/x86_64/NeatPaste.abi.json /Users/geraltgraham/Codes/NeatPaste/app-macos/build/DerivedData/Build/Products/Release/NeatPaste.swiftmodule/x86_64-apple-macos.abi.json

Copy /Users/geraltgraham/Codes/NeatPaste/app-macos/build/DerivedData/Build/Products/Release/NeatPaste.swiftmodule/Project/x86_64-apple-macos.swiftsourceinfo /Users/geraltgraham/Codes/NeatPaste/app-macos/build/DerivedData/Build/Intermediates.noindex/NeatPaste.build/Release/NeatPaste.build/Objects-normal/x86_64/NeatPaste.swiftsourceinfo (in target 'NeatPaste' from project 'NeatPaste')
    cd /Users/geraltgraham/Codes/NeatPaste/app-macos
    builtin-copy -exclude .DS_Store -exclude CVS -exclude .svn -exclude .git -exclude .hg -resolve-src-symlinks -rename /Users/geraltgraham/Codes/NeatPaste/app-macos/build/DerivedData/Build/Intermediates.noindex/NeatPaste.build/Release/NeatPaste.build/Objects-normal/x86_64/NeatPaste.swiftsourceinfo /Users/geraltgraham/Codes/NeatPaste/app-macos/build/DerivedData/Build/Products/Release/NeatPaste.swiftmodule/Project/x86_64-apple-macos.swiftsourceinfo

Ld /Users/geraltgraham/Codes/NeatPaste/app-macos/build/DerivedData/Build/Intermediates.noindex/NeatPaste.build/Release/NeatPaste.build/Objects-normal/x86_64/Binary/NeatPaste normal x86_64 (in target 'NeatPaste' from project 'NeatPaste')
    cd /Users/geraltgraham/Codes/NeatPaste/app-macos
    /Applications/Xcode.app/Contents/Developer/Toolchains/XcodeDefault.xctoolchain/usr/bin/clang -Xlinker -reproducible -target x86_64-apple-macos26.0 -isysroot /Applications/Xcode.app/Contents/Developer/Platforms/MacOSX.platform/Developer/SDKs/MacOSX26.2.sdk -Os -L/Users/geraltgraham/Codes/NeatPaste/app-macos/build/DerivedData/Build/Intermediates.noindex/EagerLinkingTBDs/Release -L/Users/geraltgraham/Codes/NeatPaste/app-macos/build/DerivedData/Build/Products/Release -F/Users/geraltgraham/Codes/NeatPaste/app-macos/build/DerivedData/Build/Intermediates.noindex/EagerLinkingTBDs/Release -F/Users/geraltgraham/Codes/NeatPaste/app-macos/build/DerivedData/Build/Products/Release/PackageFrameworks -F/Users/geraltgraham/Codes/NeatPaste/app-macos/build/DerivedData/Build/Products/Release/PackageFrameworks -F/Users/geraltgraham/Codes/NeatPaste/app-macos/build/DerivedData/Build/Products/Release/PackageFrameworks -F/Users/geraltgraham/Codes/NeatPaste/app-macos/build/DerivedData/Build/Products/Release/PackageFrameworks -F/Users/geraltgraham/Codes/NeatPaste/app-macos/build/DerivedData/Build/Products/Release/PackageFrameworks -F/Users/geraltgraham/Codes/NeatPaste/app-macos/build/DerivedData/Build/Products/Release -filelist /Users/geraltgraham/Codes/NeatPaste/app-macos/build/DerivedData/Build/Intermediates.noindex/NeatPaste.build/Release/NeatPaste.build/Objects-normal/x86_64/NeatPaste.LinkFileList -Xlinker -rpath -Xlinker @executable_path/../Frameworks -Xlinker -object_path_lto -Xlinker /Users/geraltgraham/Codes/NeatPaste/app-macos/build/DerivedData/Build/Intermediates.noindex/NeatPaste.build/Release/NeatPaste.build/Objects-normal/x86_64/NeatPaste_lto.o -Xlinker -dependency_info -Xlinker /Users/geraltgraham/Codes/NeatPaste/app-macos/build/DerivedData/Build/Intermediates.noindex/NeatPaste.build/Release/NeatPaste.build/Objects-normal/x86_64/NeatPaste_dependency_info.dat -fobjc-link-runtime -L/Applications/Xcode.app/Contents/Developer/Toolchains/XcodeDefault.xctoolchain/usr/lib/swift/macosx -L/usr/lib/swift -Xlinker -add_ast_path -Xlinker /Users/geraltgraham/Codes/NeatPaste/app-macos/build/DerivedData/Build/Intermediates.noindex/NeatPaste.build/Release/NeatPaste.build/Objects-normal/x86_64/NeatPaste.swiftmodule @/Users/geraltgraham/Codes/NeatPaste/app-macos/build/DerivedData/Build/Intermediates.noindex/NeatPaste.build/Release/NeatPaste.build/Objects-normal/x86_64/NeatPaste-linker-args.resp -Wl,-no_warn_duplicate_libraries -Wl,-no_warn_duplicate_libraries -Wl,-no_warn_duplicate_libraries -Wl,-no_warn_duplicate_libraries -Wl,-no_warn_duplicate_libraries -framework Sparkle -framework Sparkle -Xlinker -no_adhoc_codesign -o /Users/geraltgraham/Codes/NeatPaste/app-macos/build/DerivedData/Build/Intermediates.noindex/NeatPaste.build/Release/NeatPaste.build/Objects-normal/x86_64/Binary/NeatPaste -Xlinker -add_ast_path -Xlinker /Users/geraltgraham/Codes/NeatPaste/app-macos/build/DerivedData/Build/Intermediates.noindex/MacKit.build/Release/MacKitCore.build/Objects-normal/x86_64/MacKitCore.swiftmodule @/Users/geraltgraham/Codes/NeatPaste/app-macos/build/DerivedData/Build/Intermediates.noindex/MacKit.build/Release/MacKitCore.build/Objects-normal/x86_64/MacKitCore-linker-args.resp -Xlinker -add_ast_path -Xlinker /Users/geraltgraham/Codes/NeatPaste/app-macos/build/DerivedData/Build/Intermediates.noindex/MacKit.build/Release/MacKitLaunchAtLogin.build/Objects-normal/x86_64/MacKitLaunchAtLogin.swiftmodule @/Users/geraltgraham/Codes/NeatPaste/app-macos/build/DerivedData/Build/Intermediates.noindex/MacKit.build/Release/MacKitLaunchAtLogin.build/Objects-normal/x86_64/MacKitLaunchAtLogin-linker-args.resp -Xlinker -add_ast_path -Xlinker /Users/geraltgraham/Codes/NeatPaste/app-macos/build/DerivedData/Build/Intermediates.noindex/MacKit.build/Release/MacKitLifecycle.build/Objects-normal/x86_64/MacKitLifecycle.swiftmodule @/Users/geraltgraham/Codes/NeatPaste/app-macos/build/DerivedData/Build/Intermediates.noindex/MacKit.build/Release/MacKitLifecycle.build/Objects-normal/x86_64/MacKitLifecycle-linker-args.resp -Xlinker -add_ast_path -Xlinker /Users/geraltgraham/Codes/NeatPaste/app-macos/build/DerivedData/Build/Intermediates.noindex/MacKit.build/Release/MacKitOverlay.build/Objects-normal/x86_64/MacKitOverlay.swiftmodule @/Users/geraltgraham/Codes/NeatPaste/app-macos/build/DerivedData/Build/Intermediates.noindex/MacKit.build/Release/MacKitOverlay.build/Objects-normal/x86_64/MacKitOverlay-linker-args.resp -Xlinker -add_ast_path -Xlinker /Users/geraltgraham/Codes/NeatPaste/app-macos/build/DerivedData/Build/Intermediates.noindex/MacKit.build/Release/MacKitUpdater.build/Objects-normal/x86_64/MacKitUpdater.swiftmodule @/Users/geraltgraham/Codes/NeatPaste/app-macos/build/DerivedData/Build/Intermediates.noindex/MacKit.build/Release/MacKitUpdater.build/Objects-normal/x86_64/MacKitUpdater-linker-args.resp

Ld /Users/geraltgraham/Codes/NeatPaste/app-macos/build/DerivedData/Build/Intermediates.noindex/NeatPaste.build/Release/NeatPaste.build/Objects-normal/arm64/Binary/NeatPaste normal arm64 (in target 'NeatPaste' from project 'NeatPaste')
    cd /Users/geraltgraham/Codes/NeatPaste/app-macos
    /Applications/Xcode.app/Contents/Developer/Toolchains/XcodeDefault.xctoolchain/usr/bin/clang -Xlinker -reproducible -target arm64-apple-macos26.0 -isysroot /Applications/Xcode.app/Contents/Developer/Platforms/MacOSX.platform/Developer/SDKs/MacOSX26.2.sdk -Os -L/Users/geraltgraham/Codes/NeatPaste/app-macos/build/DerivedData/Build/Intermediates.noindex/EagerLinkingTBDs/Release -L/Users/geraltgraham/Codes/NeatPaste/app-macos/build/DerivedData/Build/Products/Release -F/Users/geraltgraham/Codes/NeatPaste/app-macos/build/DerivedData/Build/Intermediates.noindex/EagerLinkingTBDs/Release -F/Users/geraltgraham/Codes/NeatPaste/app-macos/build/DerivedData/Build/Products/Release/PackageFrameworks -F/Users/geraltgraham/Codes/NeatPaste/app-macos/build/DerivedData/Build/Products/Release/PackageFrameworks -F/Users/geraltgraham/Codes/NeatPaste/app-macos/build/DerivedData/Build/Products/Release/PackageFrameworks -F/Users/geraltgraham/Codes/NeatPaste/app-macos/build/DerivedData/Build/Products/Release/PackageFrameworks -F/Users/geraltgraham/Codes/NeatPaste/app-macos/build/DerivedData/Build/Products/Release/PackageFrameworks -F/Users/geraltgraham/Codes/NeatPaste/app-macos/build/DerivedData/Build/Products/Release -filelist /Users/geraltgraham/Codes/NeatPaste/app-macos/build/DerivedData/Build/Intermediates.noindex/NeatPaste.build/Release/NeatPaste.build/Objects-normal/arm64/NeatPaste.LinkFileList -Xlinker -rpath -Xlinker @executable_path/../Frameworks -Xlinker -object_path_lto -Xlinker /Users/geraltgraham/Codes/NeatPaste/app-macos/build/DerivedData/Build/Intermediates.noindex/NeatPaste.build/Release/NeatPaste.build/Objects-normal/arm64/NeatPaste_lto.o -Xlinker -dependency_info -Xlinker /Users/geraltgraham/Codes/NeatPaste/app-macos/build/DerivedData/Build/Intermediates.noindex/NeatPaste.build/Release/NeatPaste.build/Objects-normal/arm64/NeatPaste_dependency_info.dat -fobjc-link-runtime -L/Applications/Xcode.app/Contents/Developer/Toolchains/XcodeDefault.xctoolchain/usr/lib/swift/macosx -L/usr/lib/swift -Xlinker -add_ast_path -Xlinker /Users/geraltgraham/Codes/NeatPaste/app-macos/build/DerivedData/Build/Intermediates.noindex/NeatPaste.build/Release/NeatPaste.build/Objects-normal/arm64/NeatPaste.swiftmodule @/Users/geraltgraham/Codes/NeatPaste/app-macos/build/DerivedData/Build/Intermediates.noindex/NeatPaste.build/Release/NeatPaste.build/Objects-normal/arm64/NeatPaste-linker-args.resp -Wl,-no_warn_duplicate_libraries -Wl,-no_warn_duplicate_libraries -Wl,-no_warn_duplicate_libraries -Wl,-no_warn_duplicate_libraries -Wl,-no_warn_duplicate_libraries -framework Sparkle -framework Sparkle -Xlinker -no_adhoc_codesign -o /Users/geraltgraham/Codes/NeatPaste/app-macos/build/DerivedData/Build/Intermediates.noindex/NeatPaste.build/Release/NeatPaste.build/Objects-normal/arm64/Binary/NeatPaste -Xlinker -add_ast_path -Xlinker /Users/geraltgraham/Codes/NeatPaste/app-macos/build/DerivedData/Build/Intermediates.noindex/MacKit.build/Release/MacKitCore.build/Objects-normal/arm64/MacKitCore.swiftmodule @/Users/geraltgraham/Codes/NeatPaste/app-macos/build/DerivedData/Build/Intermediates.noindex/MacKit.build/Release/MacKitCore.build/Objects-normal/arm64/MacKitCore-linker-args.resp -Xlinker -add_ast_path -Xlinker /Users/geraltgraham/Codes/NeatPaste/app-macos/build/DerivedData/Build/Intermediates.noindex/MacKit.build/Release/MacKitLaunchAtLogin.build/Objects-normal/arm64/MacKitLaunchAtLogin.swiftmodule @/Users/geraltgraham/Codes/NeatPaste/app-macos/build/DerivedData/Build/Intermediates.noindex/MacKit.build/Release/MacKitLaunchAtLogin.build/Objects-normal/arm64/MacKitLaunchAtLogin-linker-args.resp -Xlinker -add_ast_path -Xlinker /Users/geraltgraham/Codes/NeatPaste/app-macos/build/DerivedData/Build/Intermediates.noindex/MacKit.build/Release/MacKitLifecycle.build/Objects-normal/arm64/MacKitLifecycle.swiftmodule @/Users/geraltgraham/Codes/NeatPaste/app-macos/build/DerivedData/Build/Intermediates.noindex/MacKit.build/Release/MacKitLifecycle.build/Objects-normal/arm64/MacKitLifecycle-linker-args.resp -Xlinker -add_ast_path -Xlinker /Users/geraltgraham/Codes/NeatPaste/app-macos/build/DerivedData/Build/Intermediates.noindex/MacKit.build/Release/MacKitOverlay.build/Objects-normal/arm64/MacKitOverlay.swiftmodule @/Users/geraltgraham/Codes/NeatPaste/app-macos/build/DerivedData/Build/Intermediates.noindex/MacKit.build/Release/MacKitOverlay.build/Objects-normal/arm64/MacKitOverlay-linker-args.resp -Xlinker -add_ast_path -Xlinker /Users/geraltgraham/Codes/NeatPaste/app-macos/build/DerivedData/Build/Intermediates.noindex/MacKit.build/Release/MacKitUpdater.build/Objects-normal/arm64/MacKitUpdater.swiftmodule @/Users/geraltgraham/Codes/NeatPaste/app-macos/build/DerivedData/Build/Intermediates.noindex/MacKit.build/Release/MacKitUpdater.build/Objects-normal/arm64/MacKitUpdater-linker-args.resp

CreateUniversalBinary /Users/geraltgraham/Codes/NeatPaste/app-macos/build/DerivedData/Build/Products/Release/NeatPaste.app/Contents/MacOS/NeatPaste normal arm64\ x86_64 (in target 'NeatPaste' from project 'NeatPaste')
    cd /Users/geraltgraham/Codes/NeatPaste/app-macos
    /Applications/Xcode.app/Contents/Developer/Toolchains/XcodeDefault.xctoolchain/usr/bin/lipo -create /Users/geraltgraham/Codes/NeatPaste/app-macos/build/DerivedData/Build/Intermediates.noindex/NeatPaste.build/Release/NeatPaste.build/Objects-normal/arm64/Binary/NeatPaste /Users/geraltgraham/Codes/NeatPaste/app-macos/build/DerivedData/Build/Intermediates.noindex/NeatPaste.build/Release/NeatPaste.build/Objects-normal/x86_64/Binary/NeatPaste -output /Users/geraltgraham/Codes/NeatPaste/app-macos/build/DerivedData/Build/Products/Release/NeatPaste.app/Contents/MacOS/NeatPaste

GenerateDSYMFile /Users/geraltgraham/Codes/NeatPaste/app-macos/build/DerivedData/Build/Products/Release/NeatPaste.app.dSYM /Users/geraltgraham/Codes/NeatPaste/app-macos/build/DerivedData/Build/Products/Release/NeatPaste.app/Contents/MacOS/NeatPaste (in target 'NeatPaste' from project 'NeatPaste')
    cd /Users/geraltgraham/Codes/NeatPaste/app-macos
    /Applications/Xcode.app/Contents/Developer/Toolchains/XcodeDefault.xctoolchain/usr/bin/dsymutil /Users/geraltgraham/Codes/NeatPaste/app-macos/build/DerivedData/Build/Products/Release/NeatPaste.app/Contents/MacOS/NeatPaste -o /Users/geraltgraham/Codes/NeatPaste/app-macos/build/DerivedData/Build/Products/Release/NeatPaste.app.dSYM

CopySwiftLibs /Users/geraltgraham/Codes/NeatPaste/app-macos/build/DerivedData/Build/Products/Release/NeatPaste.app (in target 'NeatPaste' from project 'NeatPaste')
    cd /Users/geraltgraham/Codes/NeatPaste/app-macos
    builtin-swiftStdLibTool --copy --verbose --sign EF6CEF412676C14640AACB1ADDABE839D52AF6EE --Xcodesign --timestamp --scan-executable /Users/geraltgraham/Codes/NeatPaste/app-macos/build/DerivedData/Build/Products/Release/NeatPaste.app/Contents/MacOS/NeatPaste --scan-folder /Users/geraltgraham/Codes/NeatPaste/app-macos/build/DerivedData/Build/Products/Release/NeatPaste.app/Contents/Frameworks --scan-folder /Users/geraltgraham/Codes/NeatPaste/app-macos/build/DerivedData/Build/Products/Release/NeatPaste.app/Contents/PlugIns --scan-folder /Users/geraltgraham/Codes/NeatPaste/app-macos/build/DerivedData/Build/Products/Release/NeatPaste.app/Contents/Library/SystemExtensions --scan-folder /Users/geraltgraham/Codes/NeatPaste/app-macos/build/DerivedData/Build/Products/Release/NeatPaste.app/Contents/Extensions --platform macosx --toolchain /var/run/com.apple.security.cryptexd/mnt/com.apple.MobileAsset.MetalToolchain-v17.3.519.0.Mve7GT/Metal.xctoolchain --toolchain /Applications/Xcode.app/Contents/Developer/Toolchains/XcodeDefault.xctoolchain --destination /Users/geraltgraham/Codes/NeatPaste/app-macos/build/DerivedData/Build/Products/Release/NeatPaste.app/Contents/Frameworks --strip-bitcode --strip-bitcode-tool /Applications/Xcode.app/Contents/Developer/Toolchains/XcodeDefault.xctoolchain/usr/bin/bitcode_strip --emit-dependency-info /Users/geraltgraham/Codes/NeatPaste/app-macos/build/DerivedData/Build/Intermediates.noindex/NeatPaste.build/Release/NeatPaste.build/SwiftStdLibToolInputDependencies.dep --filter-for-swift-os

ExtractAppIntentsMetadata (in target 'NeatPaste' from project 'NeatPaste')
    cd /Users/geraltgraham/Codes/NeatPaste/app-macos
    /Applications/Xcode.app/Contents/Developer/Toolchains/XcodeDefault.xctoolchain/usr/bin/appintentsmetadataprocessor --toolchain-dir /var/run/com.apple.security.cryptexd/mnt/com.apple.MobileAsset.MetalToolchain-v17.3.519.0.Mve7GT/Metal.xctoolchain --module-name NeatPaste --sdk-root /Applications/Xcode.app/Contents/Developer/Platforms/MacOSX.platform/Developer/SDKs/MacOSX26.2.sdk --xcode-version 17C519 --platform-family macOS --deployment-target 26.0 --bundle-identifier com.x0c.NeatPaste --output /Users/geraltgraham/Codes/NeatPaste/app-macos/build/DerivedData/Build/Products/Release/NeatPaste.app/Contents/Resources --target-triple arm64-apple-macos26.0 --target-triple x86_64-apple-macos26.0 --binary-file /Users/geraltgraham/Codes/NeatPaste/app-macos/build/DerivedData/Build/Products/Release/NeatPaste.app/Contents/MacOS/NeatPaste --dependency-file /Users/geraltgraham/Codes/NeatPaste/app-macos/build/DerivedData/Build/Intermediates.noindex/NeatPaste.build/Release/NeatPaste.build/Objects-normal/arm64/NeatPaste_dependency_info.dat --dependency-file /Users/geraltgraham/Codes/NeatPaste/app-macos/build/DerivedData/Build/Intermediates.noindex/NeatPaste.build/Release/NeatPaste.build/Objects-normal/x86_64/NeatPaste_dependency_info.dat --stringsdata-file /Users/geraltgraham/Codes/NeatPaste/app-macos/build/DerivedData/Build/Intermediates.noindex/NeatPaste.build/Release/NeatPaste.build/Objects-normal/arm64/ExtractedAppShortcutsMetadata.stringsdata --stringsdata-file /Users/geraltgraham/Codes/NeatPaste/app-macos/build/DerivedData/Build/Intermediates.noindex/NeatPaste.build/Release/NeatPaste.build/Objects-normal/x86_64/ExtractedAppShortcutsMetadata.stringsdata --source-file-list /Users/geraltgraham/Codes/NeatPaste/app-macos/build/DerivedData/Build/Intermediates.noindex/NeatPaste.build/Release/NeatPaste.build/Objects-normal/arm64/NeatPaste.SwiftFileList --source-file-list /Users/geraltgraham/Codes/NeatPaste/app-macos/build/DerivedData/Build/Intermediates.noindex/NeatPaste.build/Release/NeatPaste.build/Objects-normal/x86_64/NeatPaste.SwiftFileList --metadata-file-list /Users/geraltgraham/Codes/NeatPaste/app-macos/build/DerivedData/Build/Intermediates.noindex/NeatPaste.build/Release/NeatPaste.build/NeatPaste.DependencyMetadataFileList --static-metadata-file-list /Users/geraltgraham/Codes/NeatPaste/app-macos/build/DerivedData/Build/Intermediates.noindex/NeatPaste.build/Release/NeatPaste.build/NeatPaste.DependencyStaticMetadataFileList --swift-const-vals-list /Users/geraltgraham/Codes/NeatPaste/app-macos/build/DerivedData/Build/Intermediates.noindex/NeatPaste.build/Release/NeatPaste.build/Objects-normal/arm64/NeatPaste.SwiftConstValuesFileList --swift-const-vals-list /Users/geraltgraham/Codes/NeatPaste/app-macos/build/DerivedData/Build/Intermediates.noindex/NeatPaste.build/Release/NeatPaste.build/Objects-normal/x86_64/NeatPaste.SwiftConstValuesFileList --compile-time-extraction --deployment-aware-processing --validate-assistant-intents --no-app-shortcuts-localization
2026-09-07 15:02:52.321 appintentsmetadataprocessor[70728:16097524] Starting appintentsmetadataprocessor export
2026-09-07 15:02:52.322 appintentsmetadataprocessor[70728:16097524] warning: Metadata extraction skipped. No AppIntents.framework dependency found.

CodeSign /Users/geraltgraham/Codes/NeatPaste/app-macos/build/DerivedData/Build/Products/Release/NeatPaste.app (in target 'NeatPaste' from project 'NeatPaste')
    cd /Users/geraltgraham/Codes/NeatPaste/app-macos
    
    Signing Identity:     "Developer ID Application: Zhichao Cao (SHZQ3MWP3B)"
    
    /usr/bin/codesign --force --sign EF6CEF412676C14640AACB1ADDABE839D52AF6EE --timestamp -o runtime --entitlements /Users/geraltgraham/Codes/NeatPaste/app-macos/build/DerivedData/Build/Intermediates.noindex/NeatPaste.build/Release/NeatPaste.build/NeatPaste.app.xcent --requirements \=designated\ \=\>\ anchor\ apple\ generic\ \ and\ identifier\ \"\$self.identifier\"\ and\ \(\(cert\ leaf\[field.1.2.840.113635.100.6.1.9\]\ exists\)\ or\ \(\ certificate\ 1\[field.1.2.840.113635.100.6.2.6\]\ exists\ and\ certificate\ leaf\[field.1.2.840.113635.100.6.1.13\]\ exists\ \ and\ certificate\ leaf\[subject.OU\]\ \=\ \"SHZQ3MWP3B\"\ \)\) --generate-entitlement-der /Users/geraltgraham/Codes/NeatPaste/app-macos/build/DerivedData/Build/Products/Release/NeatPaste.app

Validate /Users/geraltgraham/Codes/NeatPaste/app-macos/build/DerivedData/Build/Products/Release/NeatPaste.app (in target 'NeatPaste' from project 'NeatPaste')
    cd /Users/geraltgraham/Codes/NeatPaste/app-macos
    builtin-validationUtility /Users/geraltgraham/Codes/NeatPaste/app-macos/build/DerivedData/Build/Products/Release/NeatPaste.app -no-validate-extension -infoplist-subpath Contents/Info.plist

RegisterWithLaunchServices /Users/geraltgraham/Codes/NeatPaste/app-macos/build/DerivedData/Build/Products/Release/NeatPaste.app (in target 'NeatPaste' from project 'NeatPaste')
    cd /Users/geraltgraham/Codes/NeatPaste/app-macos
    /System/Library/Frameworks/CoreServices.framework/Versions/Current/Frameworks/LaunchServices.framework/Versions/Current/Support/lsregister -f -R -trusted /Users/geraltgraham/Codes/NeatPaste/app-macos/build/DerivedData/Build/Products/Release/NeatPaste.app

** BUILD SUCCEEDED **


[1;34m▶ 重签 Sparkle 内嵌可执行文件（Updater / Autoupdate / XPC 服务）[0m
/Users/geraltgraham/Codes/NeatPaste/app-macos/build/DerivedData/Build/Products/Release/NeatPaste.app/Contents/Frameworks/Sparkle.framework/Versions/B/XPCServices/Downloader.xpc: replacing existing signature
/Users/geraltgraham/Codes/NeatPaste/app-macos/build/DerivedData/Build/Products/Release/NeatPaste.app/Contents/Frameworks/Sparkle.framework/Versions/B/XPCServices/Installer.xpc: replacing existing signature
/Users/geraltgraham/Codes/NeatPaste/app-macos/build/DerivedData/Build/Products/Release/NeatPaste.app/Contents/Frameworks/Sparkle.framework/Versions/B/Updater.app: replacing existing signature
/Users/geraltgraham/Codes/NeatPaste/app-macos/build/DerivedData/Build/Products/Release/NeatPaste.app/Contents/Frameworks/Sparkle.framework/Versions/B/Autoupdate: replacing existing signature
/Users/geraltgraham/Codes/NeatPaste/app-macos/build/DerivedData/Build/Products/Release/NeatPaste.app/Contents/Frameworks/Sparkle.framework: replacing existing signature
/Users/geraltgraham/Codes/NeatPaste/app-macos/build/DerivedData/Build/Products/Release/NeatPaste.app: replacing existing signature

[1;34m▶ 校验签名、加固运行时与权限清单[0m

[1;34m▶ 提交苹果公证（应用本体），通常 1-5 分钟[0m
提交编号：4d9e23eb-4e3d-4487-8b9a-23596c6ba6b3（苹果排队中，慢的时候可能要几十分钟）

公证通过（已等待约 0 分钟）

[1;34m▶ 把公证票据装订进应用[0m
Processing: /Users/geraltgraham/Codes/NeatPaste/app-macos/build/DerivedData/Build/Products/Release/NeatPaste.app
Processing: /Users/geraltgraham/Codes/NeatPaste/app-macos/build/DerivedData/Build/Products/Release/NeatPaste.app
The staple and validate action worked!

[1;34m▶ 生成 Sparkle 签名更新包与 appcast[0m

[1;34m▶ 打包 dmg[0m

[1;34m▶ 公证 dmg 并装订票据[0m
提交编号：e5f06675-0a10-48b3-ac4a-236fd6298a66（苹果排队中，慢的时候可能要几十分钟）

公证通过（已等待约 0 分钟）
Processing: /Users/geraltgraham/Codes/NeatPaste/app-macos/build/NeatPaste-1.0.8.dmg
Processing: /Users/geraltgraham/Codes/NeatPaste/app-macos/build/NeatPaste-1.0.8.dmg
The staple and validate action worked!

[1;34m▶ 模拟首次打开做最终校验[0m
✓ 已产出可双击直接打开的 dmg：/Users/geraltgraham/Codes/NeatPaste/app-macos/build/NeatPaste-1.0.8.dmg

[1;34m▶ 提交改动并打 tag[0m
